{"type":"FeatureCollection", "features": [
{"type":"Feature","geometry":{"type":"Polygon","coordinates":[[[-71.4964758757131,44.9089427761235],[-71.4955724723416,44.9100553507148],[-71.4936457178573,44.9104112959521],[-71.4934239480758,44.9114069456278],[-71.4953262455408,44.9116498380181],[-71.4997319074114,44.9107418415982],[-71.5006492808916,44.9113617898617],[-71.5012337838489,44.9147207499279],[-71.5045637514742,44.9188816123525],[-71.5072253085719,44.9207761672569],[-71.50985974136,44.9240681115855],[-71.5119628029272,44.9247458463931],[-71.5126693309352,44.9261518936682],[-71.5158411262767,44.9266650278216],[-71.5155147649638,44.9283145658472],[-71.51328782427066,44.9289720091645],[-71.5137640078327,44.9299494709181],[-71.5159635126321,44.9312779432988],[-71.516240891489,44.9349791289375],[-71.5195725398606,44.9364445725919],[-71.5226502132721,44.9395852402543],[-71.5220228065256,44.9408012667815],[-71.5189325662115,44.93851456948242],[-71.516184,44.939861],[-71.5153005627993,44.9439839438495],[-71.518764611022,44.9447161126835],[-71.5190392990819,44.9455208895271],[-71.5170050556798,44.9470130237493],[-71.5170720326541,44.9483897756675],[-71.5193084021904,44.9489756529324],[-71.519543653156,44.9499323477065],[-71.5169129095761,44.9516239871086],[-71.5160555626131,44.9527761782805],[-71.5159782317152,44.9558770998484],[-71.5152641264238,44.958497308524],[-71.5164241449187,44.9621790477329],[-71.5164437601857,44.9642354204735],[-71.5192846199384,44.9632058360628],[-71.5231990646932,44.9635955559516],[-71.5243716654614,44.9644097932149],[-71.5220756161082,44.9659552978815],[-71.5184650569284,44.9669732988411],[-71.518948,44.967868],[-71.522507,44.966029],[-71.5240953872283,44.9672627190212],[-71.52191648697296,44.96908107034348],[-71.5247955287644,44.9693022255272],[-71.5265311092444,44.970573701327],[-71.5273687798799,44.9730117462051],[-71.5298818291298,44.9741306018316],[-71.531904,44.975971],[-71.53296913674373,44.97988891888727],[-71.534544,44.980617],[-71.5362581228996,44.9803751470115],[-71.5375522954685,44.9813127453994],[-71.5367387752859,44.9837749423334],[-71.53819,44.984371],[-71.540113,44.983661],[-71.541548190096,44.9842843290718],[-71.5414604615957,44.9852571589145],[-71.5387915882533,44.9872060631453],[-71.5390888201135,44.9887768538746],[-71.538144,44.989849],[-71.5338906545609,44.990457382079214],[-71.53388243332127,44.99176406615317],[-71.5370858446668,44.9925054050998],[-71.5369267363361,44.9937897007115],[-71.5318083421831,44.9986534755366],[-71.5285676226985,45.0005878388819],[-71.5241268624922,45.0024284443152],[-71.52160232401,45.0022692525552],[-71.5145319965712,45.004437599843],[-71.5091720018732,45.0079257059544],[-71.5044578393425,45.008396008264],[-71.5011875636768,45.0069538559782],[-71.498414,45.003941],[-71.4957126487276,45.0049011208289],[-71.4929570351365,45.0028054562106],[-71.4900931177495,45.0021209248301],[-71.4882216185414,45.000911227328],[-71.4869194033554,45.0022859233714],[-71.4810979324331,45.0023788280439],[-71.4801436812111,45.0030107440885],[-71.4795944730493,45.0058467077061],[-71.4784501751437,45.0087951384056],[-71.472984895377,45.0110441867631],[-71.4686055834835,45.0113737520252],[-71.4659955977556,45.0120441233772],[-71.46544780455,45.013635],[-71.499966,45.013331],[-71.501077,45.013452],[-71.572518,45.012507],[-71.612661,45.012724],[-71.64410370831595,45.01227821234105],[-71.6610270869152,45.0119105660612],[-71.6667299500767,45.0117050180555],[-71.69776548363383,45.0113140079452],[-71.7008535314388,45.0076092438749],[-71.6571096672014,44.9844148392536],[-71.6466353308878,44.9790645264238],[-71.6319393835698,44.9712147534269],[-71.6253607131863,44.9675314779182],[-71.5980438122615,44.953594105366],[-71.5982734608548,44.9532790533479],[-71.566638803921,44.9363657865309],[-71.5476218435712,44.9261185198721],[-71.5147569983992,44.9105230225659],[-71.5099478536764,44.9078519290079],[-71.5066434983399,44.9109612600053],[-71.5050868374358,44.9112629942249],[-71.5003785003214,44.9092231092595],[-71.4964758757131,44.9089427761235]]]},"properties":{"TOWNNAME":"Canaan"}},
{"type":"Feature","geometry":{"type":"Polygon","coordinates":[[[-72.8226498505432,44.9251707495335],[-72.8245529972868,44.9548949562816],[-72.8249611112518,44.962220729019],[-72.8268953259073,44.9805230523526],[-72.8282373468673,44.9901799075879],[-72.83220100899212,45.01644898540033],[-72.846986,45.016667],[-72.867111,45.016304],[-72.869074,45.0162],[-72.908674,45.015598],[-72.966868,45.014151],[-72.99322535688385,45.01472002886987],[-72.9809270034728,44.9648678554217],[-72.8996949373083,44.9347146829706],[-72.8223547980519,44.9204745843209],[-72.8226498505432,44.9251707495335]]]},"properties":{"TOWNNAME":"Franklin"}},
{"type":"Feature","geometry":{"type":"Polygon","coordinates":[[[-72.70185037308507,45.015614018947815],[-72.73390305587438,45.01583894055524],[-72.748171,45.015629],[-72.821306,45.016288],[-72.83220100899212,45.01644898540033],[-72.8282373468673,44.9901799075879],[-72.8268953259073,44.9805230523526],[-72.8249611112518,44.962220729019],[-72.8245529972868,44.9548949562816],[-72.8226498505432,44.9251707495335],[-72.7820249229882,44.9246048299903],[-72.7558548809453,44.9255885616937],[-72.7257314788139,44.9266263770521],[-72.7216220570974,44.9285391885415],[-72.7201641175167,44.9284642600772],[-72.7173524215902,44.9257063952994],[-72.7156920197894,44.9250236563634],[-72.7131872675385,44.92511888801],[-72.711404451829,44.9258534419198],[-72.7104805154579,44.9270995868593],[-72.6993458756225,44.9276044188461],[-72.6761609107606,44.928449634401],[-72.6816994617514,44.9474299335094],[-72.6880538043886,44.968614501747],[-72.70185037308507,45.015614018947815]]]},"properties":{"TOWNNAME":"Berkshire"}},
{"type":"Feature","geometry":{"type":"Polygon","coordinates":[[[-72.8996949373083,44.9347146829706],[-72.9809270034728,44.9648678554217],[-72.99322535688385,45.01472002886987],[-73.020962,45.015242],[-73.065351,45.015965],[-73.09081611444545,45.0153349849955],[-73.092262,45.011821],[-73.091415,45.008918],[-73.091697,45.002181],[-73.090713,45.000507],[-73.091235,44.994954],[-73.090132,44.994791],[-73.088996,44.996262],[-73.087132,44.996221],[-73.087261,44.992694],[-73.088389,44.988906],[-73.08958,44.988512],[-73.093216,44.985864],[-73.095942,44.985341],[-73.097136,44.986473],[-73.098935,44.986309],[-73.099207,44.983723],[-73.098498,44.981909],[-73.101984,44.982894],[-73.103526,44.982474],[-73.104472,44.980991],[-73.106126,44.98258],[-73.106959,44.980065],[-73.110086,44.979059],[-73.11252,44.975192],[-73.124119,44.973493],[-73.124373,44.972876],[-73.127679,44.972899],[-73.128153,44.974106],[-73.126994,44.977889],[-73.129839,44.976264],[-73.131207,44.975],[-73.132117,44.976437],[-73.133224,44.976145],[-73.134242,44.974626],[-73.135913,44.974406],[-73.138842,44.976196],[-73.143403,44.976031],[-73.146252,44.979395],[-73.146861,44.981696],[-73.145918,44.98249],[-73.142053,44.983467],[-73.135758,44.986313],[-73.137619,44.988166],[-73.138517,44.988271],[-73.141343,44.985616],[-73.143528,44.98486],[-73.145446,44.98485],[-73.147933,44.985638],[-73.148382,44.988499],[-73.14808,44.990281],[-73.146768,44.992136],[-73.145889,44.994787],[-73.144086,44.998138],[-73.140152,44.999149],[-73.138123,45.002775],[-73.139349,45.002611],[-73.141007,45.000069],[-73.140384,45.002078],[-73.138352,45.004278],[-73.136182,45.003635],[-73.137227,45.005556],[-73.135951,45.004729],[-73.13397,45.007501],[-73.13522,45.00857],[-73.141248,45.008011],[-73.143609,45.008819],[-73.145562,45.010278],[-73.144819,45.011547],[-73.146021,45.011483],[-73.147547,45.009044],[-73.149942,45.008976],[-73.151323,45.006631],[-73.151169,45.008033],[-73.154107,45.006402],[-73.155997,45.006166],[-73.159083,45.007566],[-73.160874,45.007775],[-73.16081044408794,45.00514855800272],[-73.1562513465868,45.0035871339319],[-73.1537293970545,45.0015481976793],[-73.1523707731106,44.9987357005433],[-73.1502116320422,44.9962247920494],[-73.1499949638453,44.9935390266704],[-73.1512815439087,44.9900126801904],[-73.1515408688462,44.9878298344407],[-73.1545309355015,44.9814326776469],[-73.1573024869988,44.9787593591386],[-73.1614142964788,44.9772500263848],[-73.1645139601099,44.9740410978924],[-73.1682258871827,44.9717326912579],[-73.1684744487648,44.9706929673459],[-73.1663248151342,44.9675703841473],[-73.1658346533123,44.9646469553842],[-73.1661702262544,44.958737346492],[-73.165318692219,44.9562296894831],[-73.1626458405639,44.9520465171773],[-73.1577920584241,44.9480074235958],[-73.155307472065,44.9466800869571],[-73.1453229959421,44.9436649556437],[-73.1401995216298,44.9406199131129],[-73.1245590335466,44.9350077954917],[-73.0554187216965,44.9106633669878],[-72.999542719652,44.9197272966113],[-72.8996949373083,44.9347146829706]]]},"properties":{"TOWNNAME":"Highgate"}},
{"type":"Feature","geometry":{"type":"Polygon","coordinates":[[[-72.55388864450744,45.00801704641413],[-72.5553993786935,45.0080275949716],[-72.5847514324966,45.0115775434965],[-72.6043028574812,45.013121982162],[-72.6346772831236,45.014696978713],[-72.70185037308507,45.015614018947815],[-72.6880538043886,44.968614501747],[-72.6816994617514,44.9474299335094],[-72.6761609107606,44.928449634401],[-72.6723925851998,44.9215488306179],[-72.6604578278427,44.922016161366],[-72.6479984632907,44.9223720610457],[-72.6271654279425,44.9231390174997],[-72.5413846217426,44.9259866281311],[-72.5365000698417,44.9261240851876],[-72.5385091777889,44.9354039353664],[-72.5455762418511,44.9695287263945],[-72.5512378545465,44.9965842657974],[-72.5524853325062,45.003002256095],[-72.55388864450744,45.00801704641413]]]},"properties":{"TOWNNAME":"Richford"}},
{"type":"Feature","geometry":{"type":"Polygon","coordinates":[[[-73.3079194013486,45.0113826247889],[-73.335274,45.010838],[-73.335769,45.009586],[-73.331689,45.001628],[-73.332711,44.999986],[-73.331827,44.998587],[-73.331966,44.996694],[-73.331038,44.995556],[-73.329561,44.995579],[-73.328415,44.993217],[-73.329251,44.991807],[-73.331902,44.990095],[-73.333896,44.989976],[-73.335493,44.990674],[-73.335961,44.991761],[-73.340802,44.992178],[-73.342275,44.989589],[-73.342045,44.986894],[-73.341247,44.985717],[-73.342174,44.98266],[-73.341748,44.981223],[-73.338588,44.984971],[-73.337142,44.985509],[-73.331754,44.985443],[-73.323737,44.984858],[-73.314691,44.983393],[-73.311011,44.982164],[-73.309559,44.980234],[-73.310224,44.976704],[-73.31017,44.97355],[-73.308091,44.972466],[-73.30731,44.970929],[-73.305416,44.97023],[-73.304397,44.967001],[-73.305503,44.96276],[-73.306029,44.958874],[-73.30579,44.955895],[-73.306764,44.951737],[-73.307947,44.950513],[-73.310605,44.945885],[-73.312305,44.941697],[-73.313146,44.938167],[-73.312683,44.9364],[-73.313309,44.932152],[-73.31025,44.930796],[-73.308621,44.928756],[-73.308405,44.925634],[-73.312645,44.917158],[-73.31395,44.913072],[-73.314143,44.910827],[-73.312954,44.90677],[-73.313849,44.904402],[-73.307496,44.903907],[-73.304732,44.902849],[-73.304223,44.899043],[-73.305312,44.895143],[-73.305096,44.891858],[-73.30289,44.888153],[-73.302145,44.885568],[-73.305109,44.881386],[-73.305089,44.880427],[-73.30883,44.875981],[-73.3081,44.875039],[-73.310199,44.873598],[-73.310747,44.871315],[-73.309582,44.867571],[-73.307646,44.868425],[-73.305987,44.867941],[-73.306088,44.866291],[-73.30461,44.865223],[-73.30365,44.865741],[-73.299654,44.864858],[-73.295503,44.863522],[-73.292685,44.862049],[-73.292081,44.860945],[-73.29305,44.855525],[-73.294443,44.853605],[-73.294922,44.850645],[-73.294521,44.84947],[-73.295031,44.846731],[-73.2972,44.843356],[-73.294298,44.847134],[-73.292625,44.848314],[-73.291671,44.85134],[-73.289536,44.855156],[-73.289613,44.856544],[-73.288246,44.85962],[-73.286217,44.861187],[-73.287134,44.862785],[-73.283466,44.869167],[-73.283338,44.870651],[-73.281071,44.874748],[-73.281402,44.876008],[-73.280567,44.878754],[-73.279131,44.881181],[-73.278937,44.883537],[-73.277384,44.886038],[-73.277389,44.88963],[-73.27799,44.891584],[-73.276096,44.896583],[-73.27244,44.902771],[-73.272771,44.905134],[-73.271696,44.906657],[-73.26975,44.907609],[-73.268351,44.91077],[-73.26865,44.913245],[-73.270195,44.911905],[-73.274394,44.913805],[-73.275698,44.915575],[-73.275843,44.917626],[-73.272891,44.922136],[-73.270071,44.922773],[-73.270325,44.923529],[-73.267513,44.925169],[-73.267789,44.926974],[-73.266537,44.928422],[-73.263509,44.928606],[-73.263168,44.929798],[-73.264594,44.933315],[-73.263033,44.934801],[-73.260113,44.935459],[-73.259346,44.937175],[-73.261377,44.938251],[-73.261909,44.93953],[-73.260347,44.940719],[-73.26124,44.94383],[-73.263569,44.948096],[-73.264448,44.950837],[-73.265063,44.954654],[-73.26295,44.957449],[-73.258151,44.958915],[-73.253898,44.960921],[-73.247263,44.961725],[-73.243895,44.962951],[-73.239301,44.962926],[-73.233119,44.966148],[-73.233326,44.967641],[-73.232179,44.969234],[-73.228663,44.972515],[-73.22852,44.973787],[-73.226864,44.974906],[-73.221217,44.973099],[-73.22115,44.973424],[-73.22654,44.97526],[-73.225548,44.976684],[-73.225681,44.978],[-73.223506,44.979785],[-73.224117,44.981455],[-73.220805,44.986333],[-73.218646,44.987581],[-73.218954,44.988842],[-73.217241,44.991223],[-73.21787,44.994672],[-73.217535,44.996066],[-73.215848,44.99703],[-73.215472,44.999198],[-73.212563,45.006327],[-73.212952,45.007094],[-73.209936,45.013084],[-73.226317,45.012763],[-73.272379,45.01207],[-73.3079194013486,45.0113826247889]]]},"properties":{"TOWNNAME":"Alburgh"}},
{"type":"Feature","geometry":{"type":"Polygon","coordinates":[[[-71.9119344847502,44.9446122799476],[-71.8916620857972,44.9450161399041],[-71.8745220254087,44.9453698884608],[-71.8460959885051,44.9460416058608],[-71.7961965824489,44.9470380136418],[-71.7522123631342,44.9477370861462],[-71.7008535314388,45.0076092438749],[-71.69776548363383,45.0113140079452],[-71.72383,45.011426],[-71.754113,45.011344],[-71.780253,45.010946],[-71.8049552460947,45.01046019265],[-71.8290277583976,45.0097434666346],[-71.89931171660169,45.00793703355574],[-71.9023005929622,44.9930514762626],[-71.9063949579308,44.972034737155],[-71.9119344847502,44.9446122799476]]]},"properties":{"TOWNNAME":"Norton"}},
{"type":"Feature","geometry":{"type":"Polygon","coordinates":[[[-71.6636950354592,44.8790074176171],[-71.6245108611357,44.9233674961798],[-71.5982734608548,44.9532790533479],[-71.5980438122615,44.953594105366],[-71.6253607131863,44.9675314779182],[-71.6319393835698,44.9712147534269],[-71.6466353308878,44.9790645264238],[-71.6571096672014,44.9844148392536],[-71.7008535314388,45.0076092438749],[-71.7522123631342,44.9477370861462],[-71.7665209713176,44.9311552135789],[-71.7495585246947,44.9224953745717],[-71.6636950354592,44.8790074176171]]]},"properties":{"TOWNNAME":"Averill"}},
{"type":"Feature","geometry":{"type":"Polygon","coordinates":[[[-71.89931171660169,45.00793703355574],[-71.913972,45.00762],[-71.929315,45.008066],[-71.945732,45.008292],[-71.955117,45.008093],[-72.007058,45.007171],[-72.02492,45.006765],[-72.05123930607269,45.00628099447341],[-72.0537027979419,44.9945221519731],[-72.0604527902502,44.9598763982611],[-72.0657822513673,44.9310012186567],[-72.0563534004678,44.931198947666],[-72.0179847460992,44.9316790349151],[-71.9996000095517,44.9319534306923],[-71.9697849715473,44.9325704759311],[-71.9558990382721,44.9326324055559],[-71.9141582310137,44.9330153288572],[-71.9119344847502,44.9446122799476],[-71.9063949579308,44.972034737155],[-71.9023005929622,44.9930514762626],[-71.89931171660169,45.00793703355574]]]},"properties":{"TOWNNAME":"Holland"}},
{"type":"Feature","geometry":{"type":"Polygon","coordinates":[[[-72.43331287682567,45.00794525289168],[-72.4504387996427,45.0085717607191],[-72.47899879635845,45.008838593024734],[-72.488316,45.00868],[-72.530853,45.007779],[-72.55388864450744,45.00801704641413],[-72.5524853325062,45.003002256095],[-72.5512378545465,44.9965842657974],[-72.5455762418511,44.9695287263945],[-72.5385091777889,44.9354039353664],[-72.5365000698417,44.9261240851876],[-72.4865136452845,44.9261868049337],[-72.4125693156533,44.9263354618645],[-72.4178263629904,44.9475008236623],[-72.4226084412364,44.9660538508958],[-72.4269345475347,44.9831379228349],[-72.43331287682567,45.00794525289168]]]},"properties":{"TOWNNAME":"Jay"}},
{"type":"Feature","geometry":{"type":"Polygon","coordinates":[[[-72.32923897160481,45.00479845667695],[-72.33394391783881,45.00507291187393],[-72.3686324369478,45.0062254107204],[-72.3790419929085,45.0063851029669],[-72.3880053821203,45.006269801177],[-72.43331287682567,45.00794525289168],[-72.4269345475347,44.9831379228349],[-72.4226084412364,44.9660538508958],[-72.4178263629904,44.9475008236623],[-72.4125693156533,44.9263354618645],[-72.4071638089861,44.8622622319138],[-72.4055074554027,44.8484609139573],[-72.4045029917389,44.8411445169352],[-72.371325589626,44.8415841286846],[-72.370342864156,44.8455047364546],[-72.3634451876404,44.8750525869232],[-72.3555229269191,44.9044769119352],[-72.34576793179,44.9410233736073],[-72.3368293638429,44.9753910846315],[-72.3315764394975,44.995955502729],[-72.32923897160481,45.00479845667695]]]},"properties":{"TOWNNAME":"Troy"}},
{"type":"Feature","geometry":{"type":"Polygon","coordinates":[[[-71.4964758757131,44.9089427761235],[-71.5003785003214,44.9092231092595],[-71.5050868374358,44.9112629942249],[-71.5066434983399,44.9109612600053],[-71.5099478536764,44.9078519290079],[-71.5147569983992,44.9105230225659],[-71.5476218435712,44.9261185198721],[-71.566638803921,44.9363657865309],[-71.5982734608548,44.9532790533479],[-71.6245108611357,44.9233674961798],[-71.6636950354592,44.8790074176171],[-71.6559325615142,44.8750960147526],[-71.6244977318802,44.8574316234806],[-71.6028885397878,44.846136560567],[-71.5927353753729,44.8407531162701],[-71.5717215056838,44.8297828877977],[-71.5617226685599,44.8244859710861],[-71.559404243621,44.8307613690517],[-71.5573950051459,44.8343471519313],[-71.5535615372034,44.8354179015313],[-71.5512380935967,44.8374628790746],[-71.5511781199584,44.8392290440784],[-71.5523112710762,44.8427765487571],[-71.5541344899166,44.84547981139],[-71.555990659625,44.8467880411937],[-71.5559857917067,44.84974989263],[-71.554456191888,44.8513848404659],[-71.5508167092311,44.85416679658],[-71.5479951557562,44.8551161772766],[-71.547745,44.857074],[-71.5501085317146,44.8594202063627],[-71.550596080562,44.8605099735929],[-71.5499667104604,44.8621428020208],[-71.5462240565955,44.8661830460152],[-71.5438845458638,44.8669516026287],[-71.5403633642596,44.8687077988322],[-71.5374130849382,44.8687401109341],[-71.5331304895562,44.870355579087],[-71.5307775579129,44.8728982349601],[-71.5290019367131,44.8741521683105],[-71.5293745450913,44.875686307636],[-71.5289003533277,44.8777989825414],[-71.5274599831381,44.8788176312404],[-71.5248137292149,44.8789006201977],[-71.5222278115792,44.8804872284477],[-71.5212378921046,44.8829739443736],[-71.5187520598666,44.8851493146177],[-71.51584674753379,44.884776512520475],[-71.5156002048351,44.8870943699508],[-71.5109875656458,44.8905487597988],[-71.5134450312238,44.8918895984126],[-71.5144766205264,44.8934627693535],[-71.5142382406675,44.8946702418796],[-71.508495674084,44.8964795906835],[-71.5076233536928,44.8996967337505],[-71.5037951345299,44.9014038603582],[-71.5008513459773,44.9048304387202],[-71.4992875513529,44.9049762941722],[-71.4967232344308,44.9037062000497],[-71.4950006661214,44.9047029684312],[-71.4963213045012,44.9071717042976],[-71.4964758757131,44.9089427761235]]]},"properties":{"TOWNNAME":"Lemington"}},
{"type":"Feature","geometry":{"type":"MultiPolygon","coordinates":[[[[-73.336166,44.838646],[-73.337423,44.839722],[-73.337035,44.841517],[-73.332065,44.844928],[-73.328126,44.850767],[-73.332199,44.85246],[-73.332469,44.85359],[-73.330849,44.855618],[-73.329292,44.856028],[-73.325142,44.85892],[-73.322774,44.862067],[-73.323044,44.863849],[-73.32205,44.865428],[-73.321942,44.867078],[-73.324758,44.866651],[-73.327358,44.86745],[-73.328137,44.869465],[-73.32519,44.871307],[-73.322869,44.874199],[-73.321075,44.878507],[-73.322248,44.879429],[-73.321824,44.880615],[-73.322928,44.881527],[-73.322295,44.884453],[-73.318491,44.89019],[-73.316222,44.893248],[-73.315188,44.895749],[-73.317574,44.898548],[-73.319773,44.899643],[-73.320222,44.901702],[-73.317674,44.902033],[-73.320099,44.902505],[-73.322495,44.901991],[-73.324507,44.904582],[-73.331918,44.904522],[-73.33419,44.905329],[-73.335478,44.907761],[-73.337556,44.909949],[-73.33915,44.909302],[-73.341848,44.907347],[-73.341786,44.908116],[-73.344129,44.906621],[-73.347001,44.901944],[-73.349216,44.90054],[-73.348435,44.898544],[-73.34865,44.895864],[-73.349875,44.892891],[-73.351726,44.890894],[-73.352944,44.887896],[-73.354377,44.885644],[-73.354569,44.883797],[-73.356958,44.878862],[-73.357264,44.875729],[-73.358639,44.873093],[-73.358977,44.871307],[-73.358227,44.869072],[-73.36006,44.86444],[-73.359147,44.860723],[-73.360334,44.858993],[-73.359904,44.857384],[-73.361161,44.852663],[-73.362895,44.850622],[-73.367182,44.848082],[-73.364056,44.846109],[-73.364418,44.845391],[-73.362374,44.844651],[-73.360259,44.842618],[-73.357428,44.840785],[-73.356878,44.838041],[-73.359414,44.836263],[-73.360063,44.834225],[-73.358139,44.833189],[-73.354322,44.832765],[-73.351907,44.830507],[-73.34701,44.828527],[-73.344415,44.828773],[-73.340573,44.830338],[-73.337634,44.832181],[-73.335425,44.83611],[-73.333258,44.837038],[-73.334315,44.838326],[-73.336166,44.838646]]],[[[-73.330767,44.835525],[-73.329752,44.834326],[-73.328988,44.83526],[-73.330767,44.835525]]]]},"properties":{"TOWNNAME":"Isle La Motte"}},
{"type":"Feature","geometry":{"type":"Polygon","coordinates":[[[-71.834283323337,44.8552316724491],[-71.8153543324285,44.8750567320349],[-71.7665209713176,44.9311552135789],[-71.7522123631342,44.9477370861462],[-71.7961965824489,44.9470380136418],[-71.8460959885051,44.9460416058608],[-71.8580959420537,44.8750715424701],[-71.8579659413842,44.8680396509384],[-71.834283323337,44.8552316724491]]]},"properties":{"TOWNNAME":"Avery's Gore"}},
{"type":"Feature","geometry":{"type":"Polygon","coordinates":[[[-71.8778584713016,44.8787714507816],[-71.8579659413842,44.8680396509384],[-71.8580959420537,44.8750715424701],[-71.8460959885051,44.9460416058608],[-71.8745220254087,44.9453698884608],[-71.8916620857972,44.9450161399041],[-71.8931410015229,44.9382868317773],[-71.902769082788,44.8922153256518],[-71.8876822456462,44.8841440260726],[-71.8778584713016,44.8787714507816]]]},"properties":{"TOWNNAME":"Warren's Gore"}},
{"type":"Feature","geometry":{"type":"Polygon","coordinates":[[[-71.9141582310137,44.9330153288572],[-71.9201464991141,44.9015349594281],[-71.902769082788,44.8922153256518],[-71.8931410015229,44.9382868317773],[-71.8916620857972,44.9450161399041],[-71.9119344847502,44.9446122799476],[-71.9141582310137,44.9330153288572]]]},"properties":{"TOWNNAME":"Warner's Grant"}},
{"type":"Feature","geometry":{"type":"Polygon","coordinates":[[[-72.8393332106718,44.8564172440506],[-72.8349388498025,44.8693936739532],[-72.8329060169198,44.8749904236979],[-72.8236977837139,44.8976261809696],[-72.8147684605609,44.9190964361255],[-72.8223547980519,44.9204745843209],[-72.8996949373083,44.9347146829706],[-72.999542719652,44.9197272966113],[-73.0554187216965,44.9106633669878],[-73.0363583458908,44.8870763645559],[-73.0014646657826,44.8822585612841],[-72.9990835336311,44.8817576782876],[-72.9572470557836,44.8750403655426],[-72.9346054613168,44.8718787497544],[-72.8829395500084,44.8642712095294],[-72.8628262001468,44.8606918004452],[-72.8393332106718,44.8564172440506]]]},"properties":{"TOWNNAME":"Sheldon"}},
{"type":"Feature","geometry":{"type":"Polygon","coordinates":[[[-71.8778584713016,44.8787714507816],[-71.8876822456462,44.8841440260726],[-71.902769082788,44.8922153256518],[-71.9201464991141,44.9015349594281],[-71.9141582310137,44.9330153288572],[-71.9558990382721,44.9326324055559],[-71.9697849715473,44.9325704759311],[-71.9996000095517,44.9319534306923],[-72.0179847460992,44.9316790349151],[-72.0563534004678,44.931198947666],[-72.0657822513673,44.9310012186567],[-72.0975480381747,44.9303549326358],[-72.0852708502913,44.923920266645],[-72.0674043172985,44.9143703574461],[-72.0590133047585,44.9098425607988],[-72.0416176935326,44.9002651248687],[-72.0290678393464,44.8937908928115],[-71.9995158646716,44.8782544460503],[-71.9938502574677,44.8750266986851],[-71.9320230698945,44.8430718917598],[-71.9199508533381,44.8369037508946],[-71.8980981597148,44.8588709660852],[-71.8898693038236,44.8670371422332],[-71.8778584713016,44.8787714507816]]]},"properties":{"TOWNNAME":"Morgan"}},
{"type":"Feature","geometry":{"type":"Polygon","coordinates":[[[-71.7304910151763,44.8004580029732],[-71.706993599283,44.8286393127876],[-71.7049529619986,44.8312249099259],[-71.6671880227943,44.8750677861693],[-71.6636950354592,44.8790074176171],[-71.7495585246947,44.9224953745717],[-71.7665209713176,44.9311552135789],[-71.8153543324285,44.8750567320349],[-71.834283323337,44.8552316724491],[-71.7658611303816,44.8190664308306],[-71.7494197708097,44.8103018572991],[-71.7415391963129,44.8062056640802],[-71.7304910151763,44.8004580029732]]]},"properties":{"TOWNNAME":"Lewis"}},
{"type":"Feature","geometry":{"type":"Polygon","coordinates":[[[-72.996833330378,44.8160130792166],[-72.9891397908878,44.8249885277771],[-72.9996210505524,44.8391520777005],[-73.008407508185,44.8515125129455],[-73.0014646657826,44.8822585612841],[-73.0363583458908,44.8870763645559],[-73.0554187216965,44.9106633669878],[-73.1245590335466,44.9350077954917],[-73.1401995216298,44.9406199131129],[-73.1453229959421,44.9436649556437],[-73.155307472065,44.9466800869571],[-73.1577920584241,44.9480074235958],[-73.1626458405639,44.9520465171773],[-73.165318692219,44.9562296894831],[-73.1661702262544,44.958737346492],[-73.1658346533123,44.9646469553842],[-73.1663248151342,44.9675703841473],[-73.1684744487648,44.9706929673459],[-73.1682258871827,44.9717326912579],[-73.1645139601099,44.9740410978924],[-73.1614142964788,44.9772500263848],[-73.1573024869988,44.9787593591386],[-73.1545309355015,44.9814326776469],[-73.1515408688462,44.9878298344407],[-73.1512815439087,44.9900126801904],[-73.1499949638453,44.9935390266704],[-73.1502116320422,44.9962247920494],[-73.1523707731106,44.9987357005433],[-73.1537293970545,45.0015481976793],[-73.1562513465868,45.0035871339319],[-73.16081044408794,45.00514855800272],[-73.160529,45.003804],[-73.157761,45.002202],[-73.15477,44.999872],[-73.153807,44.998074],[-73.154169,44.99511],[-73.156487,44.9958],[-73.158864,44.995464],[-73.15508,44.993365],[-73.154695,44.992422],[-73.155642,44.990671],[-73.155451,44.987569],[-73.156791,44.983823],[-73.157753,44.983002],[-73.156524,44.987429],[-73.156984,44.990366],[-73.155874,44.992077],[-73.156906,44.993934],[-73.158075,44.99353],[-73.159561,44.995084],[-73.159468,44.998431],[-73.163128,44.99385],[-73.164921,44.9908],[-73.16379,44.990143],[-73.165019,44.989222],[-73.165781,44.983639],[-73.167347,44.979825],[-73.167102,44.978723],[-73.165083,44.977588],[-73.166468,44.976696],[-73.167635,44.977674],[-73.170119,44.977102],[-73.170743,44.973619],[-73.171612,44.972254],[-73.175352,44.973053],[-73.174404,44.974226],[-73.175267,44.97528],[-73.174351,44.97698],[-73.17174,44.978761],[-73.171683,44.980867],[-73.169502,44.983685],[-73.170126,44.98608],[-73.169563,44.987095],[-73.171031,44.990812],[-73.176768,44.992799],[-73.181014,44.991499],[-73.182693,44.99148],[-73.184759,44.989006],[-73.186319,44.986425],[-73.186805,44.98424],[-73.189002,44.980949],[-73.190597,44.980596],[-73.192445,44.978627],[-73.193666,44.978855],[-73.195294,44.975922],[-73.198296,44.974408],[-73.200542,44.974524],[-73.200809,44.973176],[-73.201924,44.973202],[-73.202428,44.974615],[-73.204286,44.975206],[-73.206452,44.974276],[-73.208967,44.974013],[-73.208773,44.972014],[-73.211838,44.970656],[-73.219252,44.972812],[-73.219407,44.972559],[-73.212337,44.970416],[-73.213175,44.969321],[-73.216557,44.961106],[-73.218128,44.960212],[-73.221681,44.955726],[-73.221609,44.954104],[-73.225089,44.947177],[-73.226375,44.945316],[-73.227154,44.942628],[-73.227607,44.93758],[-73.226159,44.934893],[-73.225237,44.93446],[-73.226086,44.930185],[-73.225089,44.930404],[-73.222619,44.932502],[-73.222928,44.930238],[-73.220778,44.929881],[-73.215821,44.928408],[-73.214668,44.925824],[-73.215028,44.924107],[-73.21367,44.923181],[-73.209771,44.92388],[-73.206788,44.927569],[-73.205617,44.928199],[-73.204646,44.931177],[-73.201909,44.93473],[-73.19812,44.935764],[-73.193366,44.935928],[-73.187579,44.934958],[-73.186257,44.934996],[-73.180452,44.933729],[-73.176398,44.931674],[-73.171882,44.930171],[-73.168698,44.928423],[-73.162181,44.923296],[-73.160929,44.921156],[-73.161811,44.919185],[-73.162855,44.915052],[-73.164189,44.91433],[-73.164215,44.910163],[-73.166325,44.906799],[-73.166999,44.904537],[-73.166742,44.896129],[-73.168534,44.891306],[-73.170302,44.887405],[-73.172057,44.885605],[-73.17422583681704,44.8796378556533],[-73.1617634906981,44.8750740616069],[-73.1240616480722,44.8614806281874],[-73.0096740721948,44.821080217305],[-72.996833330378,44.8160130792166]]]},"properties":{"TOWNNAME":"Swanton"}},
{"type":"Feature","geometry":{"type":"MultiPolygon","coordinates":[[[[-73.212105,44.835188],[-73.211282,44.837034],[-73.212946,44.83796],[-73.213245,44.841512],[-73.215179,44.845175],[-73.218058,44.846682],[-73.220313,44.846911],[-73.222198,44.844622],[-73.225284,44.843432],[-73.22696,44.841212],[-73.227961,44.840796],[-73.230534,44.836456],[-73.233868,44.835337],[-73.23645,44.831263],[-73.237696,44.828244],[-73.238761,44.823206],[-73.23605,44.822701],[-73.235869,44.821032],[-73.234808,44.820255],[-73.233137,44.823106],[-73.227282,44.827993],[-73.225388,44.828603],[-73.226698,44.829722],[-73.2269,44.831309],[-73.225621,44.834066],[-73.22382,44.836109],[-73.220676,44.836587],[-73.21802,44.83619],[-73.217266,44.83395],[-73.215636,44.834762],[-73.212661,44.834049],[-73.212105,44.835188]]],[[[-73.306432,44.777589],[-73.303851,44.777804],[-73.302889,44.77658],[-73.301395,44.773175],[-73.299878,44.767904],[-73.298646,44.767093],[-73.296174,44.769424],[-73.293285,44.769359],[-73.292046,44.767468],[-73.290059,44.766389],[-73.292169,44.768329],[-73.293266,44.770709],[-73.293637,44.774734],[-73.292983,44.775943],[-73.290911,44.777224],[-73.288082,44.779935],[-73.287656,44.785132],[-73.287986,44.78817],[-73.286999,44.791072],[-73.289517,44.793617],[-73.288367,44.797267],[-73.288143,44.799723],[-73.287239,44.802197],[-73.286885,44.8047],[-73.287508,44.805281],[-73.287507,44.807991],[-73.286849,44.814017],[-73.290294,44.814131],[-73.289622,44.817204],[-73.287786,44.820661],[-73.283739,44.82195],[-73.280808,44.821602],[-73.281312,44.818475],[-73.280573,44.817618],[-73.277997,44.819321],[-73.276671,44.818765],[-73.276031,44.81966],[-73.27844,44.821549],[-73.277266,44.823559],[-73.275257,44.824532],[-73.276559,44.825128],[-73.275009,44.827018],[-73.274221,44.828959],[-73.269684,44.833666],[-73.267575,44.837901],[-73.267782,44.840267],[-73.267171,44.841617],[-73.26535,44.843379],[-73.264075,44.846216],[-73.259556,44.849488],[-73.259119,44.850772],[-73.259981,44.852531],[-73.25856,44.855116],[-73.259144,44.856313],[-73.256989,44.859746],[-73.253647,44.862969],[-73.249786,44.864722],[-73.249715,44.866665],[-73.250484,44.868378],[-73.249681,44.869107],[-73.250998,44.8711],[-73.252301,44.872011],[-73.250841,44.875223],[-73.247756,44.875518],[-73.245392,44.877181],[-73.245304,44.879168],[-73.242904,44.881933],[-73.236684,44.882002],[-73.233423,44.88107],[-73.232822,44.88025],[-73.232482,44.882078],[-73.231092,44.883541],[-73.231223,44.886706],[-73.232604,44.888263],[-73.233019,44.893329],[-73.232507,44.897372],[-73.231562,44.90112],[-73.232544,44.903467],[-73.23273,44.9101],[-73.233183,44.911425],[-73.235436,44.913373],[-73.235608,44.915703],[-73.239926,44.918479],[-73.240414,44.919558],[-73.239238,44.92112],[-73.243759,44.92051],[-73.245423,44.917551],[-73.248119,44.915702],[-73.250483,44.912646],[-73.250576,44.910667],[-73.25288,44.908209],[-73.253553,44.90641],[-73.256488,44.903169],[-73.258653,44.897445],[-73.260836,44.896083],[-73.26417,44.895908],[-73.266455,44.896735],[-73.267987,44.895008],[-73.268416,44.892408],[-73.269771,44.89084],[-73.270501,44.887961],[-73.271893,44.884399],[-73.273674,44.884683],[-73.272183,44.88331],[-73.272039,44.878978],[-73.272409,44.876827],[-73.271904,44.874578],[-73.273744,44.871397],[-73.273366,44.869541],[-73.272017,44.868315],[-73.271495,44.865412],[-73.270513,44.86745],[-73.270126,44.866574],[-73.270564,44.863825],[-73.272499,44.86212],[-73.27845,44.861304],[-73.279822,44.862572],[-73.282064,44.859449],[-73.283414,44.851247],[-73.285236,44.848416],[-73.286279,44.845155],[-73.284173,44.846006],[-73.283771,44.846968],[-73.280732,44.846994],[-73.278397,44.845109],[-73.275443,44.8461],[-73.27297,44.846094],[-73.270722,44.844593],[-73.270586,44.842993],[-73.268735,44.842825],[-73.268844,44.841935],[-73.270355,44.842886],[-73.270734,44.841739],[-73.272485,44.841257],[-73.272795,44.839385],[-73.274855,44.837175],[-73.274594,44.835595],[-73.273891,44.836975],[-73.271928,44.836575],[-73.274358,44.831608],[-73.274707,44.829466],[-73.275756,44.828348],[-73.27741,44.828042],[-73.278569,44.828908],[-73.27833,44.830349],[-73.281328,44.830687],[-73.282443,44.829638],[-73.2858,44.830907],[-73.286154,44.831785],[-73.288345,44.831112],[-73.29105,44.832804],[-73.291731,44.834068],[-73.293251,44.832974],[-73.295716,44.82921],[-73.297166,44.82767],[-73.299151,44.826502],[-73.297891,44.826208],[-73.297966,44.82445],[-73.300475,44.820747],[-73.301146,44.818929],[-73.304237,44.818876],[-73.30551,44.820119],[-73.304276,44.823424],[-73.305764,44.824818],[-73.301798,44.831794],[-73.301151,44.833567],[-73.298622,44.83329],[-73.300557,44.835466],[-73.302284,44.836676],[-73.299853,44.840171],[-73.300154,44.840308],[-73.303655,44.83531],[-73.305137,44.834562],[-73.30671,44.831849],[-73.307681,44.828532],[-73.311082,44.824356],[-73.311684,44.822009],[-73.31503,44.815295],[-73.313773,44.813746],[-73.312062,44.812807],[-73.311846,44.811562],[-73.312817,44.809807],[-73.311708,44.806485],[-73.313472,44.803383],[-73.312093,44.798411],[-73.313061,44.794119],[-73.315728,44.787538],[-73.319234,44.784925],[-73.319365,44.783325],[-73.321572,44.781786],[-73.324349,44.777713],[-73.323686,44.772887],[-73.324525,44.770906],[-73.323577,44.768218],[-73.321282,44.766213],[-73.319802,44.76589],[-73.318878,44.767469],[-73.31586,44.768015],[-73.313969,44.767208],[-73.313241,44.766176],[-73.313803,44.761431],[-73.316121,44.7593],[-73.316483,44.75579],[-73.316082,44.751526],[-73.315936,44.754337],[-73.314788,44.757601],[-73.313241,44.76077],[-73.312879,44.763001],[-73.31137,44.76514],[-73.310038,44.763806],[-73.307411,44.767264],[-73.306987,44.769261],[-73.308828,44.770489],[-73.308458,44.773658],[-73.306432,44.777589]]],[[[-73.259037,44.804891],[-73.256518,44.804727],[-73.25488,44.80648],[-73.252233,44.807898],[-73.249212,44.808995],[-73.247395,44.810655],[-73.244914,44.812088],[-73.244745,44.813495],[-73.246428,44.813786],[-73.247526,44.815473],[-73.249558,44.817088],[-73.250617,44.815799],[-73.256732,44.811464],[-73.258478,44.809483],[-73.259556,44.806988],[-73.259037,44.804891]]],[[[-73.25091,44.824405],[-73.252684,44.824018],[-73.252251,44.821748],[-73.250656,44.821647],[-73.25091,44.824405]]]]},"properties":{"TOWNNAME":"North Hero"}},
{"type":"Feature","geometry":{"type":"Polygon","coordinates":[[[-72.6761609107606,44.928449634401],[-72.6993458756225,44.9276044188461],[-72.7104805154579,44.9270995868593],[-72.711404451829,44.9258534419198],[-72.7131872675385,44.92511888801],[-72.7156920197894,44.9250236563634],[-72.7173524215902,44.9257063952994],[-72.7201641175167,44.9284642600772],[-72.7216220570974,44.9285391885415],[-72.7257314788139,44.9266263770521],[-72.7558548809453,44.9255885616937],[-72.7820249229882,44.9246048299903],[-72.8226498505432,44.9251707495335],[-72.8223547980519,44.9204745843209],[-72.8147684605609,44.9190964361255],[-72.8236977837139,44.8976261809696],[-72.8329060169198,44.8749904236979],[-72.8349388498025,44.8693936739532],[-72.8393332106718,44.8564172440506],[-72.8344847221832,44.8555368566346],[-72.8394762931052,44.8382125596555],[-72.7993592658015,44.8386913855608],[-72.791888529178,44.8390339645773],[-72.7789427924043,44.838909017314],[-72.7637560977811,44.8382703630756],[-72.7495890506054,44.8372898264507],[-72.7402172921768,44.8368169634216],[-72.6997877874289,44.8385029510246],[-72.6898695929023,44.8389888040296],[-72.6885314597517,44.8385666325793],[-72.6830386576013,44.8379317864974],[-72.6807150261894,44.8380525627743],[-72.6784346848921,44.8393761976461],[-72.6615535533126,44.8401024299068],[-72.6627884669447,44.849111899758],[-72.6650009703542,44.8665215458976],[-72.6667524884455,44.8786474728943],[-72.6675577283083,44.8851544324549],[-72.670468554932,44.906405323382],[-72.6723925851998,44.9215488306179],[-72.6761609107606,44.928449634401]]]},"properties":{"TOWNNAME":"Enosburgh"}},
{"type":"Feature","geometry":{"type":"Polygon","coordinates":[[[-72.4045029917389,44.8411445169352],[-72.4055074554027,44.8484609139573],[-72.4071638089861,44.8622622319138],[-72.4125693156533,44.9263354618645],[-72.4865136452845,44.9261868049337],[-72.5365000698417,44.9261240851876],[-72.5413846217426,44.9259866281311],[-72.5386324807881,44.8936821990631],[-72.5369892828554,44.8750039568626],[-72.5362152866125,44.867992118981],[-72.5332817340282,44.8340899822701],[-72.4831733603273,44.8345178020838],[-72.4618745872031,44.8346587308443],[-72.4038238906744,44.8351439269416],[-72.4045029917389,44.8411445169352]]]},"properties":{"TOWNNAME":"Westfield"}},
{"type":"Feature","geometry":{"type":"Polygon","coordinates":[[[-71.9748260972008,44.7872406255745],[-71.9544958676127,44.8061258588586],[-71.9487706296784,44.8115814274998],[-71.9368391018641,44.8225414204938],[-71.9293174459143,44.8296483253789],[-71.9199508533381,44.8369037508946],[-71.9320230698945,44.8430718917598],[-71.9938502574677,44.8750266986851],[-71.9995158646716,44.8782544460503],[-72.0290678393464,44.8937908928115],[-72.0416176935326,44.9002651248687],[-72.0590133047585,44.9098425607988],[-72.0674043172985,44.9143703574461],[-72.0820802918432,44.9001366290542],[-72.1081459535812,44.8750818196899],[-72.1194316611827,44.864420347292],[-72.0961243688199,44.8516953559734],[-72.0413015084501,44.822029234095],[-72.0326809224101,44.8174940085443],[-72.0025308328198,44.8020508972764],[-71.9995639470748,44.8002894370177],[-71.9822640051603,44.7910559581147],[-71.9748260972008,44.7872406255745]]]},"properties":{"TOWNNAME":"Charleston"}},
{"type":"Feature","geometry":{"type":"MultiPolygon","coordinates":[[[[-72.996833330378,44.8160130792166],[-73.0096740721948,44.821080217305],[-73.1240616480722,44.8614806281874],[-73.1617634906981,44.8750740616069],[-73.17422583681704,44.8796378556533],[-73.177492,44.876456],[-73.1805,44.871535],[-73.182654,44.871281],[-73.180616,44.87024],[-73.183204,44.859569],[-73.18323,44.855838],[-73.183748,44.851858],[-73.184466,44.850304],[-73.183671,44.843346],[-73.185104,44.834893],[-73.187047,44.83189],[-73.188382,44.830543],[-73.189775,44.823517],[-73.189492,44.822337],[-73.190484,44.819076],[-73.190471,44.815318],[-73.193168,44.811705],[-73.192053,44.809878],[-73.190761,44.812622],[-73.189598,44.813769],[-73.187854,44.816811],[-73.18548,44.817287],[-73.180025,44.81616],[-73.177741,44.815273],[-73.177192,44.813405],[-73.175599,44.814073],[-73.174723,44.812047],[-73.17334,44.813074],[-73.171619,44.812065],[-73.16972,44.809708],[-73.169628,44.808027],[-73.171588,44.807667],[-73.17087,44.804761],[-73.171896,44.802941],[-73.17398,44.801421],[-73.17671,44.801411],[-73.179875,44.802727],[-73.181526,44.798846],[-73.184657,44.797307],[-73.185508,44.79344],[-73.18671,44.791488],[-73.187914,44.788298],[-73.18702,44.78611],[-73.187265,44.784588],[-73.185273,44.783881],[-73.183614,44.782077],[-73.184075,44.779983],[-73.185488,44.77769],[-73.184238,44.778238],[-73.181931,44.77797],[-73.180901,44.779103],[-73.177779,44.780431],[-73.173883,44.779802],[-73.175592,44.781116],[-73.173603,44.785613],[-73.173849,44.790198],[-73.172729,44.793917],[-73.171853,44.794456],[-73.165831,44.794828],[-73.162478,44.796403],[-73.160092,44.797018],[-73.156201,44.806448],[-73.151931,44.810573],[-73.150271,44.810173],[-73.145706,44.809946],[-73.14217,44.80884],[-73.137149,44.805621],[-73.136625,44.804555],[-73.136921,44.800563],[-73.138286,44.794774],[-73.1395018342542,44.79279810257659],[-73.1245860121417,44.7871960607163],[-73.0848281247188,44.772997663696],[-72.9995834999355,44.8003983422691],[-72.9754027821304,44.8078580280361],[-72.996833330378,44.8160130792166]],[[-73.0813267106407,44.8229704795672],[-73.0809204314862,44.8250810056714],[-73.0752700612948,44.8239299022906],[-73.0752653753261,44.8204263376009],[-73.0682135567847,44.8185947926667],[-73.0710950985727,44.8146997810889],[-73.0701460853251,44.8129699573749],[-73.0708068090007,44.8097397983635],[-73.0736014705468,44.8040721112652],[-73.0727577946397,44.8028951813314],[-73.0751223494996,44.8036794005371],[-73.0754606417968,44.8011822133364],[-73.0791801554948,44.8013767801398],[-73.0796871175042,44.8007255916916],[-73.0835014540336,44.8019904818734],[-73.0849199062446,44.8000983772776],[-73.0876463434099,44.8010011946298],[-73.0896204959631,44.7992161927578],[-73.0934418474224,44.7945033726254],[-73.0951957901684,44.795043667151],[-73.0918644262766,44.7991816353563],[-73.0910993017418,44.8009491012243],[-73.0929002475516,44.8013977207703],[-73.0922660485205,44.80224525428],[-73.096085118162,44.8036290325829],[-73.0945230924361,44.8058509753128],[-73.1013744272481,44.8083698604393],[-73.1011155038651,44.8115130661013],[-73.0977111326604,44.8194031816649],[-73.0962242576843,44.8201143356247],[-73.0939162029764,44.8189629866698],[-73.0900536997009,44.8242445647148],[-73.0832882036621,44.8217450182245],[-73.0824518147599,44.8231063350645],[-73.0813267106407,44.8229704795672]]],[[[-73.212688,44.769545],[-73.213442,44.766496],[-73.211251,44.767461],[-73.20838,44.76801],[-73.204884,44.769796],[-73.202306,44.77039],[-73.200408,44.771418],[-73.199963,44.772977],[-73.197695,44.774089],[-73.194756,44.77493],[-73.194339,44.776057],[-73.19832,44.77563],[-73.197714,44.777466],[-73.199006,44.778476],[-73.204367,44.777795],[-73.205385,44.778],[-73.207688,44.776506],[-73.209695,44.774332],[-73.211156,44.774485],[-73.212688,44.769545]]],[[[-73.210829,44.801257],[-73.211681,44.799331],[-73.210885,44.796383],[-73.2091,44.796878],[-73.207205,44.798594],[-73.205729,44.803324],[-73.204615,44.804013],[-73.20613,44.80478],[-73.206905,44.80689],[-73.208753,44.808922],[-73.209853,44.80861],[-73.21122,44.806287],[-73.210454,44.804416],[-73.210829,44.801257]]],[[[-73.215522,44.761145],[-73.214947,44.762999],[-73.216758,44.761704],[-73.21678,44.760399],[-73.215522,44.761145]]]]},"properties":{"TOWNNAME":"Saint Albans Town"}},
{"type":"Feature","geometry":{"type":"Polygon","coordinates":[[[-72.0413015084501,44.822029234095],[-72.0961243688199,44.8516953559734],[-72.1194316611827,44.864420347292],[-72.1295608954933,44.8698248004742],[-72.1385904269263,44.874931063101],[-72.161208002684,44.8869100884418],[-72.1645200345322,44.881689564724],[-72.1678659009449,44.8770830296439],[-72.1698494294396,44.875061431245],[-72.1842385490283,44.8555053004672],[-72.1995448966312,44.8348616479591],[-72.1947986500014,44.8331520482338],[-72.2003625814977,44.8254294214428],[-72.1673922883934,44.813183659548],[-72.156547687604,44.8092767050271],[-72.1122661222481,44.7929336702508],[-72.0824141202307,44.7817410420513],[-72.0413015084501,44.822029234095]]]},"properties":{"TOWNNAME":"Brownington"}},
{"type":"Feature","geometry":{"type":"Polygon","coordinates":[[[-72.8614764378551,44.7385203770547],[-72.8518006763168,44.7696998676485],[-72.8481122386297,44.782861809074],[-72.8526414096958,44.7834669245949],[-72.8483497662514,44.7994096552254],[-72.8444734688745,44.8179807445045],[-72.8424913824532,44.8266296194476],[-72.8394762931052,44.8382125596555],[-72.8344847221832,44.8555368566346],[-72.8393332106718,44.8564172440506],[-72.8628262001468,44.8606918004452],[-72.8829395500084,44.8642712095294],[-72.9346054613168,44.8718787497544],[-72.9572470557836,44.8750403655426],[-72.9990835336311,44.8817576782876],[-73.0014646657826,44.8822585612841],[-73.008407508185,44.8515125129455],[-72.9996210505524,44.8391520777005],[-72.9891397908878,44.8249885277771],[-72.996833330378,44.8160130792166],[-72.9754027821304,44.8078580280361],[-72.9995834999355,44.8003983422691],[-73.0848281247188,44.772997663696],[-73.0047136379706,44.7605637882682],[-72.9813653818477,44.7566062952545],[-72.955216953911,44.75239595911],[-72.9381788133391,44.750091444685],[-72.9062551939159,44.745468859318],[-72.8794632448146,44.7413639536514],[-72.8746086642204,44.7405178708112],[-72.8658746294541,44.7393016157537],[-72.8614764378551,44.7385203770547]]]},"properties":{"TOWNNAME":"Fairfield"}},
{"type":"Feature","geometry":{"type":"Polygon","coordinates":[[[-71.5617226685599,44.8244859710861],[-71.5717215056838,44.8297828877977],[-71.5927353753729,44.8407531162701],[-71.6028885397878,44.846136560567],[-71.6244977318802,44.8574316234806],[-71.6559325615142,44.8750960147526],[-71.6636950354592,44.8790074176171],[-71.6671880227943,44.8750677861693],[-71.7049529619986,44.8312249099259],[-71.706993599283,44.8286393127876],[-71.7304910151763,44.8004580029732],[-71.6537126238278,44.7604537366998],[-71.6426912380207,44.7548119334654],[-71.6321967298464,44.7487540702109],[-71.6328123357249,44.7510354140596],[-71.6311185784116,44.7533192714749],[-71.6298351465176,44.7537857288075],[-71.6253352399117,44.7541015934246],[-71.623820192249,44.7553489423772],[-71.6186873630683,44.7570868441254],[-71.6167336190647,44.7568800704997],[-71.6132252839964,44.7590756389263],[-71.6137207140995,44.7618223864237],[-71.6130137880076,44.7621255641096],[-71.611695844571,44.7654727606124],[-71.6095356619924,44.7659422443705],[-71.6063576933842,44.767287517959],[-71.6033924252883,44.7693030907406],[-71.6016386732469,44.7727636423072],[-71.6003305184061,44.773721276151],[-71.5963250168863,44.7750503881304],[-71.5952426489361,44.7764271230514],[-71.5965876550999,44.7787139759369],[-71.5947025135461,44.7812633993934],[-71.5926627516784,44.7827829767612],[-71.5874473888594,44.7839389153799],[-71.5828249101826,44.7853452281823],[-71.5793605180142,44.7851264840192],[-71.5759386289578,44.7896345995698],[-71.5732733889341,44.790910654371],[-71.5727412379763,44.792827793439],[-71.5716664668484,44.793540507672],[-71.5731156372996,44.7974261534063],[-71.5732373410014,44.7994319290311],[-71.5705846845015,44.802812785165],[-71.5687004529716,44.8066379155902],[-71.5701889890261,44.8082929833171],[-71.5716656717844,44.8090216729258],[-71.5731791041195,44.8110101314084],[-71.5766237384247,44.8125071134889],[-71.5772521293999,44.8133741108803],[-71.5770826957398,44.8156108664026],[-71.5759178855667,44.8169109710922],[-71.5739185595035,44.8206043126369],[-71.572924020056,44.821289070186],[-71.5646601630158,44.8243920929138],[-71.5640757738207,44.8232872770924],[-71.5617226685599,44.8244859710861]]]},"properties":{"TOWNNAME":"Bloomfield"}},
{"type":"Feature","geometry":{"type":"Polygon","coordinates":[[[-71.834283323337,44.8552316724491],[-71.8579659413842,44.8680396509384],[-71.8778584713016,44.8787714507816],[-71.8898693038236,44.8670371422332],[-71.8980981597148,44.8588709660852],[-71.9199508533381,44.8369037508946],[-71.9293174459143,44.8296483253789],[-71.9368391018641,44.8225414204938],[-71.9487706296784,44.8115814274998],[-71.9544958676127,44.8061258588586],[-71.9748260972008,44.7872406255745],[-71.9392927371922,44.7694501314342],[-71.9350084257308,44.7672917511856],[-71.9022446067387,44.7500404002216],[-71.8915707193368,44.7446639784942],[-71.8745684980158,44.7359090125143],[-71.8574660923743,44.7269050840527],[-71.8346522997488,44.7500314324906],[-71.8072049706903,44.7741572987139],[-71.8102668835484,44.7796121260278],[-71.7658611303816,44.8190664308306],[-71.834283323337,44.8552316724491]]]},"properties":{"TOWNNAME":"Brighton"}},
{"type":"Feature","geometry":{"type":"Polygon","coordinates":[[[-72.2526383565333,44.752738355593],[-72.2365082464683,44.7753041338028],[-72.2144590425754,44.8056993633322],[-72.2003625814977,44.8254294214428],[-72.1947986500014,44.8331520482338],[-72.1995448966312,44.8348616479591],[-72.2203285279528,44.842247551332],[-72.2406006427861,44.8495627204366],[-72.2699701697258,44.860486127506],[-72.2976328211618,44.8705961616899],[-72.3087847677807,44.8750635993089],[-72.3318341514836,44.8421981859586],[-72.341763363004,44.8420377770834],[-72.3737341853878,44.797795132978],[-72.365249606944,44.7945887220725],[-72.3066868446259,44.7728587981356],[-72.2792753913571,44.7627115849272],[-72.2526383565333,44.752738355593]]]},"properties":{"TOWNNAME":"Irasburg"}},
{"type":"Feature","geometry":{"type":"Polygon","coordinates":[[[-72.4176732677628,44.7226889490266],[-72.4124542922496,44.7298446477645],[-72.393723191218,44.7559564331819],[-72.3745697749153,44.7818666754497],[-72.365249606944,44.7945887220725],[-72.3737341853878,44.797795132978],[-72.341763363004,44.8420377770834],[-72.3668240990818,44.8417059427962],[-72.371325589626,44.8415841286846],[-72.4045029917389,44.8411445169352],[-72.4038238906744,44.8351439269416],[-72.4618745872031,44.8346587308443],[-72.4831733603273,44.8345178020838],[-72.5332817340282,44.8340899822701],[-72.5383404054426,44.8280872884154],[-72.5515063100401,44.8129224161711],[-72.5790759157181,44.7809047847707],[-72.5611689005878,44.7744293000326],[-72.5201932561068,44.7597461608404],[-72.5008730048087,44.7526270966883],[-72.4995907798965,44.7522843258512],[-72.4847002503709,44.7468615571612],[-72.4224471271231,44.7244713197923],[-72.4176732677628,44.7226889490266]]]},"properties":{"TOWNNAME":"Lowell"}},
{"type":"Feature","geometry":{"type":"Polygon","coordinates":[[[-72.745791002551,44.7759124145602],[-72.7468518191978,44.7900986571367],[-72.7290992790786,44.8040487763259],[-72.6783804859472,44.802491638469],[-72.6784346848921,44.8393761976461],[-72.6807150261894,44.8380525627743],[-72.6830386576013,44.8379317864974],[-72.6885314597517,44.8385666325793],[-72.6898695929023,44.8389888040296],[-72.6997877874289,44.8385029510246],[-72.7402172921768,44.8368169634216],[-72.7495890506054,44.8372898264507],[-72.7637560977811,44.8382703630756],[-72.7789427924043,44.838909017314],[-72.791888529178,44.8390339645773],[-72.7993592658015,44.8386913855608],[-72.8394762931052,44.8382125596555],[-72.8424913824532,44.8266296194476],[-72.8444734688745,44.8179807445045],[-72.8483497662514,44.7994096552254],[-72.8526414096958,44.7834669245949],[-72.8481122386297,44.782861809074],[-72.8518006763168,44.7696998676485],[-72.8614764378551,44.7385203770547],[-72.8573564246834,44.7380346124587],[-72.8324640752244,44.7343869661337],[-72.7891480596337,44.7281012881267],[-72.7836606546113,44.7284102191154],[-72.7793899719734,44.7438412756251],[-72.774395209249,44.7431795362857],[-72.7685903708987,44.765000613075],[-72.7585515828663,44.7636496307196],[-72.7550480674647,44.777041738977],[-72.745791002551,44.7759124145602]]]},"properties":{"TOWNNAME":"Bakersfield"}},
{"type":"Feature","geometry":{"type":"Polygon","coordinates":[[[-73.0813267106407,44.8229704795672],[-73.0824518147599,44.8231063350645],[-73.0832882036621,44.8217450182245],[-73.0900536997009,44.8242445647148],[-73.0939162029764,44.8189629866698],[-73.0962242576843,44.8201143356247],[-73.0977111326604,44.8194031816649],[-73.1011155038651,44.8115130661013],[-73.1013744272481,44.8083698604393],[-73.0945230924361,44.8058509753128],[-73.096085118162,44.8036290325829],[-73.0922660485205,44.80224525428],[-73.0929002475516,44.8013977207703],[-73.0910993017418,44.8009491012243],[-73.0918644262766,44.7991816353563],[-73.0951957901684,44.795043667151],[-73.0934418474224,44.7945033726254],[-73.0896204959631,44.7992161927578],[-73.0876463434099,44.8010011946298],[-73.0849199062446,44.8000983772776],[-73.0835014540336,44.8019904818734],[-73.0796871175042,44.8007255916916],[-73.0791801554948,44.8013767801398],[-73.0754606417968,44.8011822133364],[-73.0751223494996,44.8036794005371],[-73.0727577946397,44.8028951813314],[-73.0736014705468,44.8040721112652],[-73.0708068090007,44.8097397983635],[-73.0701460853251,44.8129699573749],[-73.0710950985727,44.8146997810889],[-73.0682135567847,44.8185947926667],[-73.0752653753261,44.8204263376009],[-73.0752700612948,44.8239299022906],[-73.0809204314862,44.8250810056714],[-73.0813267106407,44.8229704795672]]]},"properties":{"TOWNNAME":"Saint Albans City"}},
{"type":"Feature","geometry":{"type":"Polygon","coordinates":[[[-71.9392927371922,44.7694501314342],[-71.9748260972008,44.7872406255745],[-71.9822640051603,44.7910559581147],[-71.9995639470748,44.8002894370177],[-72.0025308328198,44.8020508972764],[-72.0326809224101,44.8174940085443],[-72.0413015084501,44.822029234095],[-72.0824141202307,44.7817410420513],[-72.1012154086674,44.7632982722141],[-72.1095993164383,44.7549947690046],[-72.1143610943291,44.7498212014602],[-72.0897244626291,44.7376735643536],[-72.0521625862292,44.7189940832312],[-72.0268253995582,44.7064898080967],[-72.0114550390008,44.6988417172588],[-71.9995389566063,44.7110864187302],[-71.9912389849533,44.7188266750245],[-71.9750836685309,44.7346475550074],[-71.9514093634555,44.757495286499],[-71.9436237884881,44.7652994608576],[-71.9392927371922,44.7694501314342]]]},"properties":{"TOWNNAME":"Westmore"}},
{"type":"Feature","geometry":{"type":"Polygon","coordinates":[[[-71.6997622010654,44.721129323077],[-71.705935746569,44.7337851535837],[-71.7087595355354,44.7392401834357],[-71.7138825736381,44.7500111534368],[-71.7359071350348,44.793621861223],[-71.7415391963129,44.8062056640802],[-71.7494197708097,44.8103018572991],[-71.7658611303816,44.8190664308306],[-71.8102668835484,44.7796121260278],[-71.8072049706903,44.7741572987139],[-71.8346522997488,44.7500314324906],[-71.8574660923743,44.7269050840527],[-71.8370684789762,44.7163851114322],[-71.7849568189496,44.6902817016754],[-71.7751739021949,44.6853245915478],[-71.7566476232263,44.6761122304956],[-71.7495365961804,44.6723815594154],[-71.7353918434271,44.6652522788399],[-71.714419152191,44.6544425844964],[-71.6890936970953,44.6414762735969],[-71.6840154043859,44.6386190310258],[-71.6620832014222,44.6266822242885],[-71.6718756752488,44.6529750880893],[-71.6845662509232,44.683861628518],[-71.6997622010654,44.721129323077]]]},"properties":{"TOWNNAME":"Ferdinand"}},
{"type":"Feature","geometry":{"type":"Polygon","coordinates":[[[-71.5879372221335,44.6612596932967],[-71.5856459088875,44.6628865088015],[-71.5855157529922,44.6662807605998],[-71.5879119836427,44.6687716340117],[-71.5878370283935,44.6705192106853],[-71.5839344102347,44.6712371528597],[-71.5820752343071,44.6721408578435],[-71.5824550326681,44.6740148326805],[-71.5861756022857,44.6735705898099],[-71.588118803183,44.674119413205],[-71.59021,44.676349],[-71.5930125174798,44.6761636645464],[-71.5962697514858,44.6774323584351],[-71.5973578611877,44.6784957546758],[-71.5954305617565,44.6819924188616],[-71.596810937127,44.6827677328844],[-71.5977527610488,44.6846562661302],[-71.5990579997059,44.6850441744544],[-71.5988840655023,44.6876547991811],[-71.597339452765,44.6889165173538],[-71.5988369779471,44.6922370525811],[-71.5958977556458,44.6953567646665],[-71.5944089241145,44.6953616164938],[-71.5947850511145,44.6967123071057],[-71.5984891578795,44.6972297181406],[-71.6014291468371,44.6988053278812],[-71.6010353372364,44.7011713344146],[-71.5993987656567,44.702508485079],[-71.5993993365582,44.7044085615569],[-71.6013399165398,44.7065143384749],[-71.6042094356079,44.7074987979043],[-71.6060501752183,44.7091728355765],[-71.6089667172164,44.7137024647069],[-71.6126368669938,44.7167354770659],[-71.6146953709323,44.7177628598392],[-71.6171178232724,44.7210316326287],[-71.6191936875798,44.7220781467434],[-71.6175922011327,44.7287425539379],[-71.6198346646322,44.7284785483655],[-71.6235222374193,44.7269210949442],[-71.6248117645568,44.7271190661808],[-71.6266895490341,44.7286263859732],[-71.6267864544725,44.7318005571496],[-71.6253515378317,44.7373795209924],[-71.6268718358745,44.7403971078477],[-71.6269691253616,44.7424313663758],[-71.6256486048265,44.7433784920514],[-71.6274233385166,44.7469956433437],[-71.6321967298464,44.7487540702109],[-71.6426912380207,44.7548119334654],[-71.6537126238278,44.7604537366998],[-71.7304910151763,44.8004580029732],[-71.7415391963129,44.8062056640802],[-71.7359071350348,44.793621861223],[-71.7138825736381,44.7500111534368],[-71.7087595355354,44.7392401834357],[-71.705935746569,44.7337851535837],[-71.6997622010654,44.721129323077],[-71.6949441268276,44.7184569046576],[-71.6403570244734,44.6895055482923],[-71.6351004285379,44.6867905692729],[-71.6243633508501,44.6808307400768],[-71.6001160017408,44.6678523774683],[-71.5879372221335,44.6612596932967]]]},"properties":{"TOWNNAME":"Brunswick"}},
{"type":"Feature","geometry":{"type":"Polygon","coordinates":[[[-72.5978997756706,44.7870637773518],[-72.6167309213949,44.7958532929712],[-72.6135984750735,44.8004263079989],[-72.651704651282,44.8017056141331],[-72.6783804859472,44.802491638469],[-72.7290992790786,44.8040487763259],[-72.7468518191978,44.7900986571367],[-72.745791002551,44.7759124145602],[-72.7451345764279,44.7662761548921],[-72.7433979187452,44.7324234818669],[-72.7068959279197,44.7184813501824],[-72.6613868641139,44.7019326557568],[-72.6402375924563,44.7305357797399],[-72.6368133870745,44.7350844644015],[-72.6116909340177,44.7690416028689],[-72.5978997756706,44.7870637773518]]]},"properties":{"TOWNNAME":"Belvidere"}},
{"type":"Feature","geometry":{"type":"Polygon","coordinates":[[[-73.0380760786267,44.6511598459037],[-73.0399449963433,44.6560000554566],[-73.0549301874863,44.6938007654488],[-73.0580405932436,44.7017402855189],[-73.0696837032677,44.7329043885861],[-73.0763331635409,44.7500704863052],[-73.0848281247188,44.772997663696],[-73.1245860121417,44.7871960607163],[-73.1395018342542,44.79279810257659],[-73.142518,44.787637],[-73.144254,44.78645],[-73.146369,44.786178],[-73.147847,44.787444],[-73.148107,44.785774],[-73.150286,44.781587],[-73.150021,44.780021],[-73.151171,44.778037],[-73.154537,44.775859],[-73.157869,44.775192],[-73.158263,44.771701],[-73.15981,44.770205],[-73.16211,44.769112],[-73.162548,44.764784],[-73.163901,44.762826],[-73.167817,44.760768],[-73.170147,44.75887],[-73.173562,44.758533],[-73.174476,44.759534],[-73.176518,44.759139],[-73.179283,44.757454],[-73.180251,44.757456],[-73.182098,44.754825],[-73.182328,44.751629],[-73.184696,44.74843],[-73.192808,44.743481],[-73.195297,44.739879],[-73.199527,44.73071],[-73.201646,44.725549],[-73.204115,44.722279],[-73.205292,44.718071],[-73.206464,44.716541],[-73.20693687105245,44.71470776794964],[-73.1606837680909,44.6975186994346],[-73.1028251417075,44.6761648778296],[-73.0380760786267,44.6511598459037]]]},"properties":{"TOWNNAME":"Georgia"}},
{"type":"Feature","geometry":{"type":"Polygon","coordinates":[[[-72.3100796190991,44.6727983287654],[-72.2954217956461,44.6931577990083],[-72.2814482616156,44.7126572119797],[-72.2740216692839,44.7228772498765],[-72.2588650979498,44.7440569733744],[-72.2526383565333,44.752738355593],[-72.2792753913571,44.7627115849272],[-72.3066868446259,44.7728587981356],[-72.365249606944,44.7945887220725],[-72.3745697749153,44.7818666754497],[-72.393723191218,44.7559564331819],[-72.4124542922496,44.7298446477645],[-72.4176732677628,44.7226889490266],[-72.4236454990775,44.7146226199194],[-72.4117796180658,44.7101866015091],[-72.3808044838049,44.6989567347195],[-72.3426384328479,44.6848407361461],[-72.312495709081,44.6737554225358],[-72.3100796190991,44.6727983287654]]]},"properties":{"TOWNNAME":"Albany"}},
{"type":"Feature","geometry":{"type":"MultiPolygon","coordinates":[[[[-73.34897091807956,44.67724897378088],[-73.2950208016599,44.68200931481218],[-73.288807,44.687763],[-73.288007,44.689799],[-73.291324,44.692189],[-73.291788,44.694492],[-73.291067,44.696277],[-73.288715,44.697984],[-73.286826,44.702335],[-73.282425,44.706959],[-73.282765,44.707842],[-73.286187,44.708352],[-73.286528,44.709649],[-73.284112,44.711994],[-73.282614,44.71483],[-73.283198,44.717125],[-73.285406,44.718864],[-73.284861,44.721146],[-73.283909,44.722596],[-73.280979,44.725086],[-73.278795,44.725557],[-73.275395,44.725159],[-73.274921,44.722843],[-73.270289,44.72411],[-73.269383,44.723716],[-73.268773,44.726135],[-73.26696,44.730077],[-73.265811,44.731037],[-73.263845,44.730714],[-73.263761,44.728786],[-73.260861,44.727504],[-73.259079,44.729093],[-73.259912,44.73042],[-73.256269,44.730774],[-73.25447,44.732412],[-73.25771,44.734369],[-73.253989,44.737743],[-73.254385,44.741025],[-73.257247,44.743358],[-73.260127,44.743461],[-73.261797,44.744141],[-73.262516,44.745512],[-73.262016,44.750023],[-73.265524,44.752453],[-73.269325,44.752968],[-73.27262,44.755638],[-73.272006,44.759153],[-73.272284,44.760111],[-73.275625,44.761751],[-73.27481,44.765994],[-73.273463,44.767469],[-73.272918,44.76927],[-73.277169,44.770092],[-73.280201,44.768382],[-73.283963,44.768789],[-73.285868,44.767262],[-73.285801,44.76652],[-73.288471,44.764798],[-73.288938,44.763538],[-73.289307,44.759305],[-73.290022,44.755435],[-73.290068,44.753192],[-73.289226,44.751954],[-73.28897,44.749678],[-73.289784,44.748126],[-73.292397,44.746313],[-73.295481,44.745499],[-73.298249,44.745966],[-73.301464,44.747484],[-73.303234,44.749283],[-73.303441,44.750784],[-73.306606,44.753289],[-73.306807,44.75276],[-73.311655,44.750861],[-73.312609,44.748256],[-73.31494,44.748151],[-73.315853,44.750053],[-73.316135,44.744815],[-73.318275,44.74467],[-73.32218,44.742186],[-73.325426,44.742107],[-73.327987,44.744679],[-73.328766,44.742998],[-73.331846,44.739298],[-73.332193,44.73771],[-73.33353,44.736482],[-73.336777,44.731425],[-73.336893,44.729784],[-73.338131,44.726237],[-73.339748,44.723317],[-73.339751,44.721526],[-73.342896,44.71775],[-73.343589,44.714785],[-73.343461,44.712888],[-73.344486,44.711176],[-73.344541,44.708132],[-73.348405,44.704516],[-73.347661,44.702934],[-73.349047,44.701401],[-73.351435,44.70076],[-73.352471,44.696333],[-73.351945,44.693719],[-73.350799,44.691879],[-73.348313,44.689766],[-73.347954,44.688138],[-73.349615,44.68692],[-73.348467,44.684527],[-73.347832,44.681565],[-73.34897091807956,44.67724897378088]]],[[[-73.249749,44.694774],[-73.249029,44.690194],[-73.248258,44.689368],[-73.244796,44.689107],[-73.243185,44.690397],[-73.243082,44.692993],[-73.242415,44.693932],[-73.244359,44.694925],[-73.245008,44.697964],[-73.244185,44.70234],[-73.243079,44.705497],[-73.244281,44.707635],[-73.245372,44.707976],[-73.250292,44.707318],[-73.248246,44.70595],[-73.249074,44.704099],[-73.249097,44.699202],[-73.249749,44.694774]]],[[[-73.342293,44.74838],[-73.345008,44.747992],[-73.344774,44.747057],[-73.343192,44.746926],[-73.342293,44.74838]]],[[[-73.346234,44.739539],[-73.344287,44.740901],[-73.345414,44.74126],[-73.346899,44.740066],[-73.346234,44.739539]]]]},"properties":{"TOWNNAME":"Grand Isle"}},
{"type":"Feature","geometry":{"type":"Polygon","coordinates":[[[-72.7068959279197,44.7184813501824],[-72.7433979187452,44.7324234818669],[-72.7451345764279,44.7662761548921],[-72.745791002551,44.7759124145602],[-72.7550480674647,44.777041738977],[-72.7585515828663,44.7636496307196],[-72.7685903708987,44.765000613075],[-72.774395209249,44.7431795362857],[-72.7793899719734,44.7438412756251],[-72.7836606546113,44.7284102191154],[-72.7888257762186,44.7091492033321],[-72.793220816136,44.6906781033194],[-72.7845361350796,44.6876135456038],[-72.7552653170049,44.6768856286674],[-72.7400101781748,44.6711801196188],[-72.7182616916864,44.7021950286083],[-72.7068959279197,44.7184813501824]]]},"properties":{"TOWNNAME":"Waterville"}},
{"type":"Feature","geometry":{"type":"Polygon","coordinates":[[[-72.9226408525581,44.6501240553433],[-72.9610685845619,44.7005591181651],[-72.9902516371271,44.7413359940443],[-72.9969371736651,44.7500480544675],[-73.0047136379706,44.7605637882682],[-73.0848281247188,44.772997663696],[-73.0763331635409,44.7500704863052],[-73.0696837032677,44.7329043885861],[-73.0580405932436,44.7017402855189],[-73.0549301874863,44.6938007654488],[-73.0399449963433,44.6560000554566],[-73.0380760786267,44.6511598459037],[-73.037836618243,44.6512904722796],[-73.0092942125913,44.6465119876474],[-72.9943269155232,44.6443661071511],[-72.9835277058962,44.642584509791],[-72.9425329845653,44.6361158620887],[-72.9237788608945,44.6332237262317],[-72.9264155610861,44.6351342566487],[-72.9239693041117,44.6374139574907],[-72.9265485157662,44.6403281093642],[-72.9242367710093,44.6410476578942],[-72.9237595756919,44.6419512406307],[-72.9259201734129,44.6438770438891],[-72.9272806475632,44.6457447872585],[-72.9266698695,44.6475469116935],[-72.9249023039408,44.649059967957],[-72.9226408525581,44.6501240553433]]]},"properties":{"TOWNNAME":"Fairfax"}},
{"type":"Feature","geometry":{"type":"Polygon","coordinates":[[[-71.8370684789762,44.7163851114322],[-71.8574660923743,44.7269050840527],[-71.8745684980158,44.7359090125143],[-71.8915707193368,44.7446639784942],[-71.9022446067387,44.7500404002216],[-71.9350084257308,44.7672917511856],[-71.9392927371922,44.7694501314342],[-71.9436237884881,44.7652994608576],[-71.9514093634555,44.757495286499],[-71.9750836685309,44.7346475550074],[-71.9912389849533,44.7188266750245],[-71.9995389566063,44.7110864187302],[-72.0114550390008,44.6988417172588],[-71.999555857998,44.6931012183719],[-71.9732495062225,44.6795599778491],[-71.9693774754376,44.6772015536729],[-71.9497385607928,44.6671538359746],[-71.9400678744742,44.6623302505071],[-71.910199352162,44.6468403373168],[-71.8880514622449,44.6676546550715],[-71.8745992194822,44.6804747857219],[-71.8701863499774,44.6845226481761],[-71.8461927896599,44.7075547919306],[-71.8370684789762,44.7163851114322]]]},"properties":{"TOWNNAME":"Newark"}},
{"type":"Feature","geometry":{"type":"Polygon","coordinates":[[[-72.7836606546113,44.7284102191154],[-72.7891480596337,44.7281012881267],[-72.8324640752244,44.7343869661337],[-72.8573564246834,44.7380346124587],[-72.8614764378551,44.7385203770547],[-72.8658746294541,44.7393016157537],[-72.8746086642204,44.7405178708112],[-72.8794632448146,44.7413639536514],[-72.9062551939159,44.745468859318],[-72.9381788133391,44.750091444685],[-72.955216953911,44.75239595911],[-72.9813653818477,44.7566062952545],[-73.0047136379706,44.7605637882682],[-72.9969371736651,44.7500480544675],[-72.9902516371271,44.7413359940443],[-72.9610685845619,44.7005591181651],[-72.9226408525581,44.6501240553433],[-72.9209732859625,44.6493129968496],[-72.9187967604118,44.6468084214118],[-72.9163023408136,44.6458133197731],[-72.9135167642022,44.6458577265577],[-72.9098983819048,44.6466815088942],[-72.9056029601879,44.645915803539],[-72.9029726984658,44.6463641857363],[-72.9020119374295,44.647231495345],[-72.9008140661202,44.6497708708898],[-72.8986358687588,44.6517753267731],[-72.894396072824,44.6547678804691],[-72.8918630626723,44.6556694995059],[-72.8879828598803,44.6610057663111],[-72.8636880618366,44.6936076812296],[-72.8597756512003,44.6990484369678],[-72.8507947656355,44.7111332984545],[-72.817062908164,44.6992632855116],[-72.793220816136,44.6906781033194],[-72.7888257762186,44.7091492033321],[-72.7836606546113,44.7284102191154]]]},"properties":{"TOWNNAME":"Fletcher"}},
{"type":"Feature","geometry":{"type":"Polygon","coordinates":[[[-72.0892971763591,44.6850900879658],[-72.1019409300028,44.7177391146635],[-72.1056846278145,44.7270603963533],[-72.1119743653469,44.743207995878],[-72.1143610943291,44.7498212014602],[-72.1095993164383,44.7549947690046],[-72.1012154086674,44.7632982722141],[-72.0824141202307,44.7817410420513],[-72.1122661222481,44.7929336702508],[-72.156547687604,44.8092767050271],[-72.1673922883934,44.813183659548],[-72.2003625814977,44.8254294214428],[-72.2144590425754,44.8056993633322],[-72.2365082464683,44.7753041338028],[-72.2526383565333,44.752738355593],[-72.2588650979498,44.7440569733744],[-72.2377416109238,44.7366788871634],[-72.2035561545943,44.7246568284006],[-72.1459577724481,44.7045074198855],[-72.1245227523511,44.6972984284313],[-72.0892971763591,44.6850900879658]]]},"properties":{"TOWNNAME":"Barton"}},
{"type":"Feature","geometry":{"type":"Polygon","coordinates":[[[-71.9732495062225,44.6795599778491],[-71.999555857998,44.6931012183719],[-72.0114550390008,44.6988417172588],[-72.0268253995582,44.7064898080967],[-72.0521625862292,44.7189940832312],[-72.0897244626291,44.7376735643536],[-72.1143610943291,44.7498212014602],[-72.1119743653469,44.743207995878],[-72.1056846278145,44.7270603963533],[-72.1019409300028,44.7177391146635],[-72.0892971763591,44.6850900879658],[-72.0851219396862,44.6744687753773],[-72.0763954512701,44.6516054641192],[-72.0663820022847,44.6234961706553],[-72.0648129039428,44.6187927766541],[-72.0576893644543,44.5984256331773],[-72.0466518654811,44.5969974549322],[-71.9998188847122,44.5901764087334],[-71.994721255223,44.6076492874752],[-71.9903488031964,44.6230714070522],[-71.9849379659124,44.6402273774844],[-71.979271375541,44.6591410346752],[-71.9749322962407,44.6729463273739],[-71.9732495062225,44.6795599778491]]]},"properties":{"TOWNNAME":"Sutton"}},
{"type":"Feature","geometry":{"type":"Polygon","coordinates":[[[-72.2024891506249,44.6241059557777],[-72.1992621878757,44.6282911496175],[-72.1849575860798,44.6492565845463],[-72.1700092362023,44.6699889029314],[-72.1499600317863,44.6978650872916],[-72.1459577724481,44.7045074198855],[-72.2035561545943,44.7246568284006],[-72.2377416109238,44.7366788871634],[-72.2588650979498,44.7440569733744],[-72.2740216692839,44.7228772498765],[-72.2814482616156,44.7126572119797],[-72.2954217956461,44.6931577990083],[-72.3100796190991,44.6727983287654],[-72.3156865571708,44.6649100208684],[-72.3104334902803,44.6628973052099],[-72.2757911934862,44.6505160990045],[-72.2544587015471,44.6425151295237],[-72.2024891506249,44.6241059557777]]]},"properties":{"TOWNNAME":"Glover"}},
{"type":"Feature","geometry":{"type":"Polygon","coordinates":[[[-73.0380760786267,44.6511598459037],[-73.1028251417075,44.6761648778296],[-73.1606837680909,44.6975186994346],[-73.20693687105245,44.71470776794964],[-73.206869,44.712448],[-73.207749,44.711305],[-73.208644,44.706268],[-73.209753,44.704525],[-73.20971,44.701927],[-73.211862,44.700062],[-73.21158,44.698095],[-73.213013,44.695227],[-73.210712,44.692882],[-73.211443,44.687632],[-73.212662,44.685247],[-73.212269,44.683828],[-73.210652,44.681827],[-73.211066,44.67699],[-73.210636,44.67602],[-73.208879,44.675336],[-73.211025,44.673508],[-73.212224,44.670057],[-73.211957,44.66463],[-73.213037,44.661005],[-73.213012,44.650535],[-73.211328,44.648317],[-73.211652,44.64663],[-73.210676,44.644773],[-73.209377,44.644009],[-73.208457,44.641921],[-73.208867,44.63974],[-73.210009,44.638461],[-73.210054,44.636972],[-73.212955,44.635271],[-73.217199,44.633384],[-73.220582,44.632424],[-73.228503,44.62972],[-73.229213,44.629242],[-73.233563,44.62879],[-73.235288,44.628925],[-73.238166,44.628303],[-73.243794,44.627903],[-73.241151,44.626049],[-73.239645,44.625607],[-73.237511,44.622819],[-73.237003,44.620331],[-73.23787,44.620255],[-73.240673,44.621882],[-73.240616,44.61833],[-73.241977,44.619337],[-73.245404,44.618678],[-73.248802,44.616696],[-73.246114,44.615652],[-73.242197,44.612863],[-73.24125,44.613956],[-73.239867,44.613556],[-73.24193625951376,44.61117031055104],[-73.24093565113625,44.611208917281076],[-73.237992,44.612879],[-73.233186,44.614331],[-73.23760337985755,44.612534596966995],[-73.2355094085478,44.6133175934191],[-73.2326317168333,44.6135080658602],[-73.2297681638913,44.6125554706323],[-73.225007110112,44.6087963883282],[-73.2171506447654,44.6051654754953],[-73.211476134698,44.6051100747851],[-73.2070597881729,44.6042727628871],[-73.2039996604194,44.6033674428237],[-73.202546443333,44.6033827811068],[-73.2000540856646,44.6054608972945],[-73.1987135821001,44.6078414997642],[-73.1873992441518,44.6038018988341],[-73.1595287316634,44.5935627265486],[-73.1550222466616,44.5919788698898],[-73.1035554229674,44.5727123706923],[-73.097918498503,44.5705142393856],[-73.0857310319137,44.5870551271519],[-73.0758719879153,44.6000625256091],[-73.0576531933483,44.6245474909449],[-73.037836618243,44.6512904722796],[-73.0380760786267,44.6511598459037]]]},"properties":{"TOWNNAME":"Milton"}},
{"type":"Feature","geometry":{"type":"Polygon","coordinates":[[[-71.8085086751388,44.5944934001515],[-71.8034114141511,44.5987351008968],[-71.7996472966744,44.6021767996222],[-71.7880659809007,44.6138869320639],[-71.7693684085512,44.6324527868834],[-71.7495217168212,44.6517297079232],[-71.7353918434271,44.6652522788399],[-71.7495365961804,44.6723815594154],[-71.7566476232263,44.6761122304956],[-71.7751739021949,44.6853245915478],[-71.7849568189496,44.6902817016754],[-71.8370684789762,44.7163851114322],[-71.8461927896599,44.7075547919306],[-71.8701863499774,44.6845226481761],[-71.8745992194822,44.6804747857219],[-71.8880514622449,44.6676546550715],[-71.910199352162,44.6468403373168],[-71.8958121812331,44.639383261776],[-71.8719439669244,44.6266865441964],[-71.8612167654181,44.6211484936887],[-71.8423729958791,44.6108761716496],[-71.8350256490847,44.6075113717287],[-71.8241811874441,44.6022408301688],[-71.8085086751388,44.5944934001515]]]},"properties":{"TOWNNAME":"East Haven"}},
{"type":"Feature","geometry":{"type":"Polygon","coordinates":[[[-72.3156865571708,44.6649100208684],[-72.3100796190991,44.6727983287654],[-72.312495709081,44.6737554225358],[-72.3426384328479,44.6848407361461],[-72.3808044838049,44.6989567347195],[-72.4117796180658,44.7101866015091],[-72.4236454990775,44.7146226199194],[-72.4406602809298,44.6914467667752],[-72.4542035836334,44.6731327064221],[-72.476924504874,44.6421476024433],[-72.4827941553096,44.6341123321993],[-72.4581513499588,44.6250502112296],[-72.4195018819944,44.6109855457021],[-72.3905165626377,44.6003875633231],[-72.3711251834811,44.5933445556445],[-72.3683858494047,44.5928554700507],[-72.35341513986,44.6133447898616],[-72.3455249842335,44.6240433210578],[-72.3258669319561,44.6512762050741],[-72.3156865571708,44.6649100208684]]]},"properties":{"TOWNNAME":"Craftsbury"}},
{"type":"Feature","geometry":{"type":"Polygon","coordinates":[[[-72.749737417866,44.5918295105397],[-72.7450697646873,44.5982123780125],[-72.7270718448162,44.6233653555092],[-72.7264959341406,44.6243259084345],[-72.7514913381616,44.6331205718293],[-72.763624975693,44.6372965668303],[-72.7572609284923,44.6465875598561],[-72.7485843466945,44.6587205048487],[-72.7418810909448,44.6682739399213],[-72.7400101781748,44.6711801196188],[-72.7552653170049,44.6768856286674],[-72.7845361350796,44.6876135456038],[-72.793220816136,44.6906781033194],[-72.817062908164,44.6992632855116],[-72.8507947656355,44.7111332984545],[-72.8597756512003,44.6990484369678],[-72.8636880618366,44.6936076812296],[-72.8879828598803,44.6610057663111],[-72.8918630626723,44.6556694995059],[-72.894396072824,44.6547678804691],[-72.8986358687588,44.6517753267731],[-72.9008140661202,44.6497708708898],[-72.9020119374295,44.647231495345],[-72.9029726984658,44.6463641857363],[-72.9056029601879,44.645915803539],[-72.9098983819048,44.6466815088942],[-72.9135167642022,44.6458577265577],[-72.9163023408136,44.6458133197731],[-72.9187967604118,44.6468084214118],[-72.9209732859625,44.6493129968496],[-72.9226408525581,44.6501240553433],[-72.9249023039408,44.649059967957],[-72.9266698695,44.6475469116935],[-72.9272806475632,44.6457447872585],[-72.9259201734129,44.6438770438891],[-72.9237595756919,44.6419512406307],[-72.9242367710093,44.6410476578942],[-72.9265485157662,44.6403281093642],[-72.9239693041117,44.6374139574907],[-72.9264155610861,44.6351342566487],[-72.9237788608945,44.6332237262317],[-72.9104490536988,44.6310972961977],[-72.9099623502534,44.6312063151203],[-72.9044670854537,44.6255823990329],[-72.8978023575683,44.6192255238001],[-72.8791940592167,44.6007189324311],[-72.8584679927841,44.579787270846],[-72.8503749069029,44.5722006727406],[-72.847777439915,44.570102949552],[-72.8445520346729,44.5669503611353],[-72.8290954904511,44.5525233802247],[-72.8270436316436,44.5507006948841],[-72.8099581125952,44.5467231064922],[-72.784387652307,44.5410618104209],[-72.7780134056587,44.5504026475724],[-72.7696737045371,44.5634084336031],[-72.7679324047184,44.5661243018511],[-72.7502710741043,44.5901663525539],[-72.749737417866,44.5918295105397]]]},"properties":{"TOWNNAME":"Cambridge"}},
{"type":"Feature","geometry":{"type":"Polygon","coordinates":[[[-72.2024891506249,44.6241059557777],[-72.1943002519166,44.6206800964864],[-72.1754763764588,44.613913381233],[-72.1515472871883,44.6051744840741],[-72.1353749768187,44.5994468349484],[-72.1294682211161,44.5974633309864],[-72.1112422914433,44.5906845867712],[-72.1032149768123,44.5875699867661],[-72.0947911019595,44.584627195733],[-72.0882267347789,44.5929676419705],[-72.0754409630695,44.6104439515222],[-72.0694841276599,44.6187968743962],[-72.0663820022847,44.6234961706553],[-72.0763954512701,44.6516054641192],[-72.0851219396862,44.6744687753773],[-72.0892971763591,44.6850900879658],[-72.1245227523511,44.6972984284313],[-72.1459577724481,44.7045074198855],[-72.1499600317863,44.6978650872916],[-72.1700092362023,44.6699889029314],[-72.1849575860798,44.6492565845463],[-72.1992621878757,44.6282911496175],[-72.2024891506249,44.6241059557777]]]},"properties":{"TOWNNAME":"Sheffield"}},
{"type":"Feature","geometry":{"type":"MultiPolygon","coordinates":[[[[-73.2950208016599,44.68200931481218],[-73.34897091807956,44.67724897378088],[-73.349444,44.672073],[-73.347475,44.668578],[-73.346059,44.668396],[-73.345227,44.666773],[-73.349639,44.664073],[-73.350414,44.661581],[-73.348756,44.658753],[-73.348241,44.656311],[-73.348502,44.65387],[-73.346807,44.653711],[-73.346018,44.65271],[-73.347323,44.650316],[-73.345646,44.651323],[-73.343935,44.650947],[-73.342768,44.649791],[-73.343143,44.647722],[-73.345686,44.647615],[-73.345729,44.64554],[-73.347278,44.644829],[-73.345955,44.64395],[-73.346166,44.641801],[-73.349892,44.640679],[-73.347523,44.638157],[-73.344507,44.637397],[-73.344685,44.636076],[-73.347545,44.636014],[-73.347181,44.634568],[-73.344783,44.634205],[-73.34271,44.632703],[-73.347474,44.632646],[-73.345363,44.629946],[-73.346422,44.629361],[-73.347529,44.630536],[-73.348593,44.63024],[-73.348608,44.625307],[-73.348924,44.621886],[-73.348388,44.620839],[-73.346328,44.619513],[-73.342665,44.622255],[-73.335826,44.622821],[-73.331664,44.622203],[-73.327922,44.622324],[-73.323682,44.622068],[-73.321761,44.621572],[-73.32057,44.620393],[-73.320492,44.617658],[-73.319686,44.614177],[-73.319939,44.610812],[-73.316989,44.60992],[-73.313314,44.60763],[-73.31209,44.606292],[-73.312028,44.604027],[-73.310654,44.600073],[-73.310569,44.598563],[-73.308077,44.597455],[-73.306645,44.595764],[-73.305486,44.595346],[-73.302644,44.595993],[-73.300118,44.597058],[-73.29852,44.600176],[-73.295908,44.60377],[-73.296882,44.607592],[-73.29589,44.611345],[-73.294676,44.612398],[-73.291203,44.61272],[-73.288863,44.609493],[-73.285398,44.608856],[-73.282817,44.610447],[-73.280029,44.609514],[-73.275824,44.61119],[-73.276595,44.612689],[-73.275571,44.615744],[-73.273286,44.620485],[-73.274736,44.623302],[-73.274359,44.624453],[-73.27503,44.626232],[-73.273576,44.629492],[-73.268421,44.631079],[-73.265545,44.633398],[-73.262321,44.633314],[-73.266821,44.636366],[-73.266699,44.637089],[-73.264407,44.638076],[-73.263951,44.640702],[-73.26659,44.643173],[-73.266279,44.647183],[-73.268999,44.648336],[-73.269901,44.649889],[-73.27161,44.648794],[-73.27452,44.649311],[-73.275949,44.650665],[-73.275455,44.652917],[-73.274269,44.655226],[-73.274968,44.658428],[-73.276391,44.659179],[-73.276868,44.6605],[-73.275652,44.663214],[-73.277132,44.663498],[-73.277755,44.66461],[-73.280738,44.666874],[-73.28299,44.669149],[-73.284406,44.668954],[-73.287878,44.663898],[-73.289689,44.660684],[-73.290783,44.65795],[-73.291595,44.65451],[-73.291399,44.652923],[-73.292904,44.65058],[-73.296467,44.649892],[-73.300289,44.650314],[-73.304242,44.65259],[-73.305489,44.653866],[-73.305789,44.656877],[-73.308519,44.656273],[-73.310042,44.655054],[-73.310457,44.652634],[-73.313757,44.646877],[-73.313897,44.649462],[-73.312819,44.650459],[-73.314993,44.651517],[-73.317717,44.653781],[-73.318859,44.655706],[-73.317649,44.658817],[-73.319343,44.660629],[-73.320222,44.663851],[-73.320316,44.667881],[-73.317934,44.668985],[-73.314965,44.669333],[-73.313225,44.668956],[-73.309827,44.669077],[-73.309416,44.668467],[-73.306824,44.669574],[-73.30494,44.669783],[-73.303148,44.671638],[-73.30329,44.672747],[-73.302184,44.674041],[-73.299107,44.673671],[-73.29872,44.672652],[-73.296437,44.674374],[-73.295564,44.678466],[-73.297357,44.678339],[-73.297416,44.680172],[-73.2950208016599,44.68200931481218]]],[[[-73.253692,44.672558],[-73.254538,44.671221],[-73.25335,44.670599],[-73.252258,44.671582],[-73.25236,44.673667],[-73.253692,44.672558]]],[[[-73.253907,44.658396],[-73.252852,44.658695],[-73.254718,44.660713],[-73.255557,44.659808],[-73.253907,44.658396]]],[[[-73.297216,44.667782],[-73.29847,44.666712],[-73.297675,44.665682],[-73.297216,44.667782]]],[[[-73.341005,44.595881],[-73.342479,44.593719],[-73.340993,44.589462],[-73.339951,44.588475],[-73.337653,44.589229],[-73.335878,44.591895],[-73.335625,44.594525],[-73.336566,44.595812],[-73.338903,44.597484],[-73.338956,44.595397],[-73.341005,44.595881]]],[[[-73.357743,44.613322],[-73.357401,44.612277],[-73.358808,44.611951],[-73.359203,44.610561],[-73.357926,44.608459],[-73.354979,44.607043],[-73.350663,44.606216],[-73.34898,44.606871],[-73.349364,44.609312],[-73.351262,44.614943],[-73.34951,44.617786],[-73.350161,44.618826],[-73.351506,44.618732],[-73.351186,44.617661],[-73.35305,44.615757],[-73.352924,44.614247],[-73.356162,44.613124],[-73.357743,44.613322]]]]},"properties":{"TOWNNAME":"South Hero"}},
{"type":"Feature","geometry":{"type":"Polygon","coordinates":[[[-71.6324205775143,44.6117582328539],[-71.6592161673783,44.6251125657625],[-71.6620832014222,44.6266822242885],[-71.6840154043859,44.6386190310258],[-71.6890936970953,44.6414762735969],[-71.714419152191,44.6544425844964],[-71.7353918434271,44.6652522788399],[-71.7495217168212,44.6517297079232],[-71.7693684085512,44.6324527868834],[-71.7880659809007,44.6138869320639],[-71.7996472966744,44.6021767996222],[-71.8034114141511,44.5987351008968],[-71.8085086751388,44.5944934001515],[-71.7920784227693,44.5848690620154],[-71.7824809529942,44.5796563498486],[-71.749501089477,44.5621040578223],[-71.7284547496267,44.5504657223661],[-71.7071162176822,44.5388421569776],[-71.6888724447267,44.5563631179076],[-71.6707712282668,44.5738320175433],[-71.6531576425437,44.5913302272106],[-71.6443790996134,44.5998949191144],[-71.6324205775143,44.6117582328539]]]},"properties":{"TOWNNAME":"Granby"}},
{"type":"Feature","geometry":{"type":"Polygon","coordinates":[[[-72.2373411123349,44.5765881118798],[-72.228896333827,44.587984002205],[-72.2071244579212,44.6167421524504],[-72.2024891506249,44.6241059557777],[-72.2544587015471,44.6425151295237],[-72.2757911934862,44.6505160990045],[-72.3104334902803,44.6628973052099],[-72.3156865571708,44.6649100208684],[-72.3258669319561,44.6512762050741],[-72.3455249842335,44.6240433210578],[-72.35341513986,44.6133447898616],[-72.3683858494047,44.5928554700507],[-72.3717598440988,44.5882364593791],[-72.3738615325499,44.5841712944921],[-72.3665317220485,44.5807943427596],[-72.3541911658098,44.5764490546325],[-72.3031981766815,44.5577885893163],[-72.2877137878648,44.551818676327],[-72.262891634794,44.5425034677851],[-72.2616720312797,44.5437698407113],[-72.2373411123349,44.5765881118798]]]},"properties":{"TOWNNAME":"Greensboro"}},
{"type":"Feature","geometry":{"type":"Polygon","coordinates":[[[-71.8982742773829,44.5578915218974],[-71.8908078104556,44.5654379291813],[-71.8764391766128,44.578813373499],[-71.8680023975035,44.586560303221],[-71.8423729958791,44.6108761716496],[-71.8612167654181,44.6211484936887],[-71.8719439669244,44.6266865441964],[-71.8958121812331,44.639383261776],[-71.910199352162,44.6468403373168],[-71.9400678744742,44.6623302505071],[-71.9497385607928,44.6671538359746],[-71.9693774754376,44.6772015536729],[-71.9732495062225,44.6795599778491],[-71.9749322962407,44.6729463273739],[-71.979271375541,44.6591410346752],[-71.9849379659124,44.6402273774844],[-71.9903488031964,44.6230714070522],[-71.994721255223,44.6076492874752],[-71.9998188847122,44.5901764087334],[-71.9789832318742,44.5872665700798],[-71.9505618589843,44.5827689879076],[-71.9315522307941,44.5801896272706],[-71.9337073608339,44.5720486659374],[-71.927780061007,44.5708559425666],[-71.9281435894818,44.5695155117754],[-71.9256142915474,44.5692634581918],[-71.9240146194551,44.5706232989298],[-71.9212093297894,44.5691332280145],[-71.9205745375225,44.5696699686605],[-71.8982742773829,44.5578915218974]]]},"properties":{"TOWNNAME":"Burke"}},
{"type":"Feature","geometry":{"type":"Polygon","coordinates":[[[-72.9237788608945,44.6332237262317],[-72.9425329845653,44.6361158620887],[-72.9835277058962,44.642584509791],[-72.9943269155232,44.6443661071511],[-73.0092942125913,44.6465119876474],[-73.037836618243,44.6512904722796],[-73.0576531933483,44.6245474909449],[-73.0758719879153,44.6000625256091],[-73.0857310319137,44.5870551271519],[-73.097918498503,44.5705142393856],[-73.0793314675463,44.5674908698784],[-73.0545425327836,44.5635709734034],[-73.0101514702003,44.5563263422484],[-72.9763590509443,44.5512614816205],[-72.9713716606786,44.5504095681602],[-72.9576445700544,44.5681260044705],[-72.9529003429443,44.5746093997317],[-72.942991512213,44.5877233572987],[-72.9377663358788,44.5943876823313],[-72.9328470866025,44.6011396944872],[-72.9251619647973,44.6114062198861],[-72.9138221517274,44.6263435178696],[-72.9099623502534,44.6312063151203],[-72.9104490536988,44.6310972961977],[-72.9237788608945,44.6332237262317]]]},"properties":{"TOWNNAME":"Westford"}},
{"type":"Feature","geometry":{"type":"Polygon","coordinates":[[[-72.749737417866,44.5918295105397],[-72.7414251985421,44.5889543801072],[-72.7311064458366,44.5852110484935],[-72.7293873266579,44.5876553950337],[-72.7094591223906,44.5806827717002],[-72.7060669966794,44.5802110788747],[-72.6825148412335,44.5764850210684],[-72.680524038442,44.5788253976995],[-72.6736014118964,44.5881702118645],[-72.6625053752487,44.6025394150269],[-72.653413284912,44.5994014319192],[-72.6501855187732,44.6038648648662],[-72.6332098514048,44.6280027642105],[-72.6224152769507,44.6431300340413],[-72.6168325478644,44.6513033820733],[-72.6092904245747,44.661794907855],[-72.6062233465154,44.6663584964865],[-72.5969298346848,44.6793137735847],[-72.6204182634763,44.6877351453263],[-72.6389172615819,44.6939926606835],[-72.6485591512346,44.6975000854941],[-72.6613868641139,44.7019326557568],[-72.7068959279197,44.7184813501824],[-72.7182616916864,44.7021950286083],[-72.7400101781748,44.6711801196188],[-72.7418810909448,44.6682739399213],[-72.7485843466945,44.6587205048487],[-72.7572609284923,44.6465875598561],[-72.763624975693,44.6372965668303],[-72.7514913381616,44.6331205718293],[-72.7264959341406,44.6243259084345],[-72.7270718448162,44.6233653555092],[-72.7450697646873,44.5982123780125],[-72.749737417866,44.5918295105397]]]},"properties":{"TOWNNAME":"Johnson"}},
{"type":"Feature","geometry":{"type":"Polygon","coordinates":[[[-72.3738615325499,44.5841712944921],[-72.3717598440988,44.5882364593791],[-72.3683858494047,44.5928554700507],[-72.3711251834811,44.5933445556445],[-72.3905165626377,44.6003875633231],[-72.4195018819944,44.6109855457021],[-72.4581513499588,44.6250502112296],[-72.4827941553096,44.6341123321993],[-72.4925989180935,44.6201313599781],[-72.4995602785151,44.6099219399905],[-72.5209348963421,44.5792669072178],[-72.5256274581706,44.5726172527129],[-72.5398005616514,44.5534230885496],[-72.5377230466655,44.5521180769596],[-72.5148380813275,44.5435058215283],[-72.4901228480557,44.5344919511486],[-72.4779704141437,44.5302562213688],[-72.4553620948127,44.5221034577158],[-72.4506452882769,44.5203205343987],[-72.4298118585557,44.5120268410239],[-72.4284780384703,44.512566878811],[-72.4074433488928,44.5402959261676],[-72.3985676402317,44.551815318623],[-72.3738615325499,44.5841712944921]]]},"properties":{"TOWNNAME":"Wolcott"}},
{"type":"Feature","geometry":{"type":"Polygon","coordinates":[[[-72.8382972186703,44.4593018368201],[-72.8036299455253,44.5062898887272],[-72.8307974828944,44.5164355262022],[-72.8099581125952,44.5467231064922],[-72.8270436316436,44.5507006948841],[-72.8290954904511,44.5525233802247],[-72.8445520346729,44.5669503611353],[-72.847777439915,44.570102949552],[-72.8503749069029,44.5722006727406],[-72.8584679927841,44.579787270846],[-72.8791940592167,44.6007189324311],[-72.8978023575683,44.6192255238001],[-72.9044670854537,44.6255823990329],[-72.9099623502534,44.6312063151203],[-72.9138221517274,44.6263435178696],[-72.9251619647973,44.6114062198861],[-72.9328470866025,44.6011396944872],[-72.9377663358788,44.5943876823313],[-72.942991512213,44.5877233572987],[-72.9529003429443,44.5746093997317],[-72.9576445700544,44.5681260044705],[-72.9713716606786,44.5504095681602],[-72.9533638546039,44.5330203922513],[-72.934083236351,44.5146081953328],[-72.9272232751566,44.507783614418],[-72.9154120901448,44.4963793656792],[-72.8882056545822,44.4703285791794],[-72.8382972186703,44.4593018368201]]]},"properties":{"TOWNNAME":"Underhill"}},
{"type":"Feature","geometry":{"type":"Polygon","coordinates":[[[-72.0663820022847,44.6234961706553],[-72.0694841276599,44.6187968743962],[-72.0754409630695,44.6104439515222],[-72.0882267347789,44.5929676419705],[-72.0947911019595,44.584627195733],[-72.1032149768123,44.5875699867661],[-72.1112422914433,44.5906845867712],[-72.1294682211161,44.5974633309864],[-72.1353749768187,44.5994468349484],[-72.1515472871883,44.6051744840741],[-72.1754763764588,44.613913381233],[-72.1943002519166,44.6206800964864],[-72.2024891506249,44.6241059557777],[-72.2071244579212,44.6167421524504],[-72.228896333827,44.587984002205],[-72.2373411123349,44.5765881118798],[-72.2234479968509,44.568422987578],[-72.1777521711363,44.5417090386222],[-72.137759377648,44.5185859505312],[-72.1126848656677,44.5147134814111],[-72.0835452410178,44.5103805935798],[-72.0780823571513,44.529532785291],[-72.06627513729,44.5692811988054],[-72.0576893644543,44.5984256331773],[-72.0648129039428,44.6187927766541],[-72.0663820022847,44.6234961706553]]]},"properties":{"TOWNNAME":"Wheelock"}},
{"type":"Feature","geometry":{"type":"Polygon","coordinates":[[[-71.55677372855921,44.57049463026832],[-71.5577985426249,44.5711637368991],[-71.581307060938,44.5843300047109],[-71.6245356129957,44.6069340365717],[-71.6324205775143,44.6117582328539],[-71.6443790996134,44.5998949191144],[-71.6531576425437,44.5913302272106],[-71.6707712282668,44.5738320175433],[-71.6888724447267,44.5563631179076],[-71.7071162176822,44.5388421569776],[-71.7035557758917,44.5367863166369],[-71.6719638384926,44.5197960148005],[-71.6618872951064,44.5142095041123],[-71.6368318020292,44.5001276644269],[-71.6061439225804,44.484873430382],[-71.6002514015359,44.4858262778556],[-71.5985976464494,44.4869442871188],[-71.597441,44.490323],[-71.595869,44.49211],[-71.59491137795344,44.49438324820039],[-71.5945993019973,44.5000889048674],[-71.5937529934286,44.5012936041541],[-71.5910628362428,44.5012572878131],[-71.5898834475561,44.5000782411084],[-71.5895321002577,44.4983342311269],[-71.587065,44.49842],[-71.585874,44.500022],[-71.586958,44.501769],[-71.5863855285914,44.5029028569632],[-71.5881716737699,44.5047342937234],[-71.5880426262778,44.5068731420919],[-71.5861723113442,44.5067869168562],[-71.5851468858335,44.5057493540669],[-71.584165441612,44.5032705205264],[-71.58247663832759,44.502023634604136],[-71.579741,44.501502],[-71.57731117325694,44.501881909551635],[-71.5767934675776,44.5038279800292],[-71.5782309776588,44.5053556392058],[-71.580931,44.506766],[-71.5837399553906,44.5091030453683],[-71.5864820219732,44.51485498809661],[-71.591658,44.517668],[-71.5940591942852,44.5203869145276],[-71.5938969865019,44.5222577699945],[-71.592375,44.523276],[-71.588835,44.522483],[-71.58631784449675,44.5223455978316],[-71.5826821962028,44.5234987123643],[-71.5798771818361,44.5256278105756],[-71.576853217906,44.5295711413204],[-71.5748126393279,44.5315249510622],[-71.5733651769758,44.5335877493214],[-71.57186655156404,44.53764659312047],[-71.5729632450153,44.5392544462895],[-71.5757407805945,44.5415285973039],[-71.5818185738898,44.5451031187421],[-71.5869088929257,44.5469505490786],[-71.5926022930335,44.5507939196651],[-71.5977428221181,44.5539418494591],[-71.5983282646419,44.55499357937713],[-71.5973187029229,44.5593047977311],[-71.5934805363139,44.5641258434931],[-71.5903450538381,44.5657587647391],[-71.588127310162,44.5659375345959],[-71.582777,44.564886],[-71.5758704259084,44.5651365244089],[-71.570646,44.56304],[-71.5682596265111,44.562760158097205],[-71.5621866782711,44.5632511214651],[-71.5596963948018,44.5640639826706],[-71.5584356836136,44.5650477502512],[-71.5592492464989,44.5685635566081],[-71.5578859594613,44.5706150494114],[-71.55677372855921,44.57049463026832]]]},"properties":{"TOWNNAME":"Guildhall"}},
{"type":"Feature","geometry":{"type":"Polygon","coordinates":[[[-71.8566916609565,44.4962838287925],[-71.8538746953117,44.498889462376],[-71.8333344972764,44.4878066785977],[-71.8262397754622,44.4910480438096],[-71.8070329554098,44.5000730408997],[-71.7958823927039,44.505116514616],[-71.7796616178062,44.5115021389529],[-71.749466608519,44.5232220091035],[-71.7071162176822,44.5388421569776],[-71.7284547496267,44.5504657223661],[-71.749501089477,44.5621040578223],[-71.7824809529942,44.5796563498486],[-71.7920784227693,44.5848690620154],[-71.8085086751388,44.5944934001515],[-71.8241811874441,44.6022408301688],[-71.8350256490847,44.6075113717287],[-71.8423729958791,44.6108761716496],[-71.8680023975035,44.586560303221],[-71.8764391766128,44.578813373499],[-71.8908078104556,44.5654379291813],[-71.8982742773829,44.5578915218974],[-71.9006780026747,44.555474338328],[-71.9089394153203,44.5479262592839],[-71.8745867387264,44.5146092997155],[-71.860870667578,44.5007565198675],[-71.8566916609565,44.4962838287925]]]},"properties":{"TOWNNAME":"Victory"}},
{"type":"Feature","geometry":{"type":"Polygon","coordinates":[[[-72.5256274581706,44.5726172527129],[-72.5209348963421,44.5792669072178],[-72.4995602785151,44.6099219399905],[-72.4925989180935,44.6201313599781],[-72.4827941553096,44.6341123321993],[-72.476924504874,44.6421476024433],[-72.4996348591229,44.6504522426715],[-72.5040989253703,44.65193622787],[-72.5336445885987,44.6628137073768],[-72.55697628883,44.6713362093123],[-72.5932009347288,44.6846102689798],[-72.5969298346848,44.6793137735847],[-72.6062233465154,44.6663584964865],[-72.6092904245747,44.661794907855],[-72.6168325478644,44.6513033820733],[-72.6224152769507,44.6431300340413],[-72.6332098514048,44.6280027642105],[-72.6501855187732,44.6038648648662],[-72.6490210190596,44.6032525496141],[-72.6441742721833,44.6029726837938],[-72.6372731344432,44.6005766696637],[-72.6364023694282,44.5988543503845],[-72.6367957066407,44.5979305533586],[-72.6340932827975,44.596096913842],[-72.6333837268198,44.5942475807895],[-72.6314404595929,44.5941778394329],[-72.6300691085169,44.5983370804178],[-72.6274786172337,44.5979530319993],[-72.6286657379659,44.5952682033166],[-72.6295791942775,44.5909583820884],[-72.6281069658989,44.5879369697562],[-72.624395795275,44.5862835527938],[-72.6222347585413,44.5893367230231],[-72.6204798195785,44.5890457172963],[-72.6199690742453,44.5872284825841],[-72.6172380597404,44.5878366575838],[-72.6175521899263,44.5884246297825],[-72.6152621581765,44.588796029662],[-72.6128405541154,44.5882077725359],[-72.6117596894293,44.5894570138923],[-72.6033573900396,44.5863190924431],[-72.567894650416,44.5734365239692],[-72.5669651644336,44.5742471018602],[-72.5589214643639,44.584387463354],[-72.5514978351266,44.5813267872296],[-72.535440397504,44.5749281752203],[-72.5348263272457,44.5757212943295],[-72.5256274581706,44.5726172527129]]]},"properties":{"TOWNNAME":"Hyde Park"}},
{"type":"Feature","geometry":{"type":"Polygon","coordinates":[[[-72.5256274581706,44.5726172527129],[-72.5348263272457,44.5757212943295],[-72.535440397504,44.5749281752203],[-72.5514978351266,44.5813267872296],[-72.5589214643639,44.584387463354],[-72.5669651644336,44.5742471018602],[-72.567894650416,44.5734365239692],[-72.6033573900396,44.5863190924431],[-72.6117596894293,44.5894570138923],[-72.6128405541154,44.5882077725359],[-72.6152621581765,44.588796029662],[-72.6175521899263,44.5884246297825],[-72.6172380597404,44.5878366575838],[-72.6199690742453,44.5872284825841],[-72.6204798195785,44.5890457172963],[-72.6222347585413,44.5893367230231],[-72.624395795275,44.5862835527938],[-72.6281069658989,44.5879369697562],[-72.6295791942775,44.5909583820884],[-72.6286657379659,44.5952682033166],[-72.6274786172337,44.5979530319993],[-72.6300691085169,44.5983370804178],[-72.6314404595929,44.5941778394329],[-72.6333837268198,44.5942475807895],[-72.6340932827975,44.596096913842],[-72.6367957066407,44.5979305533586],[-72.6364023694282,44.5988543503845],[-72.6372731344432,44.6005766696637],[-72.6441742721833,44.6029726837938],[-72.6490210190596,44.6032525496141],[-72.6501855187732,44.6038648648662],[-72.653413284912,44.5994014319192],[-72.6625053752487,44.6025394150269],[-72.6736014118964,44.5881702118645],[-72.680524038442,44.5788253976995],[-72.6825148412335,44.5764850210684],[-72.7060669966794,44.5802110788747],[-72.7094591223906,44.5806827717002],[-72.7293873266579,44.5876553950337],[-72.7311064458366,44.5852110484935],[-72.7414251985421,44.5889543801072],[-72.749737417866,44.5918295105397],[-72.7502710741043,44.5901663525539],[-72.7679324047184,44.5661243018511],[-72.7696737045371,44.5634084336031],[-72.7532401537903,44.5572010491932],[-72.7519082138847,44.5588895724257],[-72.732415430624,44.5525468529036],[-72.7134727000482,44.5491400445976],[-72.6923660801284,44.5450146179806],[-72.6958924728738,44.5403486592846],[-72.7001626335986,44.5337286903891],[-72.7023820843567,44.5311270157774],[-72.703517187554,44.5289701843753],[-72.7076377487028,44.5235605190825],[-72.7050978016474,44.5226559887093],[-72.6869683597932,44.5156291387205],[-72.6346041971568,44.4945511301071],[-72.6305780208535,44.4928136005208],[-72.5972860732498,44.479393963966],[-72.5929257288761,44.4849692557041],[-72.5845985672068,44.4962590640691],[-72.5701621522957,44.5151927590027],[-72.5664523257564,44.5202427481487],[-72.5556463429104,44.5337618398807],[-72.5398005616514,44.5534230885496],[-72.5256274581706,44.5726172527129]]]},"properties":{"TOWNNAME":"Morristown"}},
{"type":"Feature","geometry":{"type":"Polygon","coordinates":[[[-72.3213952644,44.463175341907],[-72.3097422477842,44.4787633435935],[-72.2978281143172,44.4944350561689],[-72.2936517014522,44.5000611491851],[-72.2777696062224,44.5221355517877],[-72.262891634794,44.5425034677851],[-72.2877137878648,44.551818676327],[-72.3031981766815,44.5577885893163],[-72.3541911658098,44.5764490546325],[-72.3665317220485,44.5807943427596],[-72.3738615325499,44.5841712944921],[-72.3985676402317,44.551815318623],[-72.4074433488928,44.5402959261676],[-72.4284780384703,44.512566878811],[-72.4298118585557,44.5120268410239],[-72.434684329893,44.505247853204],[-72.4262529039299,44.5029875525306],[-72.3882108453256,44.4883454231688],[-72.3467517389125,44.4724651830375],[-72.3259063133564,44.4645088324799],[-72.3213952644,44.463175341907]]]},"properties":{"TOWNNAME":"Hardwick"}},
{"type":"Feature","geometry":{"type":"Polygon","coordinates":[[[-72.1512561715588,44.500099947616],[-72.1412658399955,44.5136679498312],[-72.137759377648,44.5185859505312],[-72.1777521711363,44.5417090386222],[-72.2234479968509,44.568422987578],[-72.2373411123349,44.5765881118798],[-72.2616720312797,44.5437698407113],[-72.262891634794,44.5425034677851],[-72.2438321164134,44.5352411156371],[-72.2260736549539,44.5285611506551],[-72.2044021057002,44.5205155635587],[-72.190765346124,44.5153465535035],[-72.1769453584305,44.5099738056647],[-72.1512561715588,44.500099947616]]]},"properties":{"TOWNNAME":"Stannard"}},
{"type":"Feature","geometry":{"type":"Polygon","coordinates":[[[-71.8982742773829,44.5578915218974],[-71.9205745375225,44.5696699686605],[-71.9212093297894,44.5691332280145],[-71.9240146194551,44.5706232989298],[-71.9256142915474,44.5692634581918],[-71.9281435894818,44.5695155117754],[-71.927780061007,44.5708559425666],[-71.9337073608339,44.5720486659374],[-71.935864113008,44.5644058633045],[-71.9467706669539,44.5285631091324],[-71.9536918367147,44.5054772205662],[-71.9581706371218,44.4913551332324],[-71.9461226866505,44.4678064908411],[-71.936825448629,44.4491476364523],[-71.9332233495114,44.4411474261937],[-71.903264772387,44.4547514003641],[-71.8807499430625,44.4747174122719],[-71.8682543718447,44.4860422975662],[-71.8566916609565,44.4962838287925],[-71.860870667578,44.5007565198675],[-71.8745867387264,44.5146092997155],[-71.9089394153203,44.5479262592839],[-71.9006780026747,44.555474338328],[-71.8982742773829,44.5578915218974]]]},"properties":{"TOWNNAME":"Kirby"}},
{"type":"Feature","geometry":{"type":"Polygon","coordinates":[[[-72.6543408452414,44.3983064877942],[-72.6246818857892,44.4401064681136],[-72.6052446574058,44.467316082037],[-72.6002508067464,44.4740242020544],[-72.5988938334271,44.4772723969921],[-72.5972860732498,44.479393963966],[-72.6305780208535,44.4928136005208],[-72.6346041971568,44.4945511301071],[-72.6869683597932,44.5156291387205],[-72.7050978016474,44.5226559887093],[-72.7076377487028,44.5235605190825],[-72.703517187554,44.5289701843753],[-72.7023820843567,44.5311270157774],[-72.7001626335986,44.5337286903891],[-72.6958924728738,44.5403486592846],[-72.6923660801284,44.5450146179806],[-72.7134727000482,44.5491400445976],[-72.732415430624,44.5525468529036],[-72.7519082138847,44.5588895724257],[-72.7532401537903,44.5572010491932],[-72.7696737045371,44.5634084336031],[-72.7780134056587,44.5504026475724],[-72.784387652307,44.5410618104209],[-72.8099581125952,44.5467231064922],[-72.8307974828944,44.5164355262022],[-72.8036299455253,44.5062898887272],[-72.8382972186703,44.4593018368201],[-72.8032071034057,44.4515249990348],[-72.7860666167753,44.4474175568984],[-72.7655604921383,44.4428145902796],[-72.73434433301,44.4308277503959],[-72.7058291864326,44.4194626168372],[-72.6807202833603,44.4092072504763],[-72.6649261598871,44.4026284198638],[-72.6543408452414,44.3983064877942]]]},"properties":{"TOWNNAME":"Stowe"}},
{"type":"Feature","geometry":{"type":"Polygon","coordinates":[[[-72.434684329893,44.505247853204],[-72.4298118585557,44.5120268410239],[-72.4506452882769,44.5203205343987],[-72.4553620948127,44.5221034577158],[-72.4779704141437,44.5302562213688],[-72.4901228480557,44.5344919511486],[-72.5148380813275,44.5435058215283],[-72.5377230466655,44.5521180769596],[-72.5398005616514,44.5534230885496],[-72.5556463429104,44.5337618398807],[-72.5664523257564,44.5202427481487],[-72.5701621522957,44.5151927590027],[-72.5845985672068,44.4962590640691],[-72.5929257288761,44.4849692557041],[-72.5972860732498,44.479393963966],[-72.5595582810994,44.4590807534731],[-72.5123604484327,44.4339139524779],[-72.4935624163323,44.4239855935797],[-72.4932431021133,44.4258375944545],[-72.4850914986708,44.4367783834698],[-72.4847430738684,44.4391443161819],[-72.4812861451392,44.4436299795226],[-72.4759343716915,44.4500194498879],[-72.4744786517831,44.4522547041515],[-72.4669982602996,44.4615401009332],[-72.4642740740914,44.4654127554549],[-72.4586012854819,44.4726110619273],[-72.4505045424183,44.4835952996144],[-72.4473433399102,44.487655253806],[-72.434684329893,44.505247853204]]]},"properties":{"TOWNNAME":"Elmore"}},
{"type":"Feature","geometry":{"type":"Polygon","coordinates":[[[-71.9581706371218,44.4913551332324],[-71.9536918367147,44.5054772205662],[-71.9467706669539,44.5285631091324],[-71.935864113008,44.5644058633045],[-71.9337073608339,44.5720486659374],[-71.9315522307941,44.5801896272706],[-71.9505618589843,44.5827689879076],[-71.9789832318742,44.5872665700798],[-71.9998188847122,44.5901764087334],[-72.0466518654811,44.5969974549322],[-72.0576893644543,44.5984256331773],[-72.06627513729,44.5692811988054],[-72.0780823571513,44.529532785291],[-72.0835452410178,44.5103805935798],[-72.0633759338696,44.5072890248693],[-72.01509222841,44.5000500264918],[-71.9995941456688,44.4978614700395],[-71.9581706371218,44.4913551332324]]]},"properties":{"TOWNNAME":"Lyndon"}},
{"type":"Feature","geometry":{"type":"Polygon","coordinates":[[[-72.2238069297116,44.4248973971307],[-72.2105647296102,44.4197046212044],[-72.1921382973267,44.4447388048899],[-72.1758924354546,44.4666371812225],[-72.1512561715588,44.500099947616],[-72.1769453584305,44.5099738056647],[-72.190765346124,44.5153465535035],[-72.2044021057002,44.5205155635587],[-72.2260736549539,44.5285611506551],[-72.2438321164134,44.5352411156371],[-72.262891634794,44.5425034677851],[-72.2777696062224,44.5221355517877],[-72.2936517014522,44.5000611491851],[-72.2978281143172,44.4944350561689],[-72.3097422477842,44.4787633435935],[-72.3213952644,44.463175341907],[-72.317433104129,44.4611021626064],[-72.3020904266904,44.4552756176693],[-72.2631608432166,44.4403141621695],[-72.2448832041186,44.4331051384747],[-72.2238069297116,44.4248973971307]]]},"properties":{"TOWNNAME":"Walden"}},
{"type":"Feature","geometry":{"type":"Polygon","coordinates":[[[-71.6061439225804,44.484873430382],[-71.6368318020292,44.5001276644269],[-71.6618872951064,44.5142095041123],[-71.6719638384926,44.5197960148005],[-71.7035557758917,44.5367863166369],[-71.7071162176822,44.5388421569776],[-71.749466608519,44.5232220091035],[-71.7796616178062,44.5115021389529],[-71.7958823927039,44.505116514616],[-71.792844367717,44.5000713400177],[-71.7750411868372,44.468292078981],[-71.7679155271783,44.4557472912826],[-71.7553455072702,44.4342521923659],[-71.7494960325918,44.4249024238687],[-71.7390599318107,44.4078223046871],[-71.7360292448154,44.4102626448118],[-71.731992273543,44.4106463102382],[-71.7309145487152,44.4111433039245],[-71.7259790442794,44.4116295993255],[-71.7222887011889,44.4115390132959],[-71.7189423991041,44.4105607853698],[-71.7144242830093,44.4102797914162],[-71.7088677991889,44.4118695497159],[-71.7048435005391,44.413436957698],[-71.7039279217849,44.4145020662853],[-71.7019151244276,44.4150237631324],[-71.6965823118622,44.4181116493459],[-71.6941316674438,44.4202641776677],[-71.6902400087429,44.4214404322592],[-71.6887118824012,44.4226664843918],[-71.6848653167438,44.4239129819732],[-71.6836990560947,44.4271340469686],[-71.6828069552159,44.4279580555861],[-71.6803737667614,44.428202595992],[-71.6770748331718,44.4273842165035],[-71.6766565871039,44.4290687939412],[-71.6789481760687,44.4327165107868],[-71.6795406237897,44.4346107576658],[-71.6777548291244,44.436059349733],[-71.6747302362239,44.4363798751098],[-71.6700615638566,44.4363340769768],[-71.6678337263712,44.4367107856439],[-71.6644195043464,44.4381264114318],[-71.6622022461032,44.4397858785393],[-71.6591562029241,44.4440172033395],[-71.6577908424198,44.4481320665908],[-71.6576487774533,44.4522384793511],[-71.6570556378925,44.4550497756971],[-71.6555745196508,44.4580569024353],[-71.6523647341257,44.4610332847787],[-71.6509647112406,44.4612878305121],[-71.6467342653859,44.460405043454],[-71.6430133361805,44.4613534460701],[-71.6395545768472,44.4642502024548],[-71.6404331929569,44.4661200705921],[-71.6450919386094,44.4681432903068],[-71.6476860433329,44.4701092637546],[-71.647757452107,44.4731992230741],[-71.6451415476024,44.4755667802424],[-71.6425814643892,44.4769405256245],[-71.6388645192514,44.4778749625616],[-71.6365931281954,44.480470084281],[-71.6341184224218,44.4809897863143],[-71.6337184385603,44.4827053788],[-71.6322832346414,44.4841648124302],[-71.63044519198,44.4844722931744],[-71.6256484765405,44.4838403604076],[-71.6244369188185,44.4820066199603],[-71.6252258211103,44.4809649484093],[-71.627638,44.479674],[-71.633437,44.478209],[-71.63423,44.478842],[-71.634825,44.476141],[-71.6323946536655,44.474323317289],[-71.6306490520112,44.4740213416113],[-71.6274060425333,44.4742836031237],[-71.6243828122699,44.4756314425318],[-71.6233563666448,44.4780104951176],[-71.6188197679897,44.4852647758286],[-71.6155554150084,44.4861294979987],[-71.6124707822045,44.4848624173147],[-71.609503202419,44.4844007422276],[-71.6061439225804,44.484873430382]]]},"properties":{"TOWNNAME":"Lunenburg"}},
{"type":"Feature","geometry":{"type":"Polygon","coordinates":[[[-72.9187385328958,44.4290797076947],[-72.916372059512,44.4328017510202],[-72.9082721841407,44.4435775138538],[-72.9043174438732,44.4490397114474],[-72.8882056545822,44.4703285791794],[-72.9154120901448,44.4963793656792],[-72.9272232751566,44.507783614418],[-72.934083236351,44.5146081953328],[-72.9533638546039,44.5330203922513],[-72.9713716606786,44.5504095681602],[-72.9736082249338,44.5469743787178],[-72.9791170495422,44.539743719578],[-72.9949948409385,44.5182075173287],[-73.0018029537173,44.5092505712213],[-73.0112069420941,44.4963440029492],[-73.0319561436609,44.4683734174983],[-73.0274089844352,44.4675830218739],[-73.0266215654915,44.4665409150539],[-73.0263036597938,44.4631891710442],[-73.0243216292468,44.4610780965175],[-73.0213893520582,44.4601467528395],[-73.0217557395696,44.4581255024871],[-73.0241620285377,44.4568492451583],[-73.024843690359,44.4557976728758],[-73.0236031664631,44.454069072148],[-73.0207355946925,44.453874383403],[-73.0196107036267,44.4529966548837],[-73.0189750848916,44.4510540309753],[-73.0196402679275,44.4471632168608],[-73.0196180615321,44.4431278433563],[-73.0217489926852,44.4420138875108],[-73.0250895105803,44.4427905371028],[-73.0283583946716,44.4422579897048],[-73.032333875094,44.4402784437439],[-73.0331593464131,44.4391928502585],[-73.0325537842743,44.4380887332796],[-73.0249949534924,44.4358649346749],[-73.0215351678326,44.4331749385837],[-73.0206616169429,44.4336160153632],[-73.0010465045205,44.4326880252789],[-72.960730590447,44.4309306993818],[-72.9412295051491,44.4299053647422],[-72.9187385328958,44.4290797076947]]]},"properties":{"TOWNNAME":"Jericho"}},
{"type":"Feature","geometry":{"type":"Polygon","coordinates":[[[-72.0352582177175,44.3884671331752],[-72.0017628112319,44.4057813178011],[-71.9332233495114,44.4411474261937],[-71.936825448629,44.4491476364523],[-71.9461226866505,44.4678064908411],[-71.9581706371218,44.4913551332324],[-71.9995941456688,44.4978614700395],[-72.01509222841,44.5000500264918],[-72.0633759338696,44.5072890248693],[-72.0835452410178,44.5103805935798],[-72.0801861055738,44.5000318233952],[-72.0755842030451,44.4888232866411],[-72.0670498371238,44.4628490124773],[-72.0546854189284,44.4254045865426],[-72.0477348588646,44.4047803239108],[-72.0450982308979,44.3990072051255],[-72.0352582177175,44.3884671331752]]]},"properties":{"TOWNNAME":"Saint Johnsbury"}},
{"type":"Feature","geometry":{"type":"Polygon","coordinates":[[[-71.7390599318107,44.4078223046871],[-71.7494960325918,44.4249024238687],[-71.7553455072702,44.4342521923659],[-71.7679155271783,44.4557472912826],[-71.7750411868372,44.468292078981],[-71.792844367717,44.5000713400177],[-71.7958823927039,44.505116514616],[-71.8070329554098,44.5000730408997],[-71.8262397754622,44.4910480438096],[-71.8333344972764,44.4878066785977],[-71.8538746953117,44.498889462376],[-71.8566916609565,44.4962838287925],[-71.8682543718447,44.4860422975662],[-71.8807499430625,44.4747174122719],[-71.903264772387,44.4547514003641],[-71.9332233495114,44.4411474261937],[-71.9173950032645,44.4257561990499],[-71.9060506787915,44.4145977737924],[-71.8783993125052,44.3878221458672],[-71.8675729465757,44.3770961365135],[-71.8639419965857,44.3732620965754],[-71.8604490344585,44.36996294862],[-71.8469091690932,44.3566946103038],[-71.8379010138573,44.3479785950039],[-71.833192734923,44.3502420707562],[-71.8288524253446,44.351169174702],[-71.8257805214971,44.3529627140774],[-71.8236633089627,44.3533528418846],[-71.8183778629224,44.353544433845],[-71.8141127481663,44.3548447331569],[-71.81269553919952,44.356165214550266],[-71.8126368107352,44.3583777124568],[-71.814732,44.362739],[-71.816182,44.366493],[-71.81611921527,44.3682340142684],[-71.81280901059786,44.37077182248314],[-71.812626,44.372604],[-71.815678,44.375023],[-71.8155404034269,44.3773953169755],[-71.8146979025503,44.3813130179956],[-71.8138023694704,44.3825196201199],[-71.8091317255164,44.3837644588273],[-71.8024745728657,44.383376793533],[-71.80038753852844,44.38419193477354],[-71.7999332171566,44.3861127863551],[-71.8037249342903,44.3907712072948],[-71.8030127425793,44.3927423659117],[-71.7954273181226,44.3984429636661],[-71.7921378239664,44.4001052768778],[-71.7901871356624,44.4002783823479],[-71.7858523412916,44.3998650983948],[-71.7791297386526,44.3997646420902],[-71.7746640462069,44.4015937029565],[-71.7727481321754,44.4031265676217],[-71.767383,44.405723],[-71.7625939193619,44.4070723929567],[-71.7568480074797,44.406597771815],[-71.7540244143683,44.4052917073817],[-71.7495129739005,44.4019444578282],[-71.7472717434349,44.4011677159905],[-71.7428015184017,44.4015403604343],[-71.7418121481057,44.4028174051061],[-71.7390599318107,44.4078223046871]]]},"properties":{"TOWNNAME":"Concord"}},
{"type":"Feature","geometry":{"type":"Polygon","coordinates":[[[-72.3799056842565,44.3843554886056],[-72.3527882013502,44.4208634607778],[-72.3354872996863,44.4442060956377],[-72.3247415872254,44.4585567615442],[-72.3213952644,44.463175341907],[-72.3259063133564,44.4645088324799],[-72.3467517389125,44.4724651830375],[-72.3882108453256,44.4883454231688],[-72.4262529039299,44.5029875525306],[-72.434684329893,44.505247853204],[-72.4473433399102,44.487655253806],[-72.4505045424183,44.4835952996144],[-72.4586012854819,44.4726110619273],[-72.4642740740914,44.4654127554549],[-72.4669982602996,44.4615401009332],[-72.4744786517831,44.4522547041515],[-72.4759343716915,44.4500194498879],[-72.4812861451392,44.4436299795226],[-72.4847430738684,44.4391443161819],[-72.4850914986708,44.4367783834698],[-72.4932431021133,44.4258375944545],[-72.4749330790924,44.4190910415571],[-72.4543752901395,44.411381314691],[-72.4471743819108,44.4087486235185],[-72.3885513747884,44.3863331883449],[-72.3799056842565,44.3843554886056]]]},"properties":{"TOWNNAME":"Woodbury"}},
{"type":"Feature","geometry":{"type":"Polygon","coordinates":[[[-72.5507840694143,44.3454327956026],[-72.5261358603083,44.3792191526637],[-72.5029485554886,44.4109886461767],[-72.4935624163323,44.4239855935797],[-72.5123604484327,44.4339139524779],[-72.5595582810994,44.4590807534731],[-72.5972860732498,44.479393963966],[-72.5988938334271,44.4772723969921],[-72.6002508067464,44.4740242020544],[-72.6052446574058,44.467316082037],[-72.6246818857892,44.4401064681136],[-72.6543408452414,44.3983064877942],[-72.6486034130344,44.3954720217469],[-72.6088086621362,44.3750478535524],[-72.585353013791,44.3630393104366],[-72.5507840694143,44.3454327956026]]]},"properties":{"TOWNNAME":"Worcester"}},
{"type":"Feature","geometry":{"type":"Polygon","coordinates":[[[-72.8032071034057,44.4515249990348],[-72.8382972186703,44.4593018368201],[-72.8882056545822,44.4703285791794],[-72.9043174438732,44.4490397114474],[-72.9082721841407,44.4435775138538],[-72.916372059512,44.4328017510202],[-72.9187385328958,44.4290797076947],[-72.9260242515767,44.403107281206],[-72.9285400377267,44.3954087067548],[-72.9361783308576,44.3753034505984],[-72.9426593083486,44.363340674355],[-72.952122959109,44.3454438636214],[-72.9345335517223,44.3415239225487],[-72.9065578014533,44.3355920892226],[-72.880396719834,44.3298624609623],[-72.861253271672,44.3669094965379],[-72.8555509971481,44.3655951707911],[-72.8493551917476,44.3629717211954],[-72.8438289465889,44.362215959272],[-72.8422562031887,44.3616140158458],[-72.8358865779205,44.3601819092213],[-72.8328334771444,44.3587799697563],[-72.8287585275892,44.3603756208799],[-72.8259584408623,44.3590349568256],[-72.8182437608081,44.3688143145935],[-72.8023768538181,44.3885893775504],[-72.8304792387839,44.3997909104195],[-72.8398311837582,44.4034610420191],[-72.8333180620715,44.4118588461083],[-72.8185906555988,44.4312691003971],[-72.8143565505084,44.4367518336146],[-72.8032071034057,44.4515249990348]]]},"properties":{"TOWNNAME":"Bolton"}},
{"type":"Feature","geometry":{"type":"Polygon","coordinates":[[[-71.9846420025008,44.3361615560726],[-71.9823667010368,44.3371784033425],[-71.9774117779347,44.3375030957201],[-71.9726012891711,44.3367449439852],[-71.9619384999499,44.3366141516084],[-71.9579318030374,44.3375040628656],[-71.9550397435399,44.3376467684792],[-71.9446758755577,44.3376606132436],[-71.9384271242503,44.3357918722669],[-71.9345812059871,44.3359233753246],[-71.9299231785953,44.3373408021249],[-71.9281950105885,44.3384858338112],[-71.9246623842292,44.3422979096287],[-71.9205939524197,44.3443991078771],[-71.9171846900302,44.3467251884104],[-71.914222,44.347733],[-71.910621,44.348374],[-71.9048413281469,44.3481833860613],[-71.9003923939458,44.3472192930171],[-71.8921058451383,44.3434714085809],[-71.88848559498217,44.34300865793403],[-71.8845178609367,44.3419497869558],[-71.8813312715741,44.3401050062552],[-71.87546578461324,44.33773682643284],[-71.871451,44.336693],[-71.86884738402884,44.33749818138082],[-71.8643254621025,44.3395932371649],[-71.8604344223488,44.3404227963571],[-71.85285,44.34092],[-71.84219983524335,44.34514115839438],[-71.8379010138573,44.3479785950039],[-71.8469091690932,44.3566946103038],[-71.8604490344585,44.36996294862],[-71.8639419965857,44.3732620965754],[-71.8675729465757,44.3770961365135],[-71.8783993125052,44.3878221458672],[-71.9060506787915,44.4145977737924],[-71.9173950032645,44.4257561990499],[-71.9332233495114,44.4411474261937],[-72.0017628112319,44.4057813178011],[-72.0352582177175,44.3884671331752],[-71.9846420025008,44.3361615560726]]]},"properties":{"TOWNNAME":"Waterford"}},
{"type":"Feature","geometry":{"type":"Polygon","coordinates":[[[-72.4396716996716,44.3045008620145],[-72.4249888040092,44.324255220188],[-72.4123478322418,44.3413445792187],[-72.3948459462923,44.3651002835345],[-72.3831677759325,44.3808490175966],[-72.3799056842565,44.3843554886056],[-72.3885513747884,44.3863331883449],[-72.4471743819108,44.4087486235185],[-72.4543752901395,44.411381314691],[-72.4749330790924,44.4190910415571],[-72.4932431021133,44.4258375944545],[-72.4935624163323,44.4239855935797],[-72.5029485554886,44.4109886461767],[-72.5261358603083,44.3792191526637],[-72.5507840694143,44.3454327956026],[-72.5461560304586,44.3436150229326],[-72.5245429219828,44.3361793251931],[-72.4816340655071,44.3201534386847],[-72.4590585107566,44.3116737913286],[-72.4396716996716,44.3045008620145]]]},"properties":{"TOWNNAME":"Calais"}},
{"type":"Feature","geometry":{"type":"Polygon","coordinates":[[[-73.1334697997269,44.3646491047791],[-73.114494167162,44.3668043009578],[-73.1050499600585,44.3677602626231],[-73.089244529099,44.3695080959461],[-73.1164880910842,44.3950863715703],[-73.1267301728445,44.3976727318524],[-73.1416613143224,44.4017055108626],[-73.1401075895444,44.3937959652643],[-73.1367132335774,44.3783145474606],[-73.1334697997269,44.3646491047791]]]},"properties":{"TOWNNAME":"Saint George"}},
{"type":"Feature","geometry":{"type":"Polygon","coordinates":[[[-72.05923887823135,44.255834979982694],[-72.06007,44.258103],[-72.060272,44.260701],[-72.061245,44.263124],[-72.059002,44.265893],[-72.05961215558143,44.26775475154785],[-72.0583,44.269349],[-72.060299,44.269799],[-72.0632094205743,44.2688988487418],[-72.0650450517872,44.2676974497347],[-72.065746,44.268655],[-72.0670549486823,44.2681515641827],[-72.068478,44.270799],[-72.0682701067522,44.2724810174126],[-72.06617672572042,44.275387265255645],[-72.064389,44.279321],[-72.061507752995,44.2824571514723],[-72.0594242496439,44.2859634755772],[-72.05658342429919,44.28751622757234],[-72.053507343751,44.290430036881],[-72.0499894404533,44.2909348887251],[-72.0464963680902,44.2920481137976],[-72.0443208669574,44.2951826221892],[-72.04027170152,44.2957485011186],[-72.03757330204039,44.29713741768286],[-72.0353903878185,44.3000040849155],[-72.0327791097324,44.3023666674881],[-72.03230259387027,44.303953763651656],[-72.0325088244639,44.3112052838222],[-72.0315445710897,44.3137911243948],[-72.03149694997185,44.31542057826688],[-72.032985,44.316094],[-72.033626,44.318055],[-72.032802,44.320488],[-72.029002,44.322381],[-72.026085238139,44.3221428171631],[-72.0209197555292,44.3209582363515],[-72.0159321126956,44.3223806730951],[-72.009486535238,44.3226511578827],[-72.0070782037842,44.3231102138743],[-72.0046863860895,44.3242392318059],[-72.002707263787,44.3245292431378],[-71.9997422033915,44.3258240437782],[-71.9946334975708,44.3275984948105],[-71.9921194389058,44.3289565016189],[-71.9887540472281,44.3298514484792],[-71.9865586898362,44.3314277086055],[-71.9846420025008,44.3361615560726],[-72.0352582177175,44.3884671331752],[-72.0450982308979,44.3990072051255],[-72.0514488970779,44.3934339720989],[-72.073064115493,44.3751027816904],[-72.0942458510082,44.3571887946403],[-72.1055863166919,44.347465764555],[-72.1199307499667,44.3357292147366],[-72.1308593596781,44.3258672707231],[-72.1376846410728,44.3202139025039],[-72.1436799630991,44.314908524177],[-72.1627379052619,44.2982882397123],[-72.1795652610648,44.2839767436535],[-72.1881252026862,44.2766044583612],[-72.1591132458153,44.2723609654104],[-72.1199185913897,44.2659419559494],[-72.0819563354947,44.2596678598695],[-72.05923887823135,44.255834979982694]]]},"properties":{"TOWNNAME":"Barnet"}},
{"type":"Feature","geometry":{"type":"Polygon","coordinates":[[[-72.5739528994888,44.3133238480819],[-72.5728237519597,44.3153161246981],[-72.5507840694143,44.3454327956026],[-72.585353013791,44.3630393104366],[-72.6088086621362,44.3750478535524],[-72.6486034130344,44.3954720217469],[-72.6543408452414,44.3983064877942],[-72.6711559445803,44.3758761793092],[-72.6632332370403,44.3727948704509],[-72.6685594922246,44.3662308925409],[-72.6602569031441,44.3635825453325],[-72.6717371637853,44.3474502458302],[-72.6782404799434,44.3496605938253],[-72.6882887837298,44.3354744628045],[-72.6953704871412,44.324468796376],[-72.7051770175041,44.3283797077073],[-72.7064980369279,44.3268932747608],[-72.7167370713886,44.3129402135459],[-72.7148545738962,44.3126422787641],[-72.7104409589995,44.3142820569488],[-72.7085307969877,44.31431624913],[-72.7008228354849,44.3135400638376],[-72.6955818729862,44.3104728677024],[-72.6955447380683,44.3091034408293],[-72.6964847561051,44.3039188744778],[-72.6957367387146,44.2987273909393],[-72.6929863440878,44.2984557781742],[-72.68938221174,44.2968166543479],[-72.6881688861453,44.2951438937747],[-72.6853378764361,44.2934395568516],[-72.6808861225172,44.2915575518563],[-72.6777814043599,44.2909092227843],[-72.6749796304839,44.2915814218599],[-72.6730349393602,44.2899392261823],[-72.6702107393192,44.2895302898116],[-72.6694816380609,44.2886970949293],[-72.6695888976666,44.2863489842782],[-72.6664707977673,44.2851242911793],[-72.6642292729506,44.2832600812692],[-72.6615390878157,44.2821965429719],[-72.6604071605695,44.2801111777486],[-72.6606168860323,44.2762086638767],[-72.6590568094406,44.2750876724435],[-72.6547716917174,44.2751889565461],[-72.6516748378889,44.2755927913873],[-72.6502533527836,44.2747630888841],[-72.6438671873606,44.2736230262857],[-72.6391046660226,44.2719757519889],[-72.632377408809,44.2694782909514],[-72.6291626201151,44.2661790419415],[-72.6285654451599,44.2651403274808],[-72.6252110047653,44.2633332912243],[-72.6151308385435,44.2591079512525],[-72.6124488897526,44.2586291323699],[-72.5927556528675,44.2863759248009],[-72.5849007358357,44.2979232469238],[-72.5739528994888,44.3133238480819]]]},"properties":{"TOWNNAME":"Middlesex"}},
{"type":"Feature","geometry":{"type":"Polygon","coordinates":[[[-72.1881252026862,44.2766044583612],[-72.1795652610648,44.2839767436535],[-72.1627379052619,44.2982882397123],[-72.1436799630991,44.314908524177],[-72.1376846410728,44.3202139025039],[-72.1308593596781,44.3258672707231],[-72.1199307499667,44.3357292147366],[-72.1055863166919,44.347465764555],[-72.0942458510082,44.3571887946403],[-72.1367507841243,44.3650053390672],[-72.1709453408854,44.3713946751733],[-72.1676765472157,44.3853209580065],[-72.2167981531494,44.3940914072456],[-72.2277851540289,44.3969060165751],[-72.2440684791746,44.3750460592038],[-72.2700973280778,44.340381969882],[-72.2768809235451,44.3342416091731],[-72.2880129160022,44.3244064190511],[-72.3168352739269,44.298790099871],[-72.2916640752976,44.2943067542737],[-72.2776667108945,44.29188562081],[-72.2421451183912,44.2856310880141],[-72.1941829462075,44.2777194838249],[-72.1881252026862,44.2766044583612]]]},"properties":{"TOWNNAME":"Peacham"}},
{"type":"Feature","geometry":{"type":"Polygon","coordinates":[[[-72.8259584408623,44.3590349568256],[-72.8287585275892,44.3603756208799],[-72.8328334771444,44.3587799697563],[-72.8358865779205,44.3601819092213],[-72.8422562031887,44.3616140158458],[-72.8438289465889,44.362215959272],[-72.8493551917476,44.3629717211954],[-72.8555509971481,44.3655951707911],[-72.861253271672,44.3669094965379],[-72.880396719834,44.3298624609623],[-72.896107786267,44.2996349510716],[-72.9059597739027,44.2805633364276],[-72.894981760461,44.2781063632473],[-72.8918359987249,44.2748845632019],[-72.8687210212355,44.266794646992],[-72.8574380445925,44.2627483764507],[-72.8372243370099,44.2556157437631],[-72.8174577415075,44.2487840971487],[-72.7894736707,44.2395766307278],[-72.7760043890349,44.2660210957608],[-72.7622433096736,44.2934556381626],[-72.7512304948842,44.3163772570714],[-72.7454723492946,44.3281491806847],[-72.747753107135,44.328779031331],[-72.7515377386397,44.3283649630434],[-72.7541200505051,44.3285518411724],[-72.7573950441692,44.3300471896667],[-72.7591173955666,44.3325254142689],[-72.7629463469358,44.3335758392806],[-72.7639497448049,44.3378347921173],[-72.7619197444474,44.3422962020081],[-72.7630259596251,44.3437560191672],[-72.7685182182647,44.3441302266504],[-72.7715190060235,44.3432546634504],[-72.7727142689144,44.343605413666],[-72.7736213237038,44.3476701108632],[-72.7754066129044,44.3504486103999],[-72.7775709547937,44.3517040457605],[-72.7802345457651,44.3521591352781],[-72.7840779399935,44.3519616382746],[-72.7864702806563,44.3523370695593],[-72.7941539814004,44.3547689607648],[-72.7985059974988,44.355435255387],[-72.8002342555702,44.356913870627],[-72.8011923952435,44.3587597888504],[-72.8030234093668,44.3601121847826],[-72.810061121986,44.3583112751043],[-72.8133242137971,44.3603137048597],[-72.8162186466258,44.3599258530066],[-72.8186454977086,44.357729491338],[-72.8229351577757,44.3574581639131],[-72.8259584408623,44.3590349568256]]]},"properties":{"TOWNNAME":"Duxbury"}},
{"type":"Feature","geometry":{"type":"MultiPolygon","coordinates":[[[[-73.1967983628751,44.2666420307136],[-73.1618324863351,44.2715366126558],[-73.1521967648677,44.2724597943479],[-73.1452512034297,44.2733841882397],[-73.1489794308539,44.2918193437511],[-73.1558031295159,44.3224636918398],[-73.1590299672646,44.3360648992306],[-73.1605515368605,44.3420336977981],[-73.165315649593,44.3622175732362],[-73.1792055563309,44.3605548548636],[-73.207025755344,44.3573311954655],[-73.2387119415211,44.3534674443073],[-73.2611906280349,44.3509589733564],[-73.28016822930427,44.34873873892237],[-73.28279,44.348386],[-73.284472,44.347295],[-73.284505,44.34518],[-73.281814,44.343285],[-73.281281,44.341499],[-73.281833,44.337564],[-73.280428,44.335931],[-73.282711,44.33272],[-73.285284,44.332115],[-73.288295,44.327559],[-73.290709,44.326074],[-73.2909,44.32406],[-73.292096,44.322503],[-73.292423,44.319798],[-73.294899,44.318084],[-73.294901,44.313155],[-73.29557,44.310365],[-73.296733,44.309401],[-73.301223,44.308158],[-73.301096,44.307188],[-73.302608,44.305333],[-73.301916,44.303505],[-73.298295,44.302555],[-73.294865,44.301072],[-73.293611,44.298742],[-73.295184,44.296783],[-73.297978,44.29682],[-73.299577,44.298829],[-73.301121,44.298672],[-73.301161,44.297155],[-73.302613,44.296695],[-73.300533,44.294702],[-73.300828,44.293608],[-73.303668,44.292543],[-73.303326,44.291655],[-73.300748,44.29105],[-73.297167,44.290978],[-73.294549,44.29269],[-73.293324,44.292465],[-73.291119,44.29394],[-73.290402,44.29591],[-73.28788,44.295724],[-73.285723,44.29471],[-73.284713,44.29329],[-73.286186,44.2923],[-73.287794,44.288264],[-73.285224,44.289418],[-73.282972,44.288858],[-73.281413,44.2877],[-73.280405,44.285299],[-73.281767,44.282677],[-73.283787,44.282302],[-73.285864,44.280686],[-73.287749,44.281502],[-73.290288,44.279843],[-73.293528,44.277006],[-73.295596,44.276393],[-73.297029,44.274731],[-73.301707,44.27092],[-73.301421,44.270101],[-73.304627,44.268789],[-73.304841,44.26656],[-73.303382,44.26774],[-73.302526,44.267259],[-73.29979,44.268335],[-73.298764,44.267923],[-73.296059,44.269256],[-73.295503,44.268401],[-73.297221,44.266149],[-73.296887,44.264969],[-73.292107,44.26714],[-73.288112,44.27033],[-73.289718,44.273393],[-73.287252,44.274513],[-73.285963,44.274489],[-73.283575,44.275529],[-73.280552,44.275506],[-73.278533,44.274697],[-73.278176,44.271657],[-73.27563,44.271961],[-73.272552,44.271771],[-73.268147,44.268683],[-73.263578,44.273165],[-73.265086,44.267467],[-73.263368,44.266468],[-73.264101,44.26566],[-73.26593,44.266543],[-73.26815,44.265857],[-73.269837,44.264415],[-73.270942,44.264449],[-73.271874,44.262564],[-73.27054472073391,44.26013030115089],[-73.2491434579938,44.2617723125519],[-73.1967983628751,44.2666420307136]]],[[[-73.291217,44.286285],[-73.292315,44.285617],[-73.291194,44.285033],[-73.291217,44.286285]]],[[[-73.295825,44.281222],[-73.293279,44.28203],[-73.292945,44.283587],[-73.296055,44.284277],[-73.298084,44.283218],[-73.298586,44.281785],[-73.295825,44.281222]]]]},"properties":{"TOWNNAME":"Charlotte"}},
{"type":"Feature","geometry":{"type":"Polygon","coordinates":[[[-72.880396719834,44.3298624609623],[-72.9065578014533,44.3355920892226],[-72.9345335517223,44.3415239225487],[-72.952122959109,44.3454438636214],[-72.9806316822063,44.3514260910564],[-73.0327852961161,44.3624561836283],[-73.0279781248994,44.33949362588],[-73.0203728420129,44.3037537663308],[-73.0058479191561,44.3009831930459],[-72.9758817419719,44.2950473921709],[-72.9708018780735,44.2633464618139],[-72.9654508031999,44.2313997281169],[-72.9551579282176,44.2292750269236],[-72.9222965843346,44.2227445718872],[-72.917579281902,44.2323836683135],[-72.9020828062777,44.2636127051794],[-72.894981760461,44.2781063632473],[-72.9059597739027,44.2805633364276],[-72.896107786267,44.2996349510716],[-72.880396719834,44.3298624609623]]]},"properties":{"TOWNNAME":"Huntington"}},
{"type":"Feature","geometry":{"type":"Polygon","coordinates":[[[-72.7167370713886,44.3129402135459],[-72.7064980369279,44.3268932747608],[-72.7051770175041,44.3283797077073],[-72.6953704871412,44.324468796376],[-72.6882887837298,44.3354744628045],[-72.6782404799434,44.3496605938253],[-72.6717371637853,44.3474502458302],[-72.6602569031441,44.3635825453325],[-72.6685594922246,44.3662308925409],[-72.6632332370403,44.3727948704509],[-72.6711559445803,44.3758761793092],[-72.6543408452414,44.3983064877942],[-72.6649261598871,44.4026284198638],[-72.6807202833603,44.4092072504763],[-72.7058291864326,44.4194626168372],[-72.73434433301,44.4308277503959],[-72.7655604921383,44.4428145902796],[-72.7860666167753,44.4474175568984],[-72.8032071034057,44.4515249990348],[-72.8143565505084,44.4367518336146],[-72.8185906555988,44.4312691003971],[-72.8333180620715,44.4118588461083],[-72.8398311837582,44.4034610420191],[-72.8304792387839,44.3997909104195],[-72.8023768538181,44.3885893775504],[-72.8182437608081,44.3688143145935],[-72.8259584408623,44.3590349568256],[-72.8229351577757,44.3574581639131],[-72.8186454977086,44.357729491338],[-72.8162186466258,44.3599258530066],[-72.8133242137971,44.3603137048597],[-72.810061121986,44.3583112751043],[-72.8030234093668,44.3601121847826],[-72.8011923952435,44.3587597888504],[-72.8002342555702,44.356913870627],[-72.7985059974988,44.355435255387],[-72.7941539814004,44.3547689607648],[-72.7864702806563,44.3523370695593],[-72.7840779399935,44.3519616382746],[-72.7802345457651,44.3521591352781],[-72.7775709547937,44.3517040457605],[-72.7754066129044,44.3504486103999],[-72.7736213237038,44.3476701108632],[-72.7727142689144,44.343605413666],[-72.7715190060235,44.3432546634504],[-72.7685182182647,44.3441302266504],[-72.7630259596251,44.3437560191672],[-72.7619197444474,44.3422962020081],[-72.7639497448049,44.3378347921173],[-72.7629463469358,44.3335758392806],[-72.7591173955666,44.3325254142689],[-72.7573950441692,44.3300471896667],[-72.7541200505051,44.3285518411724],[-72.7515377386397,44.3283649630434],[-72.747753107135,44.328779031331],[-72.7454723492946,44.3281491806847],[-72.7421286084328,44.3263560402475],[-72.7405432417785,44.3234640912857],[-72.7381165719603,44.3226691006829],[-72.733443526683,44.3224268442914],[-72.7267712281873,44.31854088554],[-72.7253321324808,44.3169327822949],[-72.7248148721237,44.3150465581475],[-72.7203147168442,44.3146709478125],[-72.7167370713886,44.3129402135459]]]},"properties":{"TOWNNAME":"Waterbury"}},
{"type":"Feature","geometry":{"type":"Polygon","coordinates":[[[-72.3368702861127,44.2462235699491],[-72.3350950434871,44.2475241979621],[-72.3235407861402,44.2629280476531],[-72.3166527185801,44.2722373101661],[-72.3168352739269,44.298790099871],[-72.2880129160022,44.3244064190511],[-72.2768809235451,44.3342416091731],[-72.2700973280778,44.340381969882],[-72.3125491503063,44.3569814019931],[-72.3237122275021,44.3614567080398],[-72.3585145236927,44.3750688463625],[-72.3743999739888,44.3813949904339],[-72.3799056842565,44.3843554886056],[-72.3831677759325,44.3808490175966],[-72.3948459462923,44.3651002835345],[-72.4123478322418,44.3413445792187],[-72.4249888040092,44.324255220188],[-72.4396716996716,44.3045008620145],[-72.4292680725432,44.3005980911706],[-72.4403010783318,44.2863263491378],[-72.4069829304343,44.273632826746],[-72.3543040889029,44.2531551386796],[-72.3368702861127,44.2462235699491]]]},"properties":{"TOWNNAME":"Marshfield"}},
{"type":"Feature","geometry":{"type":"Polygon","coordinates":[[[-72.4802213956652,44.2338672347442],[-72.4546353646921,44.2676980588039],[-72.4403010783318,44.2863263491378],[-72.4292680725432,44.3005980911706],[-72.4396716996716,44.3045008620145],[-72.4590585107566,44.3116737913286],[-72.4816340655071,44.3201534386847],[-72.5245429219828,44.3361793251931],[-72.5461560304586,44.3436150229326],[-72.5507840694143,44.3454327956026],[-72.5728237519597,44.3153161246981],[-72.5739528994888,44.3133238480819],[-72.5643125619083,44.3098062094897],[-72.5719202235869,44.2996750865503],[-72.5618080173491,44.2958377032207],[-72.5663076169103,44.2895493789708],[-72.561196165961,44.2875747445119],[-72.5656710837706,44.2809532539391],[-72.557084876472,44.2777631898022],[-72.5586705700144,44.2754979473397],[-72.5554748469356,44.2742941410014],[-72.5569289007932,44.2725390416923],[-72.555482965405,44.2718954574289],[-72.5573312952127,44.2693098632886],[-72.5361221857558,44.261418142802],[-72.5404876584147,44.2554420269205],[-72.5250882334721,44.2492157643557],[-72.5317981319557,44.240188719282],[-72.5299372547355,44.2390726995646],[-72.5245822634781,44.23787888779],[-72.5234290498105,44.2383577928321],[-72.5223924444906,44.2402714099831],[-72.5197932589969,44.2410150967467],[-72.5185542312569,44.2413665688829],[-72.4802213956652,44.2338672347442]]]},"properties":{"TOWNNAME":"East Montpelier"}},
{"type":"Feature","geometry":{"type":"Polygon","coordinates":[[[-72.7167370713886,44.3129402135459],[-72.7203147168442,44.3146709478125],[-72.7248148721237,44.3150465581475],[-72.7253321324808,44.3169327822949],[-72.7267712281873,44.31854088554],[-72.733443526683,44.3224268442914],[-72.7381165719603,44.3226691006829],[-72.7405432417785,44.3234640912857],[-72.7421286084328,44.3263560402475],[-72.7454723492946,44.3281491806847],[-72.7512304948842,44.3163772570714],[-72.7622433096736,44.2934556381626],[-72.7760043890349,44.2660210957608],[-72.7894736707,44.2395766307278],[-72.7805385770059,44.2352439842431],[-72.7377901943613,44.2130536776766],[-72.7332709588245,44.2106501236543],[-72.7047032506537,44.1960777858392],[-72.6836853757458,44.1852762502247],[-72.6684751855864,44.2151502475],[-72.6505442472284,44.2500918716082],[-72.6455645986169,44.2586049633259],[-72.6391046660226,44.2719757519889],[-72.6438671873606,44.2736230262857],[-72.6502533527836,44.2747630888841],[-72.6516748378889,44.2755927913873],[-72.6547716917174,44.2751889565461],[-72.6590568094406,44.2750876724435],[-72.6606168860323,44.2762086638767],[-72.6604071605695,44.2801111777486],[-72.6615390878157,44.2821965429719],[-72.6642292729506,44.2832600812692],[-72.6664707977673,44.2851242911793],[-72.6695888976666,44.2863489842782],[-72.6694816380609,44.2886970949293],[-72.6702107393192,44.2895302898116],[-72.6730349393602,44.2899392261823],[-72.6749796304839,44.2915814218599],[-72.6777814043599,44.2909092227843],[-72.6808861225172,44.2915575518563],[-72.6853378764361,44.2934395568516],[-72.6881688861453,44.2951438937747],[-72.68938221174,44.2968166543479],[-72.6929863440878,44.2984557781742],[-72.6957367387146,44.2987273909393],[-72.6964847561051,44.3039188744778],[-72.6955447380683,44.3091034408293],[-72.6955818729862,44.3104728677024],[-72.7008228354849,44.3135400638376],[-72.7085307969877,44.31431624913],[-72.7104409589995,44.3142820569488],[-72.7148545738962,44.3126422787641],[-72.7167370713886,44.3129402135459]]]},"properties":{"TOWNNAME":"Moretown"}},
{"type":"Feature","geometry":{"type":"Polygon","coordinates":[[[-72.5317981319557,44.240188719282],[-72.5250882334721,44.2492157643557],[-72.5404876584147,44.2554420269205],[-72.5361221857558,44.261418142802],[-72.5573312952127,44.2693098632886],[-72.555482965405,44.2718954574289],[-72.5569289007932,44.2725390416923],[-72.5554748469356,44.2742941410014],[-72.5586705700144,44.2754979473397],[-72.557084876472,44.2777631898022],[-72.5656710837706,44.2809532539391],[-72.561196165961,44.2875747445119],[-72.5663076169103,44.2895493789708],[-72.5618080173491,44.2958377032207],[-72.5719202235869,44.2996750865503],[-72.5643125619083,44.3098062094897],[-72.5739528994888,44.3133238480819],[-72.5849007358357,44.2979232469238],[-72.5927556528675,44.2863759248009],[-72.6124488897526,44.2586291323699],[-72.6031086875512,44.2579874008652],[-72.6009625411231,44.2565109014578],[-72.602029202482,44.253283460525],[-72.6010689454974,44.2520566228625],[-72.5978543537497,44.250682810866],[-72.5879685397656,44.2486239293574],[-72.5902941054522,44.243732454872],[-72.5532633502789,44.2349321913722],[-72.5532630884159,44.2360309851657],[-72.5503157798938,44.2396314534887],[-72.5473267335693,44.2417467950125],[-72.5444794860483,44.2414239446059],[-72.5418887976645,44.2425301054273],[-72.5334410077697,44.2413216013155],[-72.5317981319557,44.240188719282]]]},"properties":{"TOWNNAME":"Montpelier"}},
{"type":"Feature","geometry":{"type":"Polygon","coordinates":[[[-72.9522057308994,44.1614204692395],[-72.9547294474127,44.1736445442181],[-72.9570344462544,44.1858166727304],[-72.9654508031999,44.2313997281169],[-72.9708018780735,44.2633464618139],[-72.9758817419719,44.2950473921709],[-73.0058479191561,44.3009831930459],[-73.0203728420129,44.3037537663308],[-73.0165193343451,44.2853658555747],[-73.0700123840122,44.2799348660782],[-73.0705880222907,44.2838702930658],[-73.0803409178583,44.2823260275254],[-73.0768614142371,44.262861271396],[-73.0754889203664,44.2555928387155],[-73.0849265504375,44.2545485330552],[-73.079469672762,44.2268527949105],[-73.0710375058775,44.1843264830991],[-73.0491257477969,44.1865383639345],[-73.0496754651155,44.1895542038901],[-73.0230574429171,44.1921312080748],[-73.0167587027097,44.1590865256247],[-73.0170143640985,44.1575833639467],[-73.0163767670556,44.1551580550606],[-73.0091252248411,44.155186192253],[-72.954625577675,44.1608391870856],[-72.9522057308994,44.1614204692395]]]},"properties":{"TOWNNAME":"Starksboro"}},
{"type":"Feature","geometry":{"type":"Polygon","coordinates":[[[-72.166334073243,44.1907843675843],[-72.1674081080276,44.1958005455906],[-72.1711780557778,44.2105864240907],[-72.1780247808313,44.2368454174235],[-72.1824504046964,44.2555456092026],[-72.1850744397139,44.2658190527224],[-72.1881252026862,44.2766044583612],[-72.1941829462075,44.2777194838249],[-72.2421451183912,44.2856310880141],[-72.2776667108945,44.29188562081],[-72.2916640752976,44.2943067542737],[-72.3168352739269,44.298790099871],[-72.3166527185801,44.2722373101661],[-72.3235407861402,44.2629280476531],[-72.3350950434871,44.2475241979621],[-72.3368702861127,44.2462235699491],[-72.3506090635564,44.2282211421443],[-72.3688814028067,44.2038973456961],[-72.3472607917228,44.1969497318239],[-72.3052020547647,44.1830956165089],[-72.2544158548604,44.1868474545759],[-72.1999259812384,44.1907711619679],[-72.1743657558358,44.1926696277424],[-72.170691985222,44.1919812227194],[-72.166334073243,44.1907843675843]]]},"properties":{"TOWNNAME":"Groton"}},
{"type":"Feature","geometry":{"type":"Polygon","coordinates":[[[-72.3688814028067,44.2038973456961],[-72.3506090635564,44.2282211421443],[-72.3368702861127,44.2462235699491],[-72.3543040889029,44.2531551386796],[-72.4069829304343,44.273632826746],[-72.4403010783318,44.2863263491378],[-72.4546353646921,44.2676980588039],[-72.4802213956652,44.2338672347442],[-72.4410573661367,44.2260971158484],[-72.4285669194133,44.2237493010949],[-72.4257979848533,44.2230662454394],[-72.4192004032508,44.2207912799444],[-72.4044156164618,44.2157841198448],[-72.3688814028067,44.2038973456961]]]},"properties":{"TOWNNAME":"Plainfield"}},
{"type":"Feature","geometry":{"type":"Polygon","coordinates":[[[-73.1496270199361,44.1767224119438],[-73.1048791403824,44.1809854123259],[-73.0710375058775,44.1843264830991],[-73.079469672762,44.2268527949105],[-73.0849265504375,44.2545485330552],[-73.0754889203664,44.2555928387155],[-73.0768614142371,44.262861271396],[-73.0803409178583,44.2823260275254],[-73.1047313643251,44.2788423212691],[-73.1355699680045,44.2747389337628],[-73.1452512034297,44.2733841882397],[-73.1521967648677,44.2724597943479],[-73.1618324863351,44.2715366126558],[-73.1967983628751,44.2666420307136],[-73.1960155996757,44.2621964042955],[-73.1886728417564,44.2272511152188],[-73.1807362583107,44.1902980997864],[-73.1771354286457,44.1739477381836],[-73.1548462068309,44.1758890089183],[-73.1496270199361,44.1767224119438]]]},"properties":{"TOWNNAME":"Monkton"}},
{"type":"Feature","geometry":{"type":"Polygon","coordinates":[[[-72.868713223089,44.1548373587995],[-72.8597376769935,44.1642727467594],[-72.8475542506539,44.1768105014126],[-72.8418213411189,44.1829775492096],[-72.8312677547276,44.1937697645484],[-72.8191271444646,44.2072051007927],[-72.808940429697,44.2182634601447],[-72.8042989522153,44.2235489469533],[-72.7894736707,44.2395766307278],[-72.8174577415075,44.2487840971487],[-72.8372243370099,44.2556157437631],[-72.8574380445925,44.2627483764507],[-72.8687210212355,44.266794646992],[-72.8918359987249,44.2748845632019],[-72.894981760461,44.2781063632473],[-72.9020828062777,44.2636127051794],[-72.917579281902,44.2323836683135],[-72.9222965843346,44.2227445718872],[-72.9419993681506,44.1824616198057],[-72.9522057308994,44.1614204692395],[-72.9340780757321,44.1628326813965],[-72.9046500121949,44.164797850439],[-72.893279280611,44.1650933393518],[-72.8918540340087,44.1609717520064],[-72.8884563015392,44.1599204592259],[-72.8716477241512,44.1557215481458],[-72.868713223089,44.1548373587995]]]},"properties":{"TOWNNAME":"Fayston"}},
{"type":"Feature","geometry":{"type":"Polygon","coordinates":[[[-72.5317981319557,44.240188719282],[-72.5334410077697,44.2413216013155],[-72.5418887976645,44.2425301054273],[-72.5444794860483,44.2414239446059],[-72.5473267335693,44.2417467950125],[-72.5503157798938,44.2396314534887],[-72.5532630884159,44.2360309851657],[-72.5532633502789,44.2349321913722],[-72.5902941054522,44.243732454872],[-72.5879685397656,44.2486239293574],[-72.5978543537497,44.250682810866],[-72.6010689454974,44.2520566228625],[-72.602029202482,44.253283460525],[-72.6009625411231,44.2565109014578],[-72.6031086875512,44.2579874008652],[-72.6124488897526,44.2586291323699],[-72.6151308385435,44.2591079512525],[-72.6252110047653,44.2633332912243],[-72.6285654451599,44.2651403274808],[-72.6291626201151,44.2661790419415],[-72.632377408809,44.2694782909514],[-72.6391046660226,44.2719757519889],[-72.6455645986169,44.2586049633259],[-72.6505442472284,44.2500918716082],[-72.6684751855864,44.2151502475],[-72.6836853757458,44.1852762502247],[-72.6809877611459,44.1845271710679],[-72.6102664010063,44.1664824173409],[-72.586559258585,44.1602688288265],[-72.5706740865108,44.1563002389618],[-72.5639860762914,44.1547913731754],[-72.5597092306956,44.1629214805815],[-72.5585976644738,44.1657382372091],[-72.5447802828286,44.1923355560925],[-72.5383656234171,44.2050195838444],[-72.5381901861212,44.2049729151138],[-72.5324808094962,44.2161363272984],[-72.5326552947872,44.2161770029506],[-72.5197932589969,44.2410150967467],[-72.5223924444906,44.2402714099831],[-72.5234290498105,44.2383577928321],[-72.5245822634781,44.23787888779],[-72.5299372547355,44.2390726995646],[-72.5317981319557,44.240188719282]]]},"properties":{"TOWNNAME":"Berlin"}},
{"type":"Feature","geometry":{"type":"Polygon","coordinates":[[[-73.212764624572,44.1597690148564],[-73.1736532637355,44.1535631815559],[-73.1771354286457,44.1739477381836],[-73.1807362583107,44.1902980997864],[-73.1886728417564,44.2272511152188],[-73.1960155996757,44.2621964042955],[-73.1967983628751,44.2666420307136],[-73.2491434579938,44.2617723125519],[-73.27054472073391,44.26013030115089],[-73.269268,44.25855],[-73.268235,44.25848],[-73.268379,44.257163],[-73.269835,44.255979],[-73.272876,44.256527],[-73.273762,44.257654],[-73.276275,44.257818],[-73.27723,44.257099],[-73.276762,44.255377],[-73.278281,44.254612],[-73.278688,44.253322],[-73.280047,44.253036],[-73.281016,44.255661],[-73.283036,44.256786],[-73.2831,44.255751],[-73.280001,44.252536],[-73.280335,44.251505],[-73.275664,44.249463],[-73.274384,44.248535],[-73.270218,44.248148],[-73.268962,44.247224],[-73.26548,44.247131],[-73.265045,44.244162],[-73.26619,44.243639],[-73.26608,44.242368],[-73.261977,44.242648],[-73.263027,44.242025],[-73.262684,44.240126],[-73.263688,44.240554],[-73.264683,44.239538],[-73.269238,44.240849],[-73.268179,44.24141],[-73.269448,44.245818],[-73.272375,44.244921],[-73.277576,44.244032],[-73.276439,44.242642],[-73.272528,44.242272],[-73.273014,44.241222],[-73.272148,44.239354],[-73.274255,44.240669],[-73.27544,44.239984],[-73.275108,44.236981],[-73.273201,44.234562],[-73.27,44.231741],[-73.268474,44.231119],[-73.267664,44.229536],[-73.266114,44.229553],[-73.26439,44.22837],[-73.260703,44.227364],[-73.257998,44.229524],[-73.255363,44.230567],[-73.254587,44.22999],[-73.257315,44.229032],[-73.25823,44.227867],[-73.261629,44.226609],[-73.265308,44.227099],[-73.26978,44.229026],[-73.274877,44.231664],[-73.275572,44.229484],[-73.275604,44.22693],[-73.276242,44.226049],[-73.277036,44.227071],[-73.277608,44.229583],[-73.280065,44.230106],[-73.279126,44.232275],[-73.27972,44.235268],[-73.28131,44.235058],[-73.281659,44.236738],[-73.280838,44.240196],[-73.281679,44.243243],[-73.284311,44.243048],[-73.288366,44.241772],[-73.288208,44.240608],[-73.290187,44.240557],[-73.290394,44.24137],[-73.293645,44.243224],[-73.294933,44.243077],[-73.297533,44.243908],[-73.298344,44.245756],[-73.299528,44.245315],[-73.299131,44.242923],[-73.297065,44.240138],[-73.295101,44.239257],[-73.296422,44.237274],[-73.298171,44.238308],[-73.299332,44.237394],[-73.300461,44.234746],[-73.301781,44.234873],[-73.302131,44.23604],[-73.30147,44.23815],[-73.302893,44.238496],[-73.302416,44.24195],[-73.304149,44.242602],[-73.307162,44.241813],[-73.307266,44.239407],[-73.308029,44.237685],[-73.310264,44.238168],[-73.311789,44.237574],[-73.312204,44.236374],[-73.313436,44.237218],[-73.316528,44.237972],[-73.317395,44.235428],[-73.315796,44.234406],[-73.318269,44.233177],[-73.318078,44.231027],[-73.315701,44.231262],[-73.313444,44.230266],[-73.313452,44.227272],[-73.31501,44.224671],[-73.316106,44.225398],[-73.318523,44.224912],[-73.32105,44.22539],[-73.322116,44.226369],[-73.320486,44.227992],[-73.322195,44.22867],[-73.324024,44.228603],[-73.326702,44.22681],[-73.324213,44.226299],[-73.325152,44.224145],[-73.320685,44.223957],[-73.317998,44.221735],[-73.317799,44.218828],[-73.32155,44.21756],[-73.32221,44.218236],[-73.325643,44.216805],[-73.326788,44.217776],[-73.332581,44.217325],[-73.333083,44.21962],[-73.335602,44.219238],[-73.337485,44.217149],[-73.339718,44.216659],[-73.346034,44.213695],[-73.345915,44.21259],[-73.348576,44.211787],[-73.350158,44.211868],[-73.35154,44.210556],[-73.353032,44.207548],[-73.353094,44.205356],[-73.355152,44.204675],[-73.356511,44.20563],[-73.35686,44.204209],[-73.35601,44.20362],[-73.357817,44.1988],[-73.360256,44.199004],[-73.360226,44.200332],[-73.362396,44.199751],[-73.363922,44.197653],[-73.362648,44.196473],[-73.364454,44.195456],[-73.364807,44.196625],[-73.366086,44.196265],[-73.370444,44.192348],[-73.370552,44.189316],[-73.371423,44.186469],[-73.370959,44.182943],[-73.370139,44.181616],[-73.371043,44.179892],[-73.370454,44.17815],[-73.368424,44.181592],[-73.364627,44.182146],[-73.357771,44.180548],[-73.35422,44.179043],[-73.351073,44.176909],[-73.350778,44.17568],[-73.351881,44.17313],[-73.35549,44.167506],[-73.357538,44.165406],[-73.360068,44.163471],[-73.3624105529896,44.15642844899881],[-73.2706373461868,44.165264747095],[-73.2727023403878,44.1769955341368],[-73.2434281238707,44.1802655216884],[-73.2416979902143,44.1724523193025],[-73.2402678141011,44.1641026296877],[-73.228079906854,44.1622579386538],[-73.212764624572,44.1597690148564]]]},"properties":{"TOWNNAME":"Ferrisburgh"}},
{"type":"Feature","geometry":{"type":"Polygon","coordinates":[[[-72.443377248052,44.1288108026144],[-72.4379863576829,44.148880729854],[-72.424011448763,44.2028065787251],[-72.4192004032508,44.2207912799444],[-72.4257979848533,44.2230662454394],[-72.4285669194133,44.2237493010949],[-72.4410573661367,44.2260971158484],[-72.4802213956652,44.2338672347442],[-72.5185542312569,44.2413665688829],[-72.5197932589969,44.2410150967467],[-72.5326552947872,44.2161770029506],[-72.5324808094962,44.2161363272984],[-72.5143386224979,44.2118799020004],[-72.5135038134531,44.2137566618236],[-72.5030745872553,44.2114556956382],[-72.5022492919931,44.212809209239],[-72.50218409896,44.2161998298859],[-72.4971859990376,44.2150597101164],[-72.4982497043065,44.2133989811547],[-72.4971712362608,44.2123745015495],[-72.4957180539847,44.2147064188182],[-72.4922318896562,44.2139126245246],[-72.4960020935139,44.2057104000843],[-72.4891773031001,44.2040733244014],[-72.4885403554223,44.2008383342051],[-72.48778445444,44.2002862011588],[-72.4828287854638,44.1994927613581],[-72.4869065701161,44.1896596247692],[-72.4830076529646,44.1852279934875],[-72.4848657341565,44.1847457679785],[-72.4857901448109,44.1852480832647],[-72.4872630097031,44.1828962125317],[-72.4892491096475,44.1834707929306],[-72.4895107138816,44.1844047410718],[-72.4908882106288,44.18383237301],[-72.4936900836231,44.1844790277574],[-72.4940838613619,44.1826950804958],[-72.4962316829758,44.1801524171558],[-72.497496529683,44.1809099322919],[-72.4997987029354,44.1810693035163],[-72.5048329921683,44.182096184977],[-72.5036939042223,44.1843482829187],[-72.5142786741219,44.1869728219096],[-72.513167262522,44.1898664340428],[-72.522704671733,44.1924159663347],[-72.5217490642815,44.1949748309826],[-72.5279798350372,44.1965360411292],[-72.5276108608078,44.1974710425841],[-72.5339281145487,44.1990233567588],[-72.5323455996795,44.203415773445],[-72.5381901861212,44.2049729151138],[-72.5383656234171,44.2050195838444],[-72.5447802828286,44.1923355560925],[-72.5585976644738,44.1657382372091],[-72.5597092306956,44.1629214805815],[-72.5545562146272,44.161342852107],[-72.5319799950633,44.1550093862513],[-72.5219266767639,44.1520644420716],[-72.5045532880208,44.1472560487278],[-72.4925391771038,44.1437929656538],[-72.4787479972122,44.1400806201075],[-72.4744730883505,44.1387505334084],[-72.4555395907496,44.1333530048738],[-72.443377248052,44.1288108026144]]]},"properties":{"TOWNNAME":"Barre Town"}},
{"type":"Feature","geometry":{"type":"Polygon","coordinates":[[[-72.9522057308994,44.1614204692395],[-72.9419993681506,44.1824616198057],[-72.9222965843346,44.2227445718872],[-72.9551579282176,44.2292750269236],[-72.9654508031999,44.2313997281169],[-72.9570344462544,44.1858166727304],[-72.9547294474127,44.1736445442181],[-72.9522057308994,44.1614204692395]]]},"properties":{"TOWNNAME":"Buels Gore"}},
{"type":"Feature","geometry":{"type":"Polygon","coordinates":[[[-72.3052020547647,44.1830956165089],[-72.3472607917228,44.1969497318239],[-72.3688814028067,44.2038973456961],[-72.4044156164618,44.2157841198448],[-72.4192004032508,44.2207912799444],[-72.424011448763,44.2028065787251],[-72.4379863576829,44.148880729854],[-72.443377248052,44.1288108026144],[-72.4121307310187,44.1181562419435],[-72.3487807736312,44.0962691296579],[-72.3313702368917,44.0924154050341],[-72.320961064211,44.1279333179302],[-72.3154387156666,44.1471834770297],[-72.309985345051,44.1651653230496],[-72.3074670880766,44.1741654784244],[-72.3052020547647,44.1830956165089]]]},"properties":{"TOWNNAME":"Orange"}},
{"type":"Feature","geometry":{"type":"Polygon","coordinates":[[[-72.5381901861212,44.2049729151138],[-72.5323455996795,44.203415773445],[-72.5339281145487,44.1990233567588],[-72.5276108608078,44.1974710425841],[-72.5279798350372,44.1965360411292],[-72.5217490642815,44.1949748309826],[-72.522704671733,44.1924159663347],[-72.513167262522,44.1898664340428],[-72.5142786741219,44.1869728219096],[-72.5036939042223,44.1843482829187],[-72.5048329921683,44.182096184977],[-72.4997987029354,44.1810693035163],[-72.497496529683,44.1809099322919],[-72.4962316829758,44.1801524171558],[-72.4940838613619,44.1826950804958],[-72.4936900836231,44.1844790277574],[-72.4908882106288,44.18383237301],[-72.4895107138816,44.1844047410718],[-72.4892491096475,44.1834707929306],[-72.4872630097031,44.1828962125317],[-72.4857901448109,44.1852480832647],[-72.4848657341565,44.1847457679785],[-72.4830076529646,44.1852279934875],[-72.4869065701161,44.1896596247692],[-72.4828287854638,44.1994927613581],[-72.48778445444,44.2002862011588],[-72.4885403554223,44.2008383342051],[-72.4891773031001,44.2040733244014],[-72.4960020935139,44.2057104000843],[-72.4922318896562,44.2139126245246],[-72.4957180539847,44.2147064188182],[-72.4971712362608,44.2123745015495],[-72.4982497043065,44.2133989811547],[-72.4971859990376,44.2150597101164],[-72.50218409896,44.2161998298859],[-72.5022492919931,44.212809209239],[-72.5030745872553,44.2114556956382],[-72.5135038134531,44.2137566618236],[-72.5143386224979,44.2118799020004],[-72.5324808094962,44.2161363272984],[-72.5381901861212,44.2049729151138]]]},"properties":{"TOWNNAME":"Barre City"}},
{"type":"Feature","geometry":{"type":"Polygon","coordinates":[[[-73.0322293183692,44.0450228429368],[-73.0312213359518,44.0604734749328],[-73.0230397898983,44.0612798330908],[-73.0179707099784,44.0626413346421],[-73.0200868052367,44.0730896709892],[-73.0223669783362,44.0868724499664],[-73.0315982194244,44.1289550450394],[-73.037288266643,44.1550710700105],[-73.0170143640985,44.1575833639467],[-73.0167587027097,44.1590865256247],[-73.0230574429171,44.1921312080748],[-73.0496754651155,44.1895542038901],[-73.0491257477969,44.1865383639345],[-73.0710375058775,44.1843264830991],[-73.1048791403824,44.1809854123259],[-73.1496270199361,44.1767224119438],[-73.1457560893634,44.1557623234669],[-73.14462803421,44.149174414569],[-73.1119743607656,44.1441212332334],[-73.1040391158103,44.1011789140816],[-73.1007567684092,44.0827275387124],[-73.0954319122043,44.0543038281095],[-73.0744927107704,44.0563770235706],[-73.0646615101806,44.0576125215087],[-73.0636324262115,44.0469335442611],[-73.0633193654299,44.0422083017033],[-73.0535580544651,44.0429780041793],[-73.0322293183692,44.0450228429368]]]},"properties":{"TOWNNAME":"Bristol"}},
{"type":"Feature","geometry":{"type":"Polygon","coordinates":[[[-72.2075683640878,44.0660223792831],[-72.1947332913138,44.1088596509206],[-72.180718529761,44.1554891381913],[-72.170691985222,44.1919812227194],[-72.1743657558358,44.1926696277424],[-72.1999259812384,44.1907711619679],[-72.2544158548604,44.1868474545759],[-72.3052020547647,44.1830956165089],[-72.3074670880766,44.1741654784244],[-72.309985345051,44.1651653230496],[-72.3154387156666,44.1471834770297],[-72.320961064211,44.1279333179302],[-72.3313702368917,44.0924154050341],[-72.2947778840009,44.0850452150329],[-72.2769129096862,44.0814974612739],[-72.2461034916651,44.0752297380871],[-72.2247712199722,44.0708019672277],[-72.2075683640878,44.0660223792831]]]},"properties":{"TOWNNAME":"Topsham"}},
{"type":"Feature","geometry":{"type":"Polygon","coordinates":[[[-73.2499847415875,44.1544416071794],[-73.2393922550243,44.1552245338165],[-73.238835768523,44.1566114283297],[-73.2402678141011,44.1641026296877],[-73.2416979902143,44.1724523193025],[-73.2434281238707,44.1802655216884],[-73.2727023403878,44.1769955341368],[-73.2706373461868,44.165264747095],[-73.2683021645614,44.1529634983762],[-73.2499847415875,44.1544416071794]]]},"properties":{"TOWNNAME":"Vergennes"}},
{"type":"Feature","geometry":{"type":"Polygon","coordinates":[[[-73.180375683987,44.0463464891157],[-73.1533671299177,44.0487941289795],[-73.1035577403207,44.0534988797859],[-73.0954319122043,44.0543038281095],[-73.1007567684092,44.0827275387124],[-73.1040391158103,44.1011789140816],[-73.1119743607656,44.1441212332334],[-73.14462803421,44.149174414569],[-73.1457560893634,44.1557623234669],[-73.1496270199361,44.1767224119438],[-73.1548462068309,44.1758890089183],[-73.1771354286457,44.1739477381836],[-73.1736532637355,44.1535631815559],[-73.212764624572,44.1597690148564],[-73.2060302302675,44.1181344007524],[-73.2047649245641,44.1098199766785],[-73.2409849834632,44.1069432539494],[-73.2411560794249,44.1108193589623],[-73.2417626926435,44.1139770421171],[-73.2468537529886,44.1118728766622],[-73.2495897288339,44.0882408125321],[-73.24774102134,44.0872269197242],[-73.2461576041958,44.0856084397614],[-73.2454880165069,44.0827192876226],[-73.2442643396031,44.0810992421115],[-73.2390943202858,44.078152158974],[-73.2161174524247,44.0693580719208],[-73.2121661920496,44.0691544379503],[-73.2055544515319,44.0700280599639],[-73.2024410347562,44.0695287491973],[-73.200490271834,44.0681791014982],[-73.1991394594447,44.0681199649741],[-73.1972716271695,44.0705704966507],[-73.1934652154,44.0711525702581],[-73.1921899627142,44.0685312849003],[-73.1872892954889,44.0671850255318],[-73.1844225307474,44.0651755916406],[-73.1833154576617,44.0657464349664],[-73.1817878031354,44.0638565389562],[-73.1797448572072,44.062683307628],[-73.1798962164066,44.0607385628027],[-73.1780709884054,44.059382292673],[-73.175761667041,44.0560894215924],[-73.1762575212865,44.0530867465526],[-73.1798874390584,44.048998945024],[-73.180375683987,44.0463464891157]]]},"properties":{"TOWNNAME":"New Haven"}},
{"type":"Feature","geometry":{"type":"Polygon","coordinates":[[[-73.2615889896642,44.1237920615512],[-73.2596495763905,44.1254357757773],[-73.2595498867968,44.1263634393264],[-73.263302945258,44.1316403259021],[-73.2625337665811,44.135462270388],[-73.2645101004519,44.1379977686534],[-73.2643036662714,44.1389584585683],[-73.2614939914927,44.1413802176084],[-73.2630285230234,44.1442544721504],[-73.2626019840843,44.1451700080121],[-73.2528719464062,44.148780626397],[-73.2500559092148,44.1532110248491],[-73.2499847415875,44.1544416071794],[-73.2683021645614,44.1529634983762],[-73.2706373461868,44.165264747095],[-73.3624105529896,44.15642844899881],[-73.364696,44.151761],[-73.367362,44.14994],[-73.365367,44.147738],[-73.36527,44.146932],[-73.368087,44.145697],[-73.36978,44.147476],[-73.370835,44.146528],[-73.371078,44.143718],[-73.370346,44.141543],[-73.368791,44.142299],[-73.367345,44.141545],[-73.36559,44.139697],[-73.365461,44.137998],[-73.366229,44.136491],[-73.368473,44.134156],[-73.368233,44.132514],[-73.369549,44.130597],[-73.372643,44.129335],[-73.373775,44.12652],[-73.375199,44.125989],[-73.376423,44.12351],[-73.378873,44.120155],[-73.378767,44.118862],[-73.380124,44.11799],[-73.38278,44.117563],[-73.384856,44.115007],[-73.386975,44.113558],[-73.38791547060268,44.11041759980366],[-73.3723134793978,44.1119683078959],[-73.3579243894374,44.1135272665142],[-73.3236273010556,44.1167026180069],[-73.2781391025477,44.1211315482165],[-73.2663532837188,44.1224659995039],[-73.2615889896642,44.1237920615512]]]},"properties":{"TOWNNAME":"Panton"}},
{"type":"Feature","geometry":{"type":"Polygon","coordinates":[[[-73.2495897288339,44.0882408125321],[-73.2468537529886,44.1118728766622],[-73.2417626926435,44.1139770421171],[-73.2411560794249,44.1108193589623],[-73.2409849834632,44.1069432539494],[-73.2047649245641,44.1098199766785],[-73.2060302302675,44.1181344007524],[-73.212764624572,44.1597690148564],[-73.228079906854,44.1622579386538],[-73.2402678141011,44.1641026296877],[-73.238835768523,44.1566114283297],[-73.2393922550243,44.1552245338165],[-73.2499847415875,44.1544416071794],[-73.2500559092148,44.1532110248491],[-73.2528719464062,44.148780626397],[-73.2626019840843,44.1451700080121],[-73.2630285230234,44.1442544721504],[-73.2614939914927,44.1413802176084],[-73.2643036662714,44.1389584585683],[-73.2645101004519,44.1379977686534],[-73.2625337665811,44.135462270388],[-73.263302945258,44.1316403259021],[-73.2595498867968,44.1263634393264],[-73.2596495763905,44.1254357757773],[-73.2615889896642,44.1237920615512],[-73.259984632063,44.1203837308979],[-73.2602053681115,44.1185110687571],[-73.2614428001012,44.1166615137318],[-73.2620770238018,44.1139177677136],[-73.2611091535802,44.1111459115033],[-73.2574217950024,44.109858213464],[-73.2560812344701,44.1082913676023],[-73.2549869987467,44.1045410885902],[-73.2553638621914,44.1026898988606],[-73.257762288843,44.0992971984706],[-73.2575656019839,44.0973716822305],[-73.2527200630232,44.0959016919356],[-73.2520922509048,44.0941365057836],[-73.2534110364031,44.0905403926972],[-73.2529683776211,44.0896558148324],[-73.2495897288339,44.0882408125321]]]},"properties":{"TOWNNAME":"Waltham"}},
{"type":"Feature","geometry":{"type":"Polygon","coordinates":[[[-72.9059125205139,44.0365187783482],[-72.905201696004,44.0544106329147],[-72.9102329135833,44.0724880565289],[-72.91678219841,44.0718919459079],[-72.9217614619574,44.0947226556272],[-72.9243172654203,44.1124072190283],[-72.9254993239462,44.1195378743699],[-72.9321480945318,44.1555070013863],[-72.9340780757321,44.1628326813965],[-72.9522057308994,44.1614204692395],[-72.954625577675,44.1608391870856],[-73.0091252248411,44.155186192253],[-73.0163767670556,44.1551580550606],[-73.0170143640985,44.1575833639467],[-73.037288266643,44.1550710700105],[-73.0315982194244,44.1289550450394],[-73.0223669783362,44.0868724499664],[-73.0200868052367,44.0730896709892],[-73.0179707099784,44.0626413346421],[-73.0230397898983,44.0612798330908],[-73.0312213359518,44.0604734749328],[-73.0322293183692,44.0450228429368],[-73.032648719697,44.0365725346204],[-73.0114696569004,44.0361232674905],[-73.0035898415189,44.0357776534359],[-72.9589314356942,44.0339937353042],[-72.9588477829045,44.0367011410117],[-72.9059125205139,44.0365187783482]]]},"properties":{"TOWNNAME":"Lincoln"}},
{"type":"Feature","geometry":{"type":"Polygon","coordinates":[[[-72.3487807736312,44.0962691296579],[-72.4121307310187,44.1181562419435],[-72.443377248052,44.1288108026144],[-72.4555395907496,44.1333530048738],[-72.4581304820293,44.1290708723445],[-72.4758081806456,44.0980530741305],[-72.49392749645,44.0658453689861],[-72.5024251940843,44.0503670643732],[-72.4962721140024,44.0483249846404],[-72.4746173249887,44.0408883636748],[-72.4641054584413,44.0371128540039],[-72.3857849768648,44.0096666181544],[-72.3818991920786,44.0081723220991],[-72.3818333456345,44.0083003271215],[-72.3714745531456,44.0339572575682],[-72.3641208372909,44.0535330103815],[-72.3559275091807,44.0741762900893],[-72.3490440843942,44.0934010622223],[-72.3487807736312,44.0962691296579]]]},"properties":{"TOWNNAME":"Washington"}},
{"type":"Feature","geometry":{"type":"Polygon","coordinates":[[[-73.2632797493464,44.034433480488],[-73.2646470690433,44.0378875938042],[-73.2705667706225,44.0418814143062],[-73.2723502564849,44.0534920461774],[-73.2761963367572,44.0530736658669],[-73.2796864273686,44.0705601454643],[-73.274196720043,44.0712572751504],[-73.2744866203897,44.0731172487277],[-73.264995444044,44.0749867932477],[-73.2621893024888,44.0753477319498],[-73.2625175279851,44.0790723858186],[-73.2505029431794,44.0796929381419],[-73.2495897288339,44.0882408125321],[-73.2529683776211,44.0896558148324],[-73.2534110364031,44.0905403926972],[-73.2520922509048,44.0941365057836],[-73.2527200630232,44.0959016919356],[-73.2575656019839,44.0973716822305],[-73.257762288843,44.0992971984706],[-73.2553638621914,44.1026898988606],[-73.2549869987467,44.1045410885902],[-73.2560812344701,44.1082913676023],[-73.2574217950024,44.109858213464],[-73.2611091535802,44.1111459115033],[-73.2620770238018,44.1139177677136],[-73.2614428001012,44.1166615137318],[-73.2602053681115,44.1185110687571],[-73.259984632063,44.1203837308979],[-73.2615889896642,44.1237920615512],[-73.2663532837188,44.1224659995039],[-73.2781391025477,44.1211315482165],[-73.3236273010556,44.1167026180069],[-73.3579243894374,44.1135272665142],[-73.3723134793978,44.1119683078959],[-73.38791547060268,44.11041759980366],[-73.388023,44.108311],[-73.389222,44.105275],[-73.388441,44.100123],[-73.388931,44.099237],[-73.38743,44.097429],[-73.387297,44.095081],[-73.389734,44.092768],[-73.392125,44.092149],[-73.394333,44.092207],[-73.396337,44.091488],[-73.397708,44.089594],[-73.399604,44.088747],[-73.400915,44.086866],[-73.403526,44.086592],[-73.406055,44.084475],[-73.408925,44.084547],[-73.409247,44.080667],[-73.410024,44.079935],[-73.413522,44.080029],[-73.414516,44.075668],[-73.415812,44.072443],[-73.413849,44.069666],[-73.413804,44.068238],[-73.412236,44.067582],[-73.412154,44.064024],[-73.415265,44.06224],[-73.415413,44.058942],[-73.417628,44.05678],[-73.416734,44.055454],[-73.416557,44.052543],[-73.417789,44.052011],[-73.419684,44.052568],[-73.422873,44.049781],[-73.424091,44.047493],[-73.422728,44.045867],[-73.422068,44.041298],[-73.421079,44.040996],[-73.419938,44.039217],[-73.420723,44.036494],[-73.42324433933568,44.032826709054284],[-73.4214508578973,44.0318627236498],[-73.4140644036963,44.0293112975423],[-73.4103919169076,44.0265145745807],[-73.40764817004299,44.02111933232318],[-73.3966593803429,44.0214428674498],[-73.3680375704086,44.0241979055486],[-73.3013221016681,44.0306633887053],[-73.2723583268032,44.0336776570346],[-73.2632797493464,44.034433480488]]]},"properties":{"TOWNNAME":"Addison"}},
{"type":"Feature","geometry":{"type":"Polygon","coordinates":[[[-72.2075683640878,44.0660223792831],[-72.2247712199722,44.0708019672277],[-72.2461034916651,44.0752297380871],[-72.2769129096862,44.0814974612739],[-72.2947778840009,44.0850452150329],[-72.3313702368917,44.0924154050341],[-72.3487807736312,44.0962691296579],[-72.3490440843942,44.0934010622223],[-72.3559275091807,44.0741762900893],[-72.3641208372909,44.0535330103815],[-72.3714745531456,44.0339572575682],[-72.3818333456345,44.0083003271215],[-72.3033709469998,43.9921715673982],[-72.2414074981324,43.9793900962377],[-72.233782052992,43.9927723368893],[-72.2328264018167,43.992510359463],[-72.2159383315886,44.0213059574213],[-72.2012329162186,44.0454460705617],[-72.1915689773903,44.0614321854203],[-72.2075683640878,44.0660223792831]]]},"properties":{"TOWNNAME":"Corinth"}},
{"type":"Feature","geometry":{"type":"Polygon","coordinates":[[[-73.1905419098693,44.018899909329],[-73.1770873019251,44.019881533038],[-73.1767746177325,44.0227102506544],[-73.1775993703691,44.0255494162946],[-73.1794299797897,44.0280810019609],[-73.179774472101,44.0299761872108],[-73.1786722745473,44.0318502728713],[-73.1814830670267,44.0360356244456],[-73.1814058269416,44.0435782075321],[-73.180375683987,44.0463464891157],[-73.1798874390584,44.048998945024],[-73.1762575212865,44.0530867465526],[-73.175761667041,44.0560894215924],[-73.1780709884054,44.059382292673],[-73.1798962164066,44.0607385628027],[-73.1797448572072,44.062683307628],[-73.1817878031354,44.0638565389562],[-73.1833154576617,44.0657464349664],[-73.1844225307474,44.0651755916406],[-73.1872892954889,44.0671850255318],[-73.1921899627142,44.0685312849003],[-73.1934652154,44.0711525702581],[-73.1972716271695,44.0705704966507],[-73.1991394594447,44.0681199649741],[-73.200490271834,44.0681791014982],[-73.2024410347562,44.0695287491973],[-73.2055544515319,44.0700280599639],[-73.2121661920496,44.0691544379503],[-73.2161174524247,44.0693580719208],[-73.2390943202858,44.078152158974],[-73.2442643396031,44.0810992421115],[-73.2454880165069,44.0827192876226],[-73.2461576041958,44.0856084397614],[-73.24774102134,44.0872269197242],[-73.2495897288339,44.0882408125321],[-73.2505029431794,44.0796929381419],[-73.2625175279851,44.0790723858186],[-73.2621893024888,44.0753477319498],[-73.264995444044,44.0749867932477],[-73.2744866203897,44.0731172487277],[-73.274196720043,44.0712572751504],[-73.2796864273686,44.0705601454643],[-73.2761963367572,44.0530736658669],[-73.2723502564849,44.0534920461774],[-73.2705667706225,44.0418814143062],[-73.2646470690433,44.0378875938042],[-73.2632797493464,44.034433480488],[-73.2559950065996,44.0352731184517],[-73.2567104096574,44.0120482243485],[-73.2528880053315,44.0123750724807],[-73.1905419098693,44.018899909329]]]},"properties":{"TOWNNAME":"Weybridge"}},
{"type":"Feature","geometry":{"type":"Polygon","coordinates":[[[-72.3818991920786,44.0081723220991],[-72.3857849768648,44.0096666181544],[-72.4641054584413,44.0371128540039],[-72.4746173249887,44.0408883636748],[-72.4962721140024,44.0483249846404],[-72.5024251940843,44.0503670643732],[-72.5382154138017,44.0624906398596],[-72.5322452200716,44.0421038140254],[-72.5268672607592,44.0234661034212],[-72.513179548564,43.9763257392124],[-72.5102851790929,43.9661963147988],[-72.4945369876171,43.9613042705021],[-72.4425076218679,43.9444869982229],[-72.4135580740913,43.9352319117936],[-72.3942014859362,43.9289822660651],[-72.39176202279,43.9393942690643],[-72.3887867337874,43.961113659162],[-72.3855924443866,43.9838998301915],[-72.3818991920786,44.0081723220991]]]},"properties":{"TOWNNAME":"Chelsea"}},
{"type":"Feature","geometry":{"type":"Polygon","coordinates":[[[-73.0581421316751,43.9628689426498],[-73.0588754605609,43.9725987520185],[-73.062920636856,44.0385989162221],[-73.0633193654299,44.0422083017033],[-73.0636324262115,44.0469335442611],[-73.0646615101806,44.0576125215087],[-73.0744927107704,44.0563770235706],[-73.0954319122043,44.0543038281095],[-73.1035577403207,44.0534988797859],[-73.1533671299177,44.0487941289795],[-73.180375683987,44.0463464891157],[-73.1814058269416,44.0435782075321],[-73.1814830670267,44.0360356244456],[-73.1786722745473,44.0318502728713],[-73.179774472101,44.0299761872108],[-73.1794299797897,44.0280810019609],[-73.1775993703691,44.0255494162946],[-73.1767746177325,44.0227102506544],[-73.1770873019251,44.019881533038],[-73.1905419098693,44.018899909329],[-73.188955951681,44.0102406855904],[-73.1901264397113,44.002831859311],[-73.1905267935639,43.9918646625789],[-73.1897917359386,43.9880305073886],[-73.1864397157491,43.9885195165297],[-73.185366917837,43.9815114464252],[-73.1795989210119,43.9743025039432],[-73.1735193995653,43.9675875915352],[-73.1698764006043,43.9517848194497],[-73.1639309980915,43.9523687173691],[-73.1321634990897,43.9554215073383],[-73.1026040908802,43.9585255729146],[-73.0581421316751,43.9628689426498]]]},"properties":{"TOWNNAME":"Middlebury"}},
{"type":"Feature","geometry":{"type":"Polygon","coordinates":[[[-72.9059125205139,44.0365187783482],[-72.9588477829045,44.0367011410117],[-72.9589314356942,44.0339937353042],[-73.0035898415189,44.0357776534359],[-73.0114696569004,44.0361232674905],[-73.032648719697,44.0365725346204],[-73.0322293183692,44.0450228429368],[-73.0535580544651,44.0429780041793],[-73.0633193654299,44.0422083017033],[-73.062920636856,44.0385989162221],[-73.0588754605609,43.9725987520185],[-73.0581421316751,43.9628689426498],[-73.0528030832465,43.9633297007495],[-73.0445371236439,43.964398213411],[-73.0467523784171,43.9573431174466],[-73.0457749022872,43.9397496894964],[-73.0486956857089,43.9324679460127],[-73.0483327342056,43.9221616100338],[-73.037782491755,43.9228508634909],[-73.0026232564477,43.9224616326733],[-72.980330479668,43.9219756424022],[-72.9531274756202,43.9635789951841],[-72.9462131461113,43.9742123040127],[-72.9122460450908,43.9656243996394],[-72.9077037240673,43.9718005736128],[-72.9067019161361,44.011584917855],[-72.9059125205139,44.0365187783482]]]},"properties":{"TOWNNAME":"Ripton"}},
{"type":"Feature","geometry":{"type":"Polygon","coordinates":[[[-73.2592592657767,43.9472308889026],[-73.258088017257,43.9737839541802],[-73.2567386878071,44.0098195910785],[-73.2567104096574,44.0120482243485],[-73.2559950065996,44.0352731184517],[-73.2632797493464,44.034433480488],[-73.2723583268032,44.0336776570346],[-73.3013221016681,44.0306633887053],[-73.3680375704086,44.0241979055486],[-73.3966593803429,44.0214428674498],[-73.40764817004299,44.02111933232318],[-73.4061184399091,44.0163804400875],[-73.406007,44.011415],[-73.407542,44.004361],[-73.408803,44.000677],[-73.409055,43.99601],[-73.410406,43.991849],[-73.411175,43.98629],[-73.412508,43.982214],[-73.41204800799525,43.97761360380661],[-73.409734,43.973615],[-73.4070728917841,43.9681987449705],[-73.406467,43.96297],[-73.40644623336016,43.95958778299346],[-73.4057285000554,43.9559359507986],[-73.405644,43.948067],[-73.407446,43.942478],[-73.408552,43.937308],[-73.408857,43.934503],[-73.4081122506272,43.9304538044233],[-73.3972874249691,43.9311126422215],[-73.3629265011818,43.9349113639422],[-73.3367488953044,43.9379189240985],[-73.3230706636777,43.9395556114588],[-73.3075566374658,43.9412453218157],[-73.2658469415861,43.9456623664845],[-73.2592592657767,43.9472308889026]]]},"properties":{"TOWNNAME":"Bridport"}},
{"type":"Feature","geometry":{"type":"Polygon","coordinates":[[[-73.1794842574889,43.9082909370087],[-73.1778114272683,43.9108650715257],[-73.1755655740365,43.9119053107934],[-73.1745197250791,43.9136305549712],[-73.1748014952521,43.9154613609557],[-73.1736906260471,43.9191779448618],[-73.1737654834374,43.9230196551047],[-73.1727953831541,43.9258524636649],[-73.1749262365893,43.9281483001815],[-73.174869284703,43.9309531357885],[-73.1724336340898,43.9331590716923],[-73.16908255907,43.9346701847089],[-73.1678775208481,43.9364457952805],[-73.1667527717212,43.9414556330542],[-73.1669689588771,43.94517230428],[-73.1657319788688,43.9488761177844],[-73.1643110646117,43.9506654544971],[-73.1639309980915,43.9523687173691],[-73.1698764006043,43.9517848194497],[-73.1735193995653,43.9675875915352],[-73.1795989210119,43.9743025039432],[-73.185366917837,43.9815114464252],[-73.1864397157491,43.9885195165297],[-73.1897917359386,43.9880305073886],[-73.1905267935639,43.9918646625789],[-73.1901264397113,44.002831859311],[-73.188955951681,44.0102406855904],[-73.1905419098693,44.018899909329],[-73.2528880053315,44.0123750724807],[-73.2567104096574,44.0120482243485],[-73.2567386878071,44.0098195910785],[-73.258088017257,43.9737839541802],[-73.2592592657767,43.9472308889026],[-73.2553259480305,43.937830231608],[-73.2461239549936,43.9152930520389],[-73.2417252426161,43.9048237785387],[-73.2016959628325,43.9086080671203],[-73.1985826218724,43.908976356483],[-73.1794842574889,43.9082909370087]]]},"properties":{"TOWNNAME":"Cornwall"}},
{"type":"Feature","geometry":{"type":"Polygon","coordinates":[[[-72.2844894047678,43.9036011818468],[-72.2658901976613,43.9363783571562],[-72.2414074981324,43.9793900962377],[-72.3033709469998,43.9921715673982],[-72.3818333456345,44.0083003271215],[-72.3818991920786,44.0081723220991],[-72.3855924443866,43.9838998301915],[-72.3887867337874,43.961113659162],[-72.39176202279,43.9393942690643],[-72.3942014859362,43.9289822660651],[-72.3878022035697,43.9266335524988],[-72.3383731967599,43.9154216318363],[-72.2847346174509,43.9032256980794],[-72.2844894047678,43.9036011818468]]]},"properties":{"TOWNNAME":"Vershire"}},
{"type":"Feature","geometry":{"type":"Polygon","coordinates":[[[-72.1678167543965,43.9746666049217],[-72.2328264018167,43.992510359463],[-72.233782052992,43.9927723368893],[-72.2414074981324,43.9793900962377],[-72.2658901976613,43.9363783571562],[-72.2844894047678,43.9036011818468],[-72.2715500130068,43.8998289174247],[-72.2224524154422,43.8863509409318],[-72.2181337815675,43.8903079286231],[-72.2143470520167,43.8944413187261],[-72.212069413714,43.898051959826],[-72.2145543122556,43.8998024687027],[-72.1978043206807,43.9266559991704],[-72.1678167543965,43.9746666049217]]]},"properties":{"TOWNNAME":"West Fairlee"}},
{"type":"Feature","geometry":{"type":"Polygon","coordinates":[[[-72.1691862308474,43.8717176783274],[-72.1725761068482,43.8769111443535],[-72.173700609226,43.8799547926739],[-72.1731703699788,43.8835347216017],[-72.1724296565074,43.8848830212082],[-72.170561,43.886182],[-72.1653020222022,43.8862930735197],[-72.1620027041722,43.8867358131584],[-72.1599266897327,43.887741750368],[-72.158738093325,43.8926437834835],[-72.1554323663451,43.8977121543033],[-72.1526742895137,43.9005316355752],[-72.1495947400103,43.9029139943221],[-72.1459766508677,43.9048793255079],[-72.1356140381841,43.9096204608634],[-72.1330977078105,43.9130743094822],[-72.131502973131,43.9139413121586],[-72.1242824282363,43.9169064587467],[-72.1210277493079,43.9191043980835],[-72.119565,43.920689],[-72.118252,43.923184],[-72.11786333843789,43.92671363829073],[-72.118085,43.929783],[-72.11691,43.933842],[-72.118043963694,43.93932011324474],[-72.118924,43.941204],[-72.119275,43.943745],[-72.1181984912203,43.9468138355653],[-72.115826,43.947621],[-72.11190444887508,43.94755876776575],[-72.1070714983722,43.9491574156779],[-72.1047533780861,43.9507925170821],[-72.0994251762099,43.9574192412427],[-72.1556736159199,43.9717067799678],[-72.1678167543965,43.9746666049217],[-72.1978043206807,43.9266559991704],[-72.2145543122556,43.8998024687027],[-72.212069413714,43.898051959826],[-72.2143470520167,43.8944413187261],[-72.2181337815675,43.8903079286231],[-72.2224524154422,43.8863509409318],[-72.1691862308474,43.8717176783274]]]},"properties":{"TOWNNAME":"Fairlee"}},
{"type":"Feature","geometry":{"type":"Polygon","coordinates":[[[-72.8163292634637,43.9378152273715],[-72.8239098911712,43.9398720750376],[-72.8614888058219,43.9507825041988],[-72.9122460450908,43.9656243996394],[-72.9462131461113,43.9742123040127],[-72.9531274756202,43.9635789951841],[-72.980330479668,43.9219756424022],[-72.9923409921091,43.9032585059387],[-73.0016420348302,43.8886202441291],[-72.9801511857074,43.8829328675776],[-72.9740430375401,43.8814472909443],[-72.969749797847,43.879677628685],[-72.9531899187358,43.8748673565883],[-72.9454187973384,43.8775584334656],[-72.9276259225381,43.8843246848484],[-72.9027925912886,43.8928321770526],[-72.8765538917802,43.9027729318782],[-72.8753345598199,43.8857032017337],[-72.8750871969903,43.8835863083821],[-72.8744830274888,43.8723791710631],[-72.8753456360714,43.8677051184098],[-72.874177109951,43.8640701643293],[-72.8652910781045,43.8616561942865],[-72.8612793284731,43.8677479331746],[-72.8383106959123,43.9037668482865],[-72.826684291463,43.9218545064136],[-72.8163292634637,43.9378152273715]]]},"properties":{"TOWNNAME":"Hancock"}},
{"type":"Feature","geometry":{"type":"Polygon","coordinates":[[[-72.4595166251448,43.8381015123747],[-72.4352893897696,43.8722706008425],[-72.4171512946844,43.8973468232298],[-72.4049279042868,43.9145171429063],[-72.3942014859362,43.9289822660651],[-72.4135580740913,43.9352319117936],[-72.4425076218679,43.9444869982229],[-72.4945369876171,43.9613042705021],[-72.5102851790929,43.9661963147988],[-72.5370233278134,43.9283738865208],[-72.5609682610643,43.8946165472126],[-72.567558495057,43.8848537912561],[-72.5692711054048,43.8809060833258],[-72.5735965775345,43.8731261116217],[-72.5453764509597,43.8643493531026],[-72.5045221614655,43.8519146930378],[-72.4595166251448,43.8381015123747]]]},"properties":{"TOWNNAME":"Tunbridge"}},
{"type":"Feature","geometry":{"type":"Polygon","coordinates":[[[-73.0397092037896,43.9006560841433],[-73.037782491755,43.9228508634909],[-73.0483327342056,43.9221616100338],[-73.0486956857089,43.9324679460127],[-73.0457749022872,43.9397496894964],[-73.0467523784171,43.9573431174466],[-73.0445371236439,43.964398213411],[-73.0528030832465,43.9633297007495],[-73.0581421316751,43.9628689426498],[-73.1026040908802,43.9585255729146],[-73.1321634990897,43.9554215073383],[-73.1639309980915,43.9523687173691],[-73.1643110646117,43.9506654544971],[-73.1657319788688,43.9488761177844],[-73.1669689588771,43.94517230428],[-73.1667527717212,43.9414556330542],[-73.1678775208481,43.9364457952805],[-73.16908255907,43.9346701847089],[-73.1724336340898,43.9331590716923],[-73.174869284703,43.9309531357885],[-73.1749262365893,43.9281483001815],[-73.1727953831541,43.9258524636649],[-73.1737654834374,43.9230196551047],[-73.1736906260471,43.9191779448618],[-73.1748014952521,43.9154613609557],[-73.1745197250791,43.9136305549712],[-73.1755655740365,43.9119053107934],[-73.1778114272683,43.9108650715257],[-73.1794842574889,43.9082909370087],[-73.1806909398317,43.9040733894663],[-73.1828544099448,43.9011083634112],[-73.1836093529474,43.8984100405135],[-73.1859361885028,43.897703788606],[-73.1878189403728,43.896430709823],[-73.1887978474007,43.8947336437942],[-73.1875923317683,43.8911452543456],[-73.1856117247799,43.8900366977447],[-73.1805806740649,43.8890830309032],[-73.1785327899235,43.8879613411976],[-73.1753751191043,43.8850179305141],[-73.1738421587185,43.8824611491815],[-73.1747560509278,43.8789573031132],[-73.1516243850402,43.8839817330772],[-73.1070825556254,43.8932506524075],[-73.0397092037896,43.9006560841433]]]},"properties":{"TOWNNAME":"Salisbury"}},
{"type":"Feature","geometry":{"type":"Polygon","coordinates":[[[-72.7122859037255,43.9079726810348],[-72.7735032097375,43.9245474196205],[-72.7689126614902,43.93162574004],[-72.7751453190682,43.9336668795571],[-72.7710801796823,43.9390735316287],[-72.7899604524742,43.9453235997332],[-72.7852210366351,43.9521998686038],[-72.7917776944291,43.953977074501],[-72.7870505249837,43.9608670724883],[-72.7910445278771,43.9622527338807],[-72.8035046477135,43.9456724569249],[-72.8099970254052,43.9360965084961],[-72.8163292634637,43.9378152273715],[-72.826684291463,43.9218545064136],[-72.8383106959123,43.9037668482865],[-72.8612793284731,43.8677479331746],[-72.8652910781045,43.8616561942865],[-72.874177109951,43.8640701643293],[-72.8753456360714,43.8677051184098],[-72.8744830274888,43.8723791710631],[-72.8750871969903,43.8835863083821],[-72.8753345598199,43.8857032017337],[-72.8765538917802,43.9027729318782],[-72.9027925912886,43.8928321770526],[-72.9276259225381,43.8843246848484],[-72.9454187973384,43.8775584334656],[-72.9531899187358,43.8748673565883],[-72.969749797847,43.879677628685],[-72.9740430375401,43.8814472909443],[-72.9801511857074,43.8829328675776],[-72.9802311248499,43.8639751299849],[-72.9728950672181,43.8667768657663],[-72.9702691014489,43.8585920851161],[-72.9655112741067,43.844602358822],[-72.95974533335,43.8260857024989],[-72.937518353064,43.8345804028816],[-72.928472077605,43.8379603357775],[-72.9272328947147,43.8387327157031],[-72.9103796163261,43.8445630599101],[-72.9008357765013,43.8482143998262],[-72.8914747949878,43.8515726096588],[-72.8744991831489,43.8580692509895],[-72.8738723091256,43.8396370621952],[-72.8613829744653,43.8362370018753],[-72.8383427509453,43.8292631236337],[-72.8306666884241,43.8391285240188],[-72.8223883070646,43.8364601327752],[-72.8062587711894,43.831911006152],[-72.7969253217882,43.8291670848141],[-72.7965320496799,43.8273536955345],[-72.7954108805925,43.8256348033192],[-72.7935623073636,43.8244037075943],[-72.7910909715794,43.8241400138227],[-72.7912921019099,43.8226032050196],[-72.7937259900798,43.8220623454387],[-72.7942396786356,43.8203221256834],[-72.7921190375362,43.8165104479938],[-72.7910982099477,43.8159585308429],[-72.7885330442417,43.8160623313684],[-72.7862160033369,43.8152357896782],[-72.7844032084616,43.8138407343604],[-72.7843516385832,43.8110928229259],[-72.7854952951388,43.8095680726961],[-72.787848756436,43.8089681345466],[-72.7886983270535,43.8073080940169],[-72.7875111310777,43.8057152923706],[-72.7828574679604,43.8040159929704],[-72.7710472454856,43.8246214229268],[-72.7660748475118,43.8233175937608],[-72.7603099382641,43.8320287732056],[-72.7517074658564,43.8455741490922],[-72.7490329322549,43.8500515312747],[-72.7264456369288,43.8852038274339],[-72.7259599631955,43.8861003295359],[-72.7145398486719,43.9041215095692],[-72.7122859037255,43.9079726810348]]]},"properties":{"TOWNNAME":"Rochester"}},
{"type":"Feature","geometry":{"type":"Polygon","coordinates":[[[-73.2226722155043,43.8580158524113],[-73.2259878589767,43.8660213206862],[-73.2417252426161,43.9048237785387],[-73.2461239549936,43.9152930520389],[-73.2553259480305,43.937830231608],[-73.2592592657767,43.9472308889026],[-73.2658469415861,43.9456623664845],[-73.3075566374658,43.9412453218157],[-73.3230706636777,43.9395556114588],[-73.3367488953044,43.9379189240985],[-73.3629265011818,43.9349113639422],[-73.3972874249691,43.9311126422215],[-73.4081122506272,43.9304538044233],[-73.4071260017242,43.9281980632772],[-73.402362,43.919904],[-73.399618,43.912188],[-73.397954,43.908506],[-73.39587460367532,43.90297190075323],[-73.3900592521315,43.8994091977793],[-73.3875499001806,43.8969969120461],[-73.3841587145403,43.8920965878441],[-73.38058230986506,43.88644935815805],[-73.3780410516368,43.882915864355],[-73.3741518533129,43.8762431903179],[-73.374343,43.874306],[-73.376552,43.869605],[-73.379087,43.865185],[-73.3801572621734,43.8619953691564],[-73.381246,43.860016],[-73.382184,43.857017],[-73.38200480732813,43.85412256333299],[-73.3802536109326,43.8519304547171],[-73.373631061971,43.8475323662771],[-73.372588,43.845352],[-73.37370297696971,43.84297879109346],[-73.2972205435888,43.8505797765471],[-73.273629466932,43.8528195792983],[-73.253380600521,43.8549421619807],[-73.2226722155043,43.8580158524113]]]},"properties":{"TOWNNAME":"Shoreham"}},
{"type":"Feature","geometry":{"type":"Polygon","coordinates":[[[-72.2715500130068,43.8998289174247],[-72.2844894047678,43.9036011818468],[-72.2847346174509,43.9032256980794],[-72.3383731967599,43.9154216318363],[-72.3878022035697,43.9266335524988],[-72.3942014859362,43.9289822660651],[-72.4049279042868,43.9145171429063],[-72.4171512946844,43.8973468232298],[-72.4352893897696,43.8722706008425],[-72.4595166251448,43.8381015123747],[-72.4615660140302,43.8368601525072],[-72.4383142433742,43.8322895084994],[-72.4050671082683,43.825466579277],[-72.3461038994287,43.8116056798482],[-72.33934470947,43.8104554715049],[-72.3393384707204,43.8104645532701],[-72.3240144740576,43.8321806518108],[-72.3050262533339,43.8567116824572],[-72.2715500130068,43.8998289174247]]]},"properties":{"TOWNNAME":"Strafford"}},
{"type":"Feature","geometry":{"type":"Polygon","coordinates":[[[-72.6446960896849,43.7901427497651],[-72.6340118051899,43.8030432175836],[-72.6292928843884,43.8085579725376],[-72.6222620365496,43.8172252968071],[-72.6081655057969,43.8329672644448],[-72.6015146055848,43.8408993762095],[-72.5851556182731,43.8600767122173],[-72.5765970922011,43.8698568921366],[-72.5735965775345,43.8731261116217],[-72.5791788459742,43.8747179764684],[-72.6025599648893,43.8817887479339],[-72.6289784410237,43.8888935505839],[-72.6538860372195,43.8956416455055],[-72.7028393722211,43.9094110677673],[-72.7093074281679,43.9112523099863],[-72.7122859037255,43.9079726810348],[-72.7145398486719,43.9041215095692],[-72.7259599631955,43.8861003295359],[-72.7264456369288,43.8852038274339],[-72.7490329322549,43.8500515312747],[-72.7517074658564,43.8455741490922],[-72.7603099382641,43.8320287732056],[-72.7660748475118,43.8233175937608],[-72.6650201635337,43.7958451462443],[-72.6594518387749,43.7943652590313],[-72.6446960896849,43.7901427497651]]]},"properties":{"TOWNNAME":"Bethel"}},
{"type":"Feature","geometry":{"type":"Polygon","coordinates":[[[-72.2054007714006,43.7713305953007],[-72.2054538841298,43.776781214614],[-72.20406266736563,43.77957161539241],[-72.205850647662,43.7817962777605],[-72.2055227348033,43.7849746142606],[-72.2020905585614,43.7877370833581],[-72.199017434807,43.7888311504802],[-72.1967970308261,43.7903902996521],[-72.1939920140782,43.7941216523629],[-72.1915708671345,43.7998334625835],[-72.1905743495769,43.8009947190134],[-72.185188502706,43.804483649939],[-72.18400350965726,43.80685753295446],[-72.183425,43.809553],[-72.18405,43.812101],[-72.186919,43.816297],[-72.1887294377971,43.8201922407941],[-72.188796,43.822843],[-72.185653,43.827955],[-72.1836027808715,43.830818825059],[-72.18254250848615,43.83478961740563],[-72.18341,43.841329],[-72.1831159747648,43.8445270119235],[-72.18397861014542,43.84654614442972],[-72.1879291382198,43.8538097437486],[-72.1881434356334,43.8561023855687],[-72.1859027233191,43.8597665410067],[-72.1850544461679,43.8638184574932],[-72.1839532216161,43.865122191247],[-72.1818628539093,43.8659499208705],[-72.1746466633871,43.866623179057],[-72.16877817694767,43.86864823190995],[-72.1682629833099,43.8699834102815],[-72.1691862308474,43.8717176783274],[-72.2224524154422,43.8863509409318],[-72.2715500130068,43.8998289174247],[-72.3050262533339,43.8567116824572],[-72.3240144740576,43.8321806518108],[-72.3393384707204,43.8104645532701],[-72.3051210905822,43.8004834686936],[-72.287200486325,43.7951609849773],[-72.2084652355427,43.7721682170766],[-72.2054007714006,43.7713305953007]]]},"properties":{"TOWNNAME":"Thetford"}},
{"type":"Feature","geometry":{"type":"Polygon","coordinates":[[[-72.5283455525254,43.7565392839155],[-72.5045659706674,43.7854630554301],[-72.4951170383856,43.796315020348],[-72.46536457915,43.8323225081315],[-72.4615660140302,43.8368601525072],[-72.4595166251448,43.8381015123747],[-72.5045221614655,43.8519146930378],[-72.5453764509597,43.8643493531026],[-72.5735965775345,43.8731261116217],[-72.5765970922011,43.8698568921366],[-72.5851556182731,43.8600767122173],[-72.6015146055848,43.8408993762095],[-72.6081655057969,43.8329672644448],[-72.6222620365496,43.8172252968071],[-72.6292928843884,43.8085579725376],[-72.6340118051899,43.8030432175836],[-72.6446960896849,43.7901427497651],[-72.639680628731,43.788916372294],[-72.6340827308273,43.7870294792163],[-72.6131023635015,43.7809205543738],[-72.5835495989561,43.7726468466198],[-72.5701757114646,43.7685426080767],[-72.5421117278596,43.7603907233136],[-72.5339316272715,43.758089630904],[-72.5283455525254,43.7565392839155]]]},"properties":{"TOWNNAME":"Royalton"}},
{"type":"Feature","geometry":{"type":"Polygon","coordinates":[[[-73.230769868091,43.7645341440344],[-73.2063229260785,43.7667818259814],[-73.209643448105,43.7851086180601],[-73.2128114962254,43.8030816753248],[-73.2161635273026,43.8210670257286],[-73.2189588055134,43.837300545584],[-73.2226722155043,43.8580158524113],[-73.253380600521,43.8549421619807],[-73.273629466932,43.8528195792983],[-73.2972205435888,43.8505797765471],[-73.37370297696971,43.84297879109346],[-73.375571,43.840542],[-73.377792,43.838714],[-73.381324,43.837418],[-73.385001,43.835341],[-73.388191,43.832653],[-73.389296,43.831233],[-73.391585,43.826529],[-73.39279653064168,43.82277612887834],[-73.39217568738508,43.82047580856451],[-73.3910122202981,43.8184178876992],[-73.3895626132923,43.8170466182099],[-73.3856674409732,43.8148133426567],[-73.3820612560783,43.8122230840953],[-73.3795987919401,43.8092079105004],[-73.3778909965153,43.8048891962239],[-73.3767949231933,43.7991652833068],[-73.375399,43.798067],[-73.3681071955699,43.7933427545994],[-73.3622145281266,43.7899627577582],[-73.3581570901478,43.786483003645],[-73.3575235289739,43.7855654754572],[-73.35536191723972,43.7779276818076],[-73.3544040996942,43.7763812935665],[-73.3510001032116,43.7724430317191],[-73.351264,43.769821],[-73.354643,43.764562],[-73.359465,43.758085],[-73.36281311801328,43.75309436030266],[-73.3067403798277,43.7578405546486],[-73.2708113169003,43.7609582638222],[-73.2521914651819,43.7626110733207],[-73.2450945770202,43.7631507020698],[-73.230769868091,43.7645341440344]]]},"properties":{"TOWNNAME":"Orwell"}},
{"type":"Feature","geometry":{"type":"Polygon","coordinates":[[[-72.7828574679604,43.8040159929704],[-72.7875111310777,43.8057152923706],[-72.7886983270535,43.8073080940169],[-72.787848756436,43.8089681345466],[-72.7854952951388,43.8095680726961],[-72.7843516385832,43.8110928229259],[-72.7844032084616,43.8138407343604],[-72.7862160033369,43.8152357896782],[-72.7885330442417,43.8160623313684],[-72.7910982099477,43.8159585308429],[-72.7921190375362,43.8165104479938],[-72.7942396786356,43.8203221256834],[-72.7937259900798,43.8220623454387],[-72.7912921019099,43.8226032050196],[-72.7910909715794,43.8241400138227],[-72.7935623073636,43.8244037075943],[-72.7954108805925,43.8256348033192],[-72.7965320496799,43.8273536955345],[-72.7969253217882,43.8291670848141],[-72.8062587711894,43.831911006152],[-72.8223883070646,43.8364601327752],[-72.8306666884241,43.8391285240188],[-72.8383427509453,43.8292631236337],[-72.8613829744653,43.8362370018753],[-72.8738723091256,43.8396370621952],[-72.8743551520179,43.8383377539508],[-72.8724467776512,43.8051478759821],[-72.8627951587679,43.7909353734698],[-72.8479035442302,43.7703194262916],[-72.844472712461,43.7654105341492],[-72.8260771153592,43.7377586486446],[-72.8359681301175,43.7194101043463],[-72.8271612388319,43.7185258717651],[-72.8199861412764,43.7167055462511],[-72.8141914079142,43.725556765491],[-72.8039288611246,43.7409819221452],[-72.8192631046832,43.7463215953593],[-72.7978224670759,43.7793882778358],[-72.7899534473306,43.7922506082879],[-72.7828574679604,43.8040159929704]]]},"properties":{"TOWNNAME":"Pittsfield"}},
{"type":"Feature","geometry":{"type":"Polygon","coordinates":[[[-72.4222496204646,43.7262573750426],[-72.4051931115158,43.7432732811551],[-72.3521827266341,43.7962219696311],[-72.3427900754951,43.8054892678695],[-72.33934470947,43.8104554715049],[-72.3461038994287,43.8116056798482],[-72.4050671082683,43.825466579277],[-72.4383142433742,43.8322895084994],[-72.4615660140302,43.8368601525072],[-72.46536457915,43.8323225081315],[-72.4951170383856,43.796315020348],[-72.5045659706674,43.7854630554301],[-72.5283455525254,43.7565392839155],[-72.5045089793624,43.7495527373533],[-72.4583202797398,43.7367389409852],[-72.4548377499474,43.7354586259455],[-72.4356083224822,43.7293166351547],[-72.4331376019207,43.725507756506],[-72.4302443073484,43.7230366044578],[-72.4263870034767,43.7220640932788],[-72.4222496204646,43.7262573750426]]]},"properties":{"TOWNNAME":"Sharon"}},
{"type":"Feature","geometry":{"type":"Polygon","coordinates":[[[-72.6594518387749,43.7943652590313],[-72.6650201635337,43.7958451462443],[-72.7660748475118,43.8233175937608],[-72.7710472454856,43.8246214229268],[-72.7828574679604,43.8040159929704],[-72.7899534473306,43.7922506082879],[-72.7978224670759,43.7793882778358],[-72.8192631046832,43.7463215953593],[-72.8039288611246,43.7409819221452],[-72.8141914079142,43.725556765491],[-72.8199861412764,43.7167055462511],[-72.6997966587968,43.6845855672999],[-72.6984795581561,43.6842324231101],[-72.6939077368531,43.6932634030038],[-72.7159906973912,43.7002316697941],[-72.6594518387749,43.7943652590313]]]},"properties":{"TOWNNAME":"Stockbridge"}},
{"type":"Feature","geometry":{"type":"Polygon","coordinates":[[[-72.305057317029,43.69233609137569],[-72.3051255209525,43.6953683854718],[-72.302534072179,43.69824538925181],[-72.300005,43.703826],[-72.2993315467378,43.7067031153784],[-72.295081282663,43.7088287530691],[-72.2922768142312,43.7110247056586],[-72.2915197246507,43.7126532603575],[-72.2894911161178,43.7148669493547],[-72.28654511619484,43.717371596834866],[-72.28436140703,43.7211125868303],[-72.28206,43.723479],[-72.27728653583362,43.72582823928855],[-72.275682,43.727103],[-72.274019,43.730399],[-72.271104,43.733916],[-72.268388,43.73429],[-72.264466,43.733893],[-72.260942,43.735671],[-72.2520340736246,43.7394481462756],[-72.2468596096423,43.7427219451727],[-72.244182491624,43.743624239657],[-72.2387680742007,43.7445666012328],[-72.2354028536607,43.7458547703189],[-72.2322663420187,43.7477218471115],[-72.2305162333754,43.7492933827314],[-72.230698,43.750037],[-72.22713444239267,43.75429579669161],[-72.2261438895097,43.7559373273202],[-72.2244396583565,43.7574096925293],[-72.2218616511864,43.7607216112785],[-72.220886,43.762678],[-72.2178385955539,43.7661293938769],[-72.2150354115803,43.7670869422561],[-72.2106078506614,43.7680693932173],[-72.2062267185291,43.7704479642659],[-72.2054007714006,43.7713305953007],[-72.2084652355427,43.7721682170766],[-72.287200486325,43.7951609849773],[-72.3051210905822,43.8004834686936],[-72.3393384707204,43.8104645532701],[-72.33934470947,43.8104554715049],[-72.3427900754951,43.8054892678695],[-72.3521827266341,43.7962219696311],[-72.4051931115158,43.7432732811551],[-72.4222496204646,43.7262573750426],[-72.3556139884297,43.7068749206463],[-72.3100551083863,43.6936227773724],[-72.305057317029,43.69233609137569]]]},"properties":{"TOWNNAME":"Norwich"}},
{"type":"Feature","geometry":{"type":"Polygon","coordinates":[[[-72.58687102092,43.6646898896968],[-72.5844668348491,43.6687898266176],[-72.5807263045873,43.6745551697475],[-72.5738818624089,43.6862921684747],[-72.5765807663639,43.686958156062],[-72.5678671298826,43.6998965232244],[-72.5592999588853,43.7124539267113],[-72.5426615597753,43.7412601401794],[-72.538401715886,43.7500993729264],[-72.5339316272715,43.758089630904],[-72.5421117278596,43.7603907233136],[-72.5701757114646,43.7685426080767],[-72.5835495989561,43.7726468466198],[-72.6131023635015,43.7809205543738],[-72.6340827308273,43.7870294792163],[-72.639680628731,43.788916372294],[-72.6446960896849,43.7901427497651],[-72.6594518387749,43.7943652590313],[-72.7159906973912,43.7002316697941],[-72.6939077368531,43.6932634030038],[-72.6854337589889,43.6916413140135],[-72.6244681616873,43.674444983341],[-72.6099762527919,43.6707390252933],[-72.58687102092,43.6646898896968]]]},"properties":{"TOWNNAME":"Barnard"}},
{"type":"Feature","geometry":{"type":"Polygon","coordinates":[[[-73.2372229522713,43.6802055252999],[-73.2319683978265,43.7488834610625],[-73.230769868091,43.7645341440344],[-73.2450945770202,43.7631507020698],[-73.2521914651819,43.7626110733207],[-73.2708113169003,43.7609582638222],[-73.3067403798277,43.7578405546486],[-73.36281311801328,43.75309436030266],[-73.36529984569783,43.749985750429744],[-73.3667761084331,43.7470085818452],[-73.369543845582,43.7437529268986],[-73.370116540988,43.7407268896565],[-73.3704603734466,43.73524857756],[-73.369584387709,43.7289703016938],[-73.370452148958,43.725065439717],[-73.3792706292287,43.7164214240459],[-73.3822190413325,43.7146174788802],[-73.385492,43.711754],[-73.388102531711,43.70858267372919],[-73.388761,43.706403],[-73.3917399560634,43.7035241082307],[-73.394725,43.697676],[-73.3978047042716,43.6948126897599],[-73.40253689320387,43.692759386836826],[-73.40476956272707,43.69015216756448],[-73.40521396808835,43.688270305653056],[-73.403925,43.686219],[-73.4034703419174,43.6837721980074],[-73.4044245292257,43.6798961590674],[-73.4059959637551,43.6757676998324],[-73.406860362294,43.6746268479511],[-73.2812650356674,43.6689111485411],[-73.2385661168234,43.6671459127223],[-73.2372229522713,43.6802055252999]]]},"properties":{"TOWNNAME":"Benson"}},
{"type":"Feature","geometry":{"type":"Polygon","coordinates":[[[-72.32844688516082,43.60574091237446],[-72.3286783285566,43.60749468850203],[-72.329867,43.608536],[-72.332965,43.610016],[-72.3349618056085,43.6149795711358],[-72.3351523667664,43.6171467975008],[-72.3346751471666,43.6193162101733],[-72.3333979745016,43.621856640377],[-72.3324792948435,43.6250583314519],[-72.3291629811285,43.6268901313131],[-72.3293341544308,43.6284032436094],[-72.3282264745101,43.6291094997408],[-72.3274298128108,43.631108731816],[-72.3288825237569,43.6318878656011],[-72.3297703744041,43.6338746797841],[-72.328753,43.635894],[-72.323412,43.638466],[-72.31598415377125,43.640715666265145],[-72.314166,43.642669],[-72.313814,43.644226],[-72.314163,43.647214],[-72.3150967084703,43.6490691730382],[-72.314512223768,43.6542773375474],[-72.312853,43.658309],[-72.31088989071851,43.659605376679764],[-72.308871,43.662521],[-72.30618692934169,43.665158710063004],[-72.3053445760917,43.6673707200809],[-72.3034536850835,43.6680564914459],[-72.3025156330587,43.6743837512465],[-72.30161813783623,43.67575301471971],[-72.302675,43.676193],[-72.3028016812162,43.6796963006497],[-72.306017,43.683349],[-72.3054500580057,43.6866886462619],[-72.305407,43.691505],[-72.305057317029,43.69233609137569],[-72.3100551083863,43.6936227773724],[-72.3556139884297,43.7068749206463],[-72.4222496204646,43.7262573750426],[-72.4263870034767,43.7220640932788],[-72.4281385543772,43.7190080392301],[-72.4475736480668,43.6883023666164],[-72.4545229151586,43.676745610564],[-72.4702169868338,43.652407136162],[-72.4785898374233,43.6392000791967],[-72.4738732924825,43.6391242119975],[-72.4714510128625,43.6380381359669],[-72.4689716790711,43.6319124397323],[-72.4662386093321,43.6310682890438],[-72.4576543799535,43.6295762468271],[-72.4053971859836,43.6202360252467],[-72.3826433396822,43.616247634446],[-72.3590648239488,43.6117990661147],[-72.32844688516082,43.60574091237446]]]},"properties":{"TOWNNAME":"Hartford"}},
{"type":"Feature","geometry":{"type":"Polygon","coordinates":[[[-72.6997966587968,43.6845855672999],[-72.8199861412764,43.7167055462511],[-72.8271612388319,43.7185258717651],[-72.8359681301175,43.7194101043463],[-72.8455682037347,43.7234102790483],[-72.8539133401706,43.7057614231147],[-72.8578151537498,43.6951456445428],[-72.8518558624374,43.6972973106161],[-72.8260917975105,43.7062430003324],[-72.835360781634,43.6878170338362],[-72.8516127256587,43.6558002610724],[-72.8537309313676,43.6517586806237],[-72.867604503617,43.6245901139755],[-72.8707010205158,43.6182417368271],[-72.8513665620751,43.612715261782],[-72.8134583972457,43.602267767438],[-72.8017419502584,43.5991868861432],[-72.7715007864779,43.5910987280012],[-72.757949421645,43.5874325129525],[-72.751539834302,43.598013412659],[-72.7305049194344,43.630740790854],[-72.7275649441922,43.636181458705],[-72.7184608368923,43.652096416356],[-72.7029282544041,43.6790337997242],[-72.6997966587968,43.6845855672999]]]},"properties":{"TOWNNAME":"Killington"}},
{"type":"Feature","geometry":{"type":"Polygon","coordinates":[[[-72.58687102092,43.6646898896968],[-72.6099762527919,43.6707390252933],[-72.6244681616873,43.674444983341],[-72.6854337589889,43.6916413140135],[-72.6939077368531,43.6932634030038],[-72.6984795581561,43.6842324231101],[-72.6997966587968,43.6845855672999],[-72.7029282544041,43.6790337997242],[-72.7184608368923,43.652096416356],[-72.7275649441922,43.636181458705],[-72.7305049194344,43.630740790854],[-72.751539834302,43.598013412659],[-72.757949421645,43.5874325129525],[-72.7550711796172,43.586929438266],[-72.7145672900194,43.5770422623863],[-72.6806598619091,43.5686857556983],[-72.6638377030366,43.5643026348592],[-72.6448847022089,43.5599110711946],[-72.6381437628932,43.5580304335431],[-72.6377311796078,43.5589275308802],[-72.6036110413416,43.6149508410485],[-72.6028958038498,43.6162287960568],[-72.5768288309492,43.6591578291271],[-72.5881612376922,43.66249271575],[-72.58687102092,43.6646898896968]]]},"properties":{"TOWNNAME":"Bridgewater"}},
{"type":"Feature","geometry":{"type":"Polygon","coordinates":[[[-73.3018296724533,43.6243667950007],[-73.3002031301704,43.6256418122217],[-73.2977086685925,43.6259428612202],[-73.2973711608972,43.6268344029116],[-73.2917445652596,43.6475956980372],[-73.2812650356674,43.6689111485411],[-73.406860362294,43.6746268479511],[-73.407761532897,43.6725054316968],[-73.408061,43.669437],[-73.41194,43.66198],[-73.414529555669,43.658235126581374],[-73.41511065061604,43.65634396630618],[-73.415512,43.65245],[-73.418573,43.64805],[-73.423138,43.645893],[-73.425216,43.64429],[-73.426462,43.642598],[-73.428508478731,43.6365434558917],[-73.427470642815,43.6340982770116],[-73.4226218030155,43.6285842298353],[-73.418319,43.623324],[-73.417827,43.620585],[-73.423708,43.612356],[-73.423815,43.610989],[-73.421913348958,43.6058941230825],[-73.421615,43.603022],[-73.42242,43.601556],[-73.42479432969157,43.59897173348908],[-73.4276531559153,43.5939892188571],[-73.430324,43.590531],[-73.431228,43.588284],[-73.430947,43.587035],[-73.42841708104572,43.583879925762005],[-73.42667564347349,43.58298050235779],[-73.4228013627244,43.5823699915779],[-73.420383,43.581494],[-73.416964,43.57773],[-73.408056,43.572861],[-73.405629,43.571178],[-73.40215295224698,43.56954721828102],[-73.398125,43.568064],[-73.39616974528542,43.5679605997634],[-73.394885,43.569709],[-73.39192274512408,43.56995208833608],[-73.3913742858336,43.57112058018261],[-73.39189,43.572948],[-73.3892304293997,43.5747805704853],[-73.38590058669226,43.574857353645626],[-73.384338,43.575397],[-73.3829261520183,43.5790218480073],[-73.38334187695915,43.58041201479757],[-73.3855848166781,43.5831749721405],[-73.38242981254957,43.586135981889505],[-73.3868406833176,43.5886213602391],[-73.3874084417935,43.5898095637428],[-73.3862928368583,43.5913960628456],[-73.382413,43.591576],[-73.38174065612345,43.59274323595233],[-73.3831548145883,43.5957721550641],[-73.383325574964,43.5975484966596],[-73.381349,43.598504],[-73.37922428871009,43.59802291751141],[-73.3772695086205,43.5985708201521],[-73.3778027240092,43.600396501867],[-73.3746870770491,43.6026210815075],[-73.3728326582848,43.6048907674597],[-73.3730468431684,43.6062627443312],[-73.37463197272666,43.60817425872025],[-73.376768033579,43.6093412496889],[-73.3748698965662,43.6106375056274],[-73.3764859069788,43.6125692076565],[-73.3746378175745,43.6150009748741],[-73.3700766003366,43.6192759627965],[-73.3724867495787,43.6220387434587],[-73.3718915650847,43.6245779029679],[-73.36827,43.624585],[-73.36574746465475,43.62344418484349],[-73.359279043441,43.6246140924003],[-73.35729,43.625905],[-73.353637,43.625926],[-73.351231,43.622501],[-73.349269842483,43.6215253000437],[-73.3478313673058,43.6223963625852],[-73.3466803657249,43.6246667890336],[-73.3448825003099,43.6260986134692],[-73.342841,43.626505],[-73.34152727936655,43.62473149272523],[-73.33926543638333,43.6249166326796],[-73.3368134965959,43.6266035956514],[-73.3349636534298,43.62681445502108],[-73.334186,43.627993],[-73.332077,43.62717],[-73.33102273777918,43.62601200012667],[-73.32779895568287,43.62591367092933],[-73.3237493560757,43.6277543658057],[-73.3205059068992,43.6273375548572],[-73.318321,43.628498],[-73.317566,43.627355],[-73.313128,43.625511],[-73.3121772541137,43.6243782620255],[-73.31056446051117,43.624126527782344],[-73.3092990891053,43.6259567098304],[-73.306742,43.6284],[-73.3048243701576,43.6275112336933],[-73.302552,43.625708],[-73.3018296724533,43.6243667950007]]]},"properties":{"TOWNNAME":"West Haven"}},
{"type":"Feature","geometry":{"type":"Polygon","coordinates":[[[-73.2433214202844,43.5876109917974],[-73.241583310104,43.6138731848404],[-73.2394372998557,43.6498834412271],[-73.2385661168234,43.6671459127223],[-73.2812650356674,43.6689111485411],[-73.2917445652596,43.6475956980372],[-73.2973711608972,43.6268344029116],[-73.2977086685925,43.6259428612202],[-73.3002031301704,43.6256418122217],[-73.3018296724533,43.6243667950007],[-73.302957,43.621003],[-73.302454,43.619631],[-73.300377,43.617802],[-73.301196,43.615081],[-73.300976,43.61316],[-73.302235,43.611788],[-73.302419712197,43.6100956785165],[-73.3001935709609,43.6111328741306],[-73.298019,43.610027],[-73.2925098911315,43.6035286928509],[-73.292697,43.601954],[-73.291018,43.599234],[-73.292678,43.597087],[-73.292357,43.595751],[-73.293279,43.592546],[-73.295908,43.588649],[-73.296909,43.587671],[-73.2962524694687,43.5869522345069],[-73.29211,43.584884],[-73.29729577814629,43.579349701247494],[-73.29573076664782,43.578025142126904],[-73.2919099311695,43.5787395129335],[-73.2910370383185,43.5780560907975],[-73.2861694353462,43.5789259376685],[-73.2851546091323,43.5794630622615],[-73.28324146694602,43.57809220700028],[-73.281295,43.577578],[-73.28106105380742,43.57412794528005],[-73.277806,43.574628],[-73.2741386049287,43.5728813339354],[-73.2715383586481,43.5728817204311],[-73.2706134938359,43.5722723892539],[-73.2680238204709,43.5722844156474],[-73.267522,43.570783],[-73.26791574980186,43.569200922236845],[-73.266646,43.569776],[-73.264162,43.569135],[-73.26417228977249,43.56767521972276],[-73.263096,43.567673],[-73.2604061695102,43.5664146545049],[-73.2580016047102,43.5642984048827],[-73.25837286685413,43.56340284362371],[-73.255929,43.561884],[-73.25547135713215,43.559800552234236],[-73.252601,43.556851],[-73.2528055912432,43.5556830658064],[-73.2514128687875,43.5555320121421],[-73.24864,43.553857],[-73.248606,43.551205],[-73.25038984192622,43.55038739826384],[-73.249205,43.548895],[-73.250027,43.547932],[-73.247814,43.545054],[-73.24994078784961,43.544752803122144],[-73.250132,43.543428],[-73.2475283565333,43.5428574717733],[-73.2457267849512,43.5416956077484],[-73.2450506166087,43.550841069193],[-73.243805782015,43.5781332744222],[-73.2433214202844,43.5876109917974]]]},"properties":{"TOWNNAME":"Fair Haven"}},
{"type":"Feature","geometry":{"type":"Polygon","coordinates":[[[-72.39644230376922,43.519652444000926],[-72.3961378977028,43.5237451020555],[-72.3943898112109,43.5274965488253],[-72.3900509113058,43.5279315274811],[-72.388007633473,43.5295450395361],[-72.3839063902548,43.5346492687216],[-72.38089996128838,43.539836642307904],[-72.3805796872842,43.5422919782112],[-72.3816855650087,43.5459993595653],[-72.3809828595446,43.5495679551717],[-72.3816550436524,43.553441396259],[-72.3815858658778,43.5553359323465],[-72.3828840501698,43.5613227962227],[-72.3830389613607,43.5640378137741],[-72.3811822184687,43.5658209614174],[-72.38013857090532,43.56546945716033],[-72.379811,43.567086],[-72.3806367030182,43.5699581132193],[-72.3803479217857,43.5736341420241],[-72.3791511392939,43.5751851799795],[-72.3747474037986,43.5786168919626],[-72.3710250533806,43.5808778294978],[-72.36745037225,43.5821297264106],[-72.3664003756661,43.5828694557577],[-72.3582509749447,43.585195194522],[-72.3566363241735,43.5865479935086],[-72.3548112891289,43.5865809738901],[-72.3493108653151,43.5881399199865],[-72.346720892753,43.5904137003205],[-72.3432030750601,43.5918646406897],[-72.3408060720934,43.5938409802566],[-72.3375009448172,43.5959297517778],[-72.3350852751527,43.5979468082316],[-72.332110190167,43.5998493109729],[-72.3297723242513,43.6003335214657],[-72.3283254195165,43.6013037190856],[-72.3279425940736,43.6033839628761],[-72.32844688516082,43.60574091237446],[-72.3590648239488,43.6117990661147],[-72.3826433396822,43.616247634446],[-72.4053971859836,43.6202360252467],[-72.4576543799535,43.6295762468271],[-72.4662386093321,43.6310682890438],[-72.4720671060732,43.626474943834],[-72.4791299340815,43.6163055132154],[-72.4998165299086,43.5819826177781],[-72.5100807071811,43.5648237462054],[-72.5174223595569,43.5528642287636],[-72.5280465191306,43.5348703818321],[-72.5292758278177,43.5329984744066],[-72.491608826334,43.5294527356406],[-72.4503123226133,43.5250215849092],[-72.39644230376922,43.519652444000926]]]},"properties":{"TOWNNAME":"Hartland"}},
{"type":"Feature","geometry":{"type":"Polygon","coordinates":[[[-72.6605888422222,43.4571059863224],[-72.6603460976003,43.4613976515706],[-72.6589352051475,43.4721952277662],[-72.6556457870143,43.492155657269],[-72.6531027967094,43.5107906998911],[-72.6502254989641,43.5313104968684],[-72.6473564678638,43.5469829812243],[-72.6448847022089,43.5599110711946],[-72.6638377030366,43.5643026348592],[-72.6806598619091,43.5686857556983],[-72.7145672900194,43.5770422623863],[-72.7550711796172,43.586929438266],[-72.757949421645,43.5874325129525],[-72.7715007864779,43.5910987280012],[-72.773489875626,43.579825344844],[-72.7818856515178,43.5439416915974],[-72.7899311840559,43.4945549469336],[-72.7691414058029,43.4915203110184],[-72.7714119823043,43.4785789290915],[-72.7540216988088,43.4749009820848],[-72.7242243173708,43.4681825375372],[-72.7162753241115,43.4664763640804],[-72.7104323615682,43.4649944084346],[-72.6608036270819,43.4536104683099],[-72.6605888422222,43.4571059863224]]]},"properties":{"TOWNNAME":"Plymouth"}},
{"type":"Feature","geometry":{"type":"Polygon","coordinates":[[[-72.7714119823043,43.4785789290915],[-72.7691414058029,43.4915203110184],[-72.7899311840559,43.4945549469336],[-72.7818856515178,43.5439416915974],[-72.773489875626,43.579825344844],[-72.8511559369468,43.5775056127739],[-72.9006687103368,43.5759438030205],[-72.9341632956461,43.5748059405706],[-72.9319888354066,43.543484962206],[-72.9298943470782,43.5074836734168],[-72.9288288484208,43.4876703261612],[-72.9287696667417,43.481689154145],[-72.9287486386901,43.4779112345464],[-72.9014102001394,43.4783698640317],[-72.8920185610365,43.4784331522331],[-72.8707621172045,43.4797531266444],[-72.8544345414306,43.4815807060775],[-72.8284809913709,43.4827479984117],[-72.7942962953627,43.4837890104352],[-72.7714119823043,43.4785789290915]]]},"properties":{"TOWNNAME":"Shrewsbury"}},
{"type":"Feature","geometry":{"type":"Polygon","coordinates":[[[-72.5304008253858,43.4436058611343],[-72.5302088291527,43.4676901500968],[-72.5307263814983,43.4792774146767],[-72.5307200239732,43.4844774538044],[-72.5311107412093,43.4972291721838],[-72.5324131154853,43.5225426958887],[-72.5324721097297,43.5279135291241],[-72.532833725754,43.5338828711848],[-72.5521090626526,43.5384413600135],[-72.5829913137328,43.5454699616769],[-72.6340352943491,43.5573117563359],[-72.6381437628932,43.5580304335431],[-72.6448847022089,43.5599110711946],[-72.6473564678638,43.5469829812243],[-72.6502254989641,43.5313104968684],[-72.6531027967094,43.5107906998911],[-72.6556457870143,43.492155657269],[-72.6589352051475,43.4721952277662],[-72.6603460976003,43.4613976515706],[-72.6605888422222,43.4571059863224],[-72.6428946918929,43.4553846673609],[-72.636081444995,43.4545881944098],[-72.6273189022983,43.4538601977742],[-72.6008620485755,43.4512669732755],[-72.5803390241884,43.4491135394447],[-72.5304008253858,43.4436058611343]]]},"properties":{"TOWNNAME":"Reading"}},
{"type":"Feature","geometry":{"type":"Polygon","coordinates":[[[-72.3960860067767,43.428637255587],[-72.3958227625579,43.431119618291],[-72.395958778684,43.4375896615707],[-72.3935434990692,43.4450852755936],[-72.391303902963,43.4485943216698],[-72.3903444030397,43.4518379411486],[-72.3915615244909,43.4567371358098],[-72.391982004272,43.4622904840667],[-72.3929773958366,43.4664154436299],[-72.3926980334618,43.4672224872206],[-72.386855557068,43.4725812234715],[-72.3851068626655,43.4733472715003],[-72.3829572183633,43.4757580050322],[-72.3820278336604,43.4786356771217],[-72.3811981637002,43.4852730030155],[-72.3801901091281,43.4905589812407],[-72.3805374765931,43.492708612505],[-72.3831428114813,43.4965645553962],[-72.3837636500249,43.49865632807727],[-72.385105,43.500696],[-72.38687175675649,43.50220785305671],[-72.3969140457987,43.5084474411063],[-72.3989489953967,43.5114791760438],[-72.3991022172895,43.5125223465925],[-72.39644230376922,43.519652444000926],[-72.4503123226133,43.5250215849092],[-72.4507074820337,43.5208792791727],[-72.4516128452037,43.500982559208],[-72.4518364039682,43.4920238464708],[-72.4523100185037,43.4832262633172],[-72.4531144629069,43.4554641071072],[-72.45352621715,43.4526147276],[-72.4548948900567,43.4351949989599],[-72.4503153041858,43.4345244993237],[-72.4057316647714,43.4301581645994],[-72.3960860067767,43.428637255587]]]},"properties":{"TOWNNAME":"Windsor"}},
{"type":"Feature","geometry":{"type":"Polygon","coordinates":[[[-72.9287696667417,43.481689154145],[-72.9557532989949,43.4837711654116],[-72.9553226439933,43.4898785875505],[-72.9592826827149,43.490266936076],[-72.9587425824263,43.4932479483728],[-72.9633577266298,43.4933502794541],[-72.9633246164481,43.4950635804353],[-72.9871934952316,43.4960858179287],[-72.9876119226051,43.4915762553693],[-73.0053071423988,43.4926797789261],[-73.0071368520978,43.4481060429691],[-73.014415520638,43.4451446673958],[-73.0217358454046,43.399299742938],[-72.9982341794406,43.3977198902157],[-72.9934195970057,43.3976728057415],[-72.9558489788487,43.396980735941],[-72.9488576570043,43.3967198124953],[-72.9139330661636,43.3956173146783],[-72.8761227162997,43.3943545367151],[-72.8754872671546,43.4109436110985],[-72.8751332896772,43.4145451423233],[-72.8740629972188,43.4192176307988],[-72.8735510680102,43.4281213334443],[-72.8733261480511,43.4356730164888],[-72.8721758142018,43.4539282036802],[-72.8713010719778,43.4706719594199],[-72.8707850751905,43.4765887119341],[-72.8707621172045,43.4797531266444],[-72.8920185610365,43.4784331522331],[-72.9014102001394,43.4783698640317],[-72.9287486386901,43.4779112345464],[-72.9287696667417,43.481689154145]]]},"properties":{"TOWNNAME":"Wallingford"}},
{"type":"Feature","geometry":{"type":"Polygon","coordinates":[[[-72.7584914379173,43.3533154283674],[-72.762356028391,43.3714302954182],[-72.7552226426932,43.3847258633705],[-72.7472299154275,43.4000111051723],[-72.7384041856881,43.4170448480358],[-72.7225641843035,43.4600852625897],[-72.7273682223509,43.4610708924496],[-72.7242243173708,43.4681825375372],[-72.7540216988088,43.4749009820848],[-72.7714119823043,43.4785789290915],[-72.7942962953627,43.4837890104352],[-72.8284809913709,43.4827479984117],[-72.8544345414306,43.4815807060775],[-72.8707621172045,43.4797531266444],[-72.8707850751905,43.4765887119341],[-72.8713010719778,43.4706719594199],[-72.8721758142018,43.4539282036802],[-72.8733261480511,43.4356730164888],[-72.8735510680102,43.4281213334443],[-72.8740629972188,43.4192176307988],[-72.8751332896772,43.4145451423233],[-72.8754872671546,43.4109436110985],[-72.8761227162997,43.3943545367151],[-72.8535511215187,43.3936073468813],[-72.8540591769031,43.3742862718632],[-72.8228648238299,43.3742168713027],[-72.8227612232951,43.37878794334],[-72.7626044619839,43.355036316023],[-72.7596278539055,43.3537760720252],[-72.7584914379173,43.3533154283674]]]},"properties":{"TOWNNAME":"Mount Holly"}},
{"type":"Feature","geometry":{"type":"Polygon","coordinates":[[[-73.1208709505134,43.4030175728726],[-73.1208355330871,43.4040464158932],[-73.1464477131245,43.4050080416905],[-73.1754313454562,43.4059150830328],[-73.1958409860222,43.4069097553546],[-73.214023647078,43.4074185685741],[-73.2452469689108,43.4085108320698],[-73.25078022321,43.4086132554576],[-73.252353,43.372993],[-73.2526973249517,43.3676289315757],[-73.2529355866186,43.3593308745861],[-73.2533827778105,43.3502973803428],[-73.2539160168508,43.3319012101891],[-73.254610069708,43.314506659874],[-73.2441024821414,43.3139512648517],[-73.219426548242,43.3130286264488],[-73.1681668224238,43.311367742804],[-73.133127710386,43.309357430221],[-73.1226621160758,43.3086890184512],[-73.1221678893265,43.3625867816709],[-73.1214151999147,43.3885176247853],[-73.1208709505134,43.4030175728726]]]},"properties":{"TOWNNAME":"Pawlet"}},
{"type":"Feature","geometry":{"type":"Polygon","coordinates":[[[-72.9934195970057,43.3976728057415],[-72.9982341794406,43.3977198902157],[-73.0217358454046,43.399299742938],[-73.0346505818936,43.4001986270569],[-73.0520780736342,43.4009600409774],[-73.0771607852631,43.4015868074838],[-73.0970402543293,43.4021669463791],[-73.1208709505134,43.4030175728726],[-73.1214151999147,43.3885176247853],[-73.1221678893265,43.3625867816709],[-73.1226621160758,43.3086890184512],[-73.1146004712651,43.3082695944522],[-73.0925699076346,43.3069389830362],[-73.0591173629422,43.3070912878129],[-73.0467988084349,43.3070679387961],[-72.9968364752681,43.305182727191],[-72.9943676518003,43.3364224821489],[-72.9937686282652,43.3786599985172],[-72.9934195970057,43.3976728057415]]]},"properties":{"TOWNNAME":"Danby"}},
{"type":"Feature","geometry":{"type":"Polygon","coordinates":[[[-72.8686479942615,43.3005377639886],[-72.8666279061493,43.3276887706895],[-72.8657491681626,43.3475381891412],[-72.854935167202,43.3472293156377],[-72.8540591769031,43.3742862718632],[-72.8535511215187,43.3936073468813],[-72.8761227162997,43.3943545367151],[-72.9139330661636,43.3956173146783],[-72.9488576570043,43.3967198124953],[-72.9558489788487,43.396980735941],[-72.9934195970057,43.3976728057415],[-72.9937686282652,43.3786599985172],[-72.9943676518003,43.3364224821489],[-72.9968364752681,43.305182727191],[-72.9875909784797,43.305013592878],[-72.9923280350185,43.2907244072015],[-72.9758863916452,43.2905594183874],[-72.9752961562225,43.3041674625089],[-72.9621537980886,43.303674038983],[-72.9414921310601,43.3030019753199],[-72.8988741403956,43.3017219222942],[-72.8686479942615,43.3005377639886]]]},"properties":{"TOWNNAME":"Mount Tabor"}},
{"type":"Feature","geometry":{"type":"Polygon","coordinates":[[[-72.7596278539055,43.3537760720252],[-72.7626044619839,43.355036316023],[-72.8227612232951,43.37878794334],[-72.8228648238299,43.3742168713027],[-72.8540591769031,43.3742862718632],[-72.854935167202,43.3472293156377],[-72.8657491681626,43.3475381891412],[-72.8666279061493,43.3276887706895],[-72.8686479942615,43.3005377639886],[-72.8599129585227,43.3003760149568],[-72.849569486561,43.3001878312],[-72.8198965572915,43.2993807446879],[-72.8200317280813,43.2918325660342],[-72.8196205634067,43.2560143820135],[-72.756829730863,43.2396964042399],[-72.7560496754918,43.2559661504996],[-72.7551309810171,43.2706637830709],[-72.7652053767962,43.2726842724288],[-72.7642819486827,43.295196104217],[-72.7637767011307,43.2992184375472],[-72.7615306793204,43.3279784624392],[-72.7596278539055,43.3537760720252]]]},"properties":{"TOWNNAME":"Weston"}},
{"type":"Feature","geometry":{"type":"Polygon","coordinates":[[[-72.6854418470829,43.2225889815398],[-72.6826300907383,43.2921247483778],[-72.6814428566756,43.3224380554319],[-72.6960270185293,43.3281057933933],[-72.7511634266996,43.3503935484316],[-72.7584914379173,43.3533154283674],[-72.7596278539055,43.3537760720252],[-72.7615306793204,43.3279784624392],[-72.7637767011307,43.2992184375472],[-72.7642819486827,43.295196104217],[-72.7652053767962,43.2726842724288],[-72.7551309810171,43.2706637830709],[-72.7560496754918,43.2559661504996],[-72.756829730863,43.2396964042399],[-72.7302131992787,43.2333000225106],[-72.7014135695686,43.2263375465328],[-72.6854418470829,43.2225889815398]]]},"properties":{"TOWNNAME":"Andover"}},
{"type":"Feature","geometry":{"type":"Polygon","coordinates":[[[-72.4347723765022,43.2332648093677],[-72.435770716893,43.2340360777123],[-72.4382286735116,43.2394645779981],[-72.4395908903732,43.245445542208],[-72.438498,43.249005],[-72.4390229883,43.2513820792347],[-72.43728106557393,43.25479973716658],[-72.43714,43.256054],[-72.4357065365848,43.2577257179394],[-72.4336355942079,43.2590096647747],[-72.42450995964808,43.26202736215567],[-72.4218351705017,43.2632660832163],[-72.42092,43.265522],[-72.4189993718932,43.2677786685433],[-72.4162035371647,43.2702439347363],[-72.4150532287705,43.272562832638],[-72.4136242898893,43.2742749951569],[-72.4117713130946,43.2779788179437],[-72.4103866122448,43.2795360580105],[-72.4080388577263,43.284127141735],[-72.4062402327382,43.2897335276403],[-72.4049496313037,43.2923236815601],[-72.4047610274629,43.2943389264551],[-72.4037622569214,43.2968248018871],[-72.4026791433683,43.3009872748162],[-72.4028983480567,43.3024120123066],[-72.3997722758434,43.3060147988676],[-72.3991503572753,43.3081594482452],[-72.3954470821079,43.312937625596],[-72.3956046931563,43.3141915619095],[-72.3973269522217,43.3169594041518],[-72.3988167407433,43.318235947198],[-72.4024194856706,43.3200834452022],[-72.4042055147272,43.3225858770851],[-72.4058625864509,43.3240598656024],[-72.409353,43.328433],[-72.4104973652194,43.3307051018423],[-72.4103116560127,43.3322202313366],[-72.4081326267053,43.3357670789091],[-72.4061749148889,43.3382192392898],[-72.4079967216107,43.3383891321807],[-72.4439900411445,43.3402917067937],[-72.4685936417941,43.3411757620251],[-72.5015508906409,43.342828555479],[-72.5042926627858,43.3431437998619],[-72.5213950911818,43.343963424745],[-72.545438475771,43.3452783255804],[-72.5464908298555,43.3348514563117],[-72.5463615672976,43.3239514850026],[-72.5465643197506,43.3135378791799],[-72.5469524901535,43.3037580518314],[-72.5477057242258,43.2932571367549],[-72.548014144169,43.292286482229],[-72.548083039152,43.2846353006549],[-72.5488855669778,43.2562194798455],[-72.5488294246267,43.2553152224099],[-72.5491533490645,43.2359055837614],[-72.4873383441494,43.2346570429503],[-72.4588539788752,43.2337682936334],[-72.4380027732648,43.233246172273],[-72.4347723765022,43.2332648093677]]]},"properties":{"TOWNNAME":"Springfield"}},
{"type":"Feature","geometry":{"type":"Polygon","coordinates":[[[-73.1276695554538,43.2147299773829],[-73.124546571224,43.2350288946563],[-73.1227713969627,43.271620354137],[-73.1226621160758,43.3086890184512],[-73.133127710386,43.309357430221],[-73.1681668224238,43.311367742804],[-73.219426548242,43.3130286264488],[-73.2441024821414,43.3139512648517],[-73.254610069708,43.314506659874],[-73.25555546915696,43.28685880247984],[-73.25579,43.277563],[-73.2565657892155,43.2577107660559],[-73.2569750708414,43.2539352289006],[-73.25843017706545,43.234155863469745],[-73.2591083399116,43.2168781219417],[-73.2521354368374,43.2170420982427],[-73.2495394207782,43.2168223996317],[-73.1789630680657,43.214603755223],[-73.1433989781966,43.213906006818],[-73.1301410678107,43.2136899563635],[-73.1278307977727,43.213652160445],[-73.1276695554538,43.2147299773829]]]},"properties":{"TOWNNAME":"Rupert"}},
{"type":"Feature","geometry":{"type":"Polygon","coordinates":[[[-72.9968364752681,43.305182727191],[-73.0467988084349,43.3070679387961],[-73.0591173629422,43.3070912878129],[-73.0925699076346,43.3069389830362],[-73.1146004712651,43.3082695944522],[-73.1226621160758,43.3086890184512],[-73.1227713969627,43.271620354137],[-73.124546571224,43.2350288946563],[-73.1276695554538,43.2147299773829],[-73.1251789033714,43.2142781511638],[-73.0951777983706,43.2133132583571],[-73.0777815777639,43.2128547028004],[-73.0556157220567,43.2124008331888],[-73.0381781051413,43.2119446469023],[-73.0016994308014,43.210903161724],[-72.9967041198727,43.2102768541514],[-72.9795873712294,43.2096475959477],[-72.9773408026198,43.2552531692323],[-72.9758863916452,43.2905594183874],[-72.9923280350185,43.2907244072015],[-72.9875909784797,43.305013592878],[-72.9968364752681,43.305182727191]]]},"properties":{"TOWNNAME":"Dorset"}},
{"type":"Feature","geometry":{"type":"Polygon","coordinates":[[[-72.8599129585227,43.3003760149568],[-72.8686479942615,43.3005377639886],[-72.8988741403956,43.3017219222942],[-72.9414921310601,43.3030019753199],[-72.9621537980886,43.303674038983],[-72.9752961562225,43.3041674625089],[-72.9758863916452,43.2905594183874],[-72.9773408026198,43.2552531692323],[-72.9795873712294,43.2096475959477],[-72.9435436976833,43.2080767971227],[-72.9161449879449,43.2071937204251],[-72.895219165856,43.2065667098],[-72.8673034504951,43.2054261790511],[-72.8664573240269,43.2196674987407],[-72.8640986000583,43.2556889210545],[-72.860915360316,43.2916967412988],[-72.8605819163788,43.2967870583698],[-72.8599129585227,43.3003760149568]]]},"properties":{"TOWNNAME":"Peru"}},
{"type":"Feature","geometry":{"type":"Polygon","coordinates":[[[-72.8196205634067,43.2560143820135],[-72.8200317280813,43.2918325660342],[-72.8198965572915,43.2993807446879],[-72.849569486561,43.3001878312],[-72.8599129585227,43.3003760149568],[-72.8605819163788,43.2967870583698],[-72.860915360316,43.2916967412988],[-72.8640986000583,43.2556889210545],[-72.8664573240269,43.2196674987407],[-72.8673034504951,43.2054261790511],[-72.8621374913316,43.205224902351],[-72.8515769884768,43.2047322154576],[-72.8506365611072,43.2197089815156],[-72.8499823821863,43.2333069448072],[-72.8481135336482,43.2628553631289],[-72.8196205634067,43.2560143820135]]]},"properties":{"TOWNNAME":"Landgrove"}},
{"type":"Feature","geometry":{"type":"Polygon","coordinates":[[[-72.7714195332209,43.1417220297539],[-72.7733709491541,43.1523115152137],[-72.7733507795674,43.1539100610002],[-72.771596287482,43.1569074377732],[-72.7705848290115,43.1620282975125],[-72.7702757790466,43.1655624050423],[-72.7674413964145,43.1678211612711],[-72.7669353633022,43.169067976017],[-72.7653636949652,43.1696391790064],[-72.7653316182462,43.1716328235773],[-72.7670304773996,43.1734269274041],[-72.7670166161519,43.1744797787844],[-72.7639817419682,43.17546051676],[-72.7642672221303,43.1783730216295],[-72.7653829559207,43.1809324522054],[-72.7640100801248,43.1828374692295],[-72.7613590922246,43.1836896083702],[-72.7599356533173,43.1867681282112],[-72.756905134859,43.1886661004627],[-72.7543506667132,43.1894421570033],[-72.7421400790478,43.2025615991426],[-72.7407660906081,43.2033010905575],[-72.7405080131347,43.2052317316123],[-72.7360233981899,43.2086227475322],[-72.7385017923559,43.211744629958],[-72.7379499692387,43.212568333526],[-72.7382488687273,43.2153425042608],[-72.7357473220791,43.2184172758757],[-72.7342870003287,43.2233700876511],[-72.7319829579927,43.2240672648478],[-72.7278080103558,43.2264220630458],[-72.7291587614297,43.2278757096381],[-72.7284817771665,43.2311859048106],[-72.7302131992787,43.2333000225106],[-72.756829730863,43.2396964042399],[-72.8196205634067,43.2560143820135],[-72.8481135336482,43.2628553631289],[-72.8499823821863,43.2333069448072],[-72.8506365611072,43.2197089815156],[-72.8515769884768,43.2047322154576],[-72.8621374913316,43.205224902351],[-72.8634219958849,43.1836770159037],[-72.8648022895819,43.1661572783839],[-72.7714195332209,43.1417220297539]]]},"properties":{"TOWNNAME":"Londonderry"}},
{"type":"Feature","geometry":{"type":"Polygon","coordinates":[[[-72.6395888326799,43.1264163545402],[-72.6347895102986,43.1268327684819],[-72.6343850391569,43.1290818180235],[-72.6331728376858,43.1292115783841],[-72.6319282666336,43.1308938609941],[-72.629988053188,43.1310151494054],[-72.629493503514,43.1346260901057],[-72.6266218116524,43.1348589698901],[-72.6251887893966,43.1372451297029],[-72.627661646399,43.1370241087594],[-72.6282082928843,43.1378855180234],[-72.6278725036255,43.1403393034142],[-72.5592168615791,43.1476067880236],[-72.5577032884139,43.1478059291573],[-72.5567433325664,43.2202407155015],[-72.5554846892913,43.2353045424112],[-72.6029220846203,43.2307680966485],[-72.6644784111865,43.2251306480897],[-72.6762442897072,43.2240920017144],[-72.676317502515,43.2226735294289],[-72.6774787802834,43.2021141682934],[-72.6806940774356,43.1480865287177],[-72.681887182662,43.1325342163616],[-72.6383115763813,43.1364512087391],[-72.6395888326799,43.1264163545402]]]},"properties":{"TOWNNAME":"Grafton"}},
{"type":"Feature","geometry":{"type":"Polygon","coordinates":[[[-72.676317502515,43.2226735294289],[-72.6854418470829,43.2225889815398],[-72.7014135695686,43.2263375465328],[-72.7302131992787,43.2333000225106],[-72.7284817771665,43.2311859048106],[-72.7291587614297,43.2278757096381],[-72.7278080103558,43.2264220630458],[-72.7319829579927,43.2240672648478],[-72.7342870003287,43.2233700876511],[-72.7357473220791,43.2184172758757],[-72.7382488687273,43.2153425042608],[-72.7379499692387,43.212568333526],[-72.7385017923559,43.211744629958],[-72.7360233981899,43.2086227475322],[-72.7405080131347,43.2052317316123],[-72.7407660906081,43.2033010905575],[-72.7421400790478,43.2025615991426],[-72.7543506667132,43.1894421570033],[-72.756905134859,43.1886661004627],[-72.7599356533173,43.1867681282112],[-72.7613590922246,43.1836896083702],[-72.7640100801248,43.1828374692295],[-72.7653829559207,43.1809324522054],[-72.7642672221303,43.1783730216295],[-72.7639817419682,43.17546051676],[-72.7670166161519,43.1744797787844],[-72.7670304773996,43.1734269274041],[-72.7653316182462,43.1716328235773],[-72.7653636949652,43.1696391790064],[-72.7669353633022,43.169067976017],[-72.7674413964145,43.1678211612711],[-72.7702757790466,43.1655624050423],[-72.7705848290115,43.1620282975125],[-72.771596287482,43.1569074377732],[-72.7733507795674,43.1539100610002],[-72.7733709491541,43.1523115152137],[-72.7714195332209,43.1417220297539],[-72.7502815791376,43.1361105614963],[-72.7291499127038,43.130719938916],[-72.7084769523512,43.125777713782],[-72.692070764411,43.1218609321586],[-72.690921785518,43.1317391495149],[-72.681887182662,43.1325342163616],[-72.6806940774356,43.1480865287177],[-72.6774787802834,43.2021141682934],[-72.676317502515,43.2226735294289]]]},"properties":{"TOWNNAME":"Windham"}},
{"type":"Feature","geometry":{"type":"Polygon","coordinates":[[[-73.2641164186614,43.12240160150202],[-73.2260436180202,43.121469128768],[-73.202474754101,43.1211801281245],[-73.1630611879716,43.1208528949795],[-73.1350380800155,43.1205370199322],[-73.1337464659921,43.1464845283385],[-73.132676116069,43.1660329508425],[-73.1318766816854,43.1824958927395],[-73.1301410678107,43.2136899563635],[-73.1433989781966,43.213906006818],[-73.1789630680657,43.214603755223],[-73.2495394207782,43.2168223996317],[-73.2521354368374,43.2170420982427],[-73.2591083399116,43.2168781219417],[-73.2597444777447,43.2001395174728],[-73.26116027429384,43.17850682588166],[-73.2641164186614,43.12240160150202]]]},"properties":{"TOWNNAME":"Sandgate"}},
{"type":"Feature","geometry":{"type":"Polygon","coordinates":[[[-72.8673034504951,43.2054261790511],[-72.895219165856,43.2065667098],[-72.9161449879449,43.2071937204251],[-72.9435436976833,43.2080767971227],[-72.9795873712294,43.2096475959477],[-72.9967041198727,43.2102768541514],[-73.0016994308014,43.210903161724],[-73.0031389436866,43.1838039222821],[-73.004171599465,43.1700047427998],[-73.0066024389093,43.1323144180347],[-73.0074818591309,43.1166483819512],[-73.0062062252379,43.11586432159],[-72.9973215226303,43.1154540115264],[-72.9971412201173,43.1174666537411],[-72.995969306253,43.118708739566],[-72.9484186621837,43.11749234335],[-72.8982775556663,43.1146570022033],[-72.868243663793,43.1139398006616],[-72.8673164084058,43.131857685751],[-72.8648022895819,43.1661572783839],[-72.8634219958849,43.1836770159037],[-72.8621374913316,43.205224902351],[-72.8673034504951,43.2054261790511]]]},"properties":{"TOWNNAME":"Winhall"}},
{"type":"Feature","geometry":{"type":"Polygon","coordinates":[[[-73.0016994308014,43.210903161724],[-73.0381781051413,43.2119446469023],[-73.0556157220567,43.2124008331888],[-73.0777815777639,43.2128547028004],[-73.0951777983706,43.2133132583571],[-73.1251789033714,43.2142781511638],[-73.1276695554538,43.2147299773829],[-73.1278307977727,43.213652160445],[-73.1301410678107,43.2136899563635],[-73.1318766816854,43.1824958927395],[-73.132676116069,43.1660329508425],[-73.1337464659921,43.1464845283385],[-73.1350380800155,43.1205370199322],[-73.0975364730503,43.1193306169761],[-73.0478470825911,43.1178847624852],[-73.0074818591309,43.1166483819512],[-73.0066024389093,43.1323144180347],[-73.004171599465,43.1700047427998],[-73.0031389436866,43.1838039222821],[-73.0016994308014,43.210903161724]]]},"properties":{"TOWNNAME":"Manchester"}},
{"type":"Feature","geometry":{"type":"Polygon","coordinates":[[[-72.7084769523512,43.125777713782],[-72.7291499127038,43.130719938916],[-72.7502815791376,43.1361105614963],[-72.7714195332209,43.1417220297539],[-72.8648022895819,43.1661572783839],[-72.8673164084058,43.131857685751],[-72.868243663793,43.1139398006616],[-72.8693315988267,43.1013402246798],[-72.8703705146753,43.0862408282723],[-72.8708714320125,43.0756266858804],[-72.8723159203895,43.0536484940551],[-72.848134294069,43.0532386969002],[-72.7990403211178,43.0520185208176],[-72.7339200427802,43.0504279591287],[-72.7252563950316,43.0760156787855],[-72.7128988204362,43.1120416515156],[-72.7084769523512,43.125777713782]]]},"properties":{"TOWNNAME":"Jamaica"}},
{"type":"Feature","geometry":{"type":"Polygon","coordinates":[[[-72.6055251758279,43.0721626241405],[-72.602695239465,43.0817418258989],[-72.5961832471706,43.1045755240307],[-72.6027317292874,43.1048990224717],[-72.6419595220443,43.1065006006794],[-72.6395888326799,43.1264163545402],[-72.6383115763813,43.1364512087391],[-72.681887182662,43.1325342163616],[-72.690921785518,43.1317391495149],[-72.692070764411,43.1218609321586],[-72.7084769523512,43.125777713782],[-72.7128988204362,43.1120416515156],[-72.7252563950316,43.0760156787855],[-72.7339200427802,43.0504279591287],[-72.7400487021834,43.0322340018017],[-72.7432865893109,43.0222084724596],[-72.700742782324,43.0206988562533],[-72.6712288422395,43.0198080217805],[-72.6506980335202,43.0192836468534],[-72.6209208934925,43.0184039498847],[-72.6146623292912,43.0401644147553],[-72.6055251758279,43.0721626241405]]]},"properties":{"TOWNNAME":"Townshend"}},
{"type":"Feature","geometry":{"type":"Polygon","coordinates":[[[-72.43806834441966,43.12504222061668],[-72.4522914337583,43.125609057614],[-72.4836582493777,43.1259453143142],[-72.5085648626965,43.1262641870434],[-72.5159324714154,43.1266817931287],[-72.5264912683939,43.1261914980616],[-72.5304485538222,43.1263943998864],[-72.5408341981452,43.1263437262215],[-72.5456853096189,43.1271481664391],[-72.5470765810984,43.1269456063223],[-72.5536075459578,43.1277123705407],[-72.5567554931967,43.1277816050281],[-72.5592920082645,43.1190446098865],[-72.5714522495618,43.0762169593915],[-72.5728569641296,43.0708893205629],[-72.5767147606362,43.0710401883788],[-72.5788447366663,43.0594859484254],[-72.5825482082096,43.0401958649129],[-72.5856452259654,43.0232537152249],[-72.5761026658839,43.0231720609561],[-72.5711113674929,43.0229834432733],[-72.5238922169834,43.021978999957],[-72.4714416800101,43.0203729150316],[-72.45939858368597,43.020441727147634],[-72.4628560387435,43.0257671952326],[-72.463227647961,43.0284884608218],[-72.4615690634312,43.0333138501433],[-72.4606672116865,43.0409112033911],[-72.4615993205172,43.0432337010295],[-72.462909837945,43.0446196813889],[-72.4653644976198,43.0460781013839],[-72.4672424411154,43.0488563192674],[-72.4678985412049,43.052746874378],[-72.4657285208037,43.0557866672495],[-72.4618859598077,43.0589858349282],[-72.4587505728941,43.060425742768],[-72.4554887729256,43.0626305708576],[-72.4529565543521,43.0660412970345],[-72.4503964282393,43.0685350378018],[-72.4461432338094,43.0705188907619],[-72.4396034723477,43.0765115656642],[-72.438440762454,43.07831947553],[-72.4356836548242,43.0811775246987],[-72.43401864691711,43.08457827099333],[-72.434516,43.08652181472779],[-72.4375768186868,43.0891427166674],[-72.4390646488724,43.0917540933711],[-72.4389762381367,43.0948235228189],[-72.4401080258984,43.0965664821161],[-72.4429085706185,43.0995678956274],[-72.4433437590508,43.1032043289948],[-72.4418154799131,43.1058523866438],[-72.4399825954244,43.1071478567187],[-72.4368450540398,43.1082712842428],[-72.4341197175093,43.11019627669],[-72.4330403249588,43.11249682921],[-72.4324880958454,43.1154640725724],[-72.4328412079301,43.1194181545285],[-72.4338541609282,43.1211969248268],[-72.43806834441966,43.12504222061668]]]},"properties":{"TOWNNAME":"Westminster"}},
{"type":"Feature","geometry":{"type":"Polygon","coordinates":[[[-73.1350380800155,43.1205370199322],[-73.1630611879716,43.1208528949795],[-73.202474754101,43.1211801281245],[-73.2260436180202,43.121469128768],[-73.2641164186614,43.12240160150202],[-73.265595,43.095925],[-73.26823737160323,43.058118169609585],[-73.2695148836804,43.037634774817],[-73.270070529407,43.0300575460777],[-73.2327278754476,43.0289944162994],[-73.1945178315251,43.0274558264082],[-73.1883906886659,43.027153570315],[-73.1520484758191,43.0263746777245],[-73.1424430775928,43.0260878349688],[-73.1405938201282,43.0258262584948],[-73.1399357690693,43.0384346003948],[-73.1397161500667,43.0405534805119],[-73.138067970598,43.0670488880762],[-73.1372776773401,43.076802719435],[-73.1361524862767,43.0971894949255],[-73.136089780547,43.1008504413339],[-73.1350380800155,43.1205370199322]]]},"properties":{"TOWNNAME":"Arlington"}},
{"type":"Feature","geometry":{"type":"Polygon","coordinates":[[[-72.9973215226303,43.1154540115264],[-73.0062062252379,43.11586432159],[-73.0074818591309,43.1166483819512],[-73.0478470825911,43.1178847624852],[-73.0975364730503,43.1193306169761],[-73.1350380800155,43.1205370199322],[-73.136089780547,43.1008504413339],[-73.1361524862767,43.0971894949255],[-73.1372776773401,43.076802719435],[-73.138067970598,43.0670488880762],[-73.1397161500667,43.0405534805119],[-73.1399357690693,43.0384346003948],[-73.1405938201282,43.0258262584948],[-73.1245426035877,43.0253033087],[-73.1000785304478,43.0246207083575],[-73.0262468776563,43.0222726845329],[-73.0032317941001,43.0214732299117],[-73.0031210873999,43.023691298125],[-73.0005988754641,43.0235739030793],[-73.0006090994902,43.0391291317556],[-73.0017804008647,43.0751328627797],[-72.9983198002637,43.0966060345673],[-72.9986982347329,43.0974968080592],[-72.9973215226303,43.1154540115264]]]},"properties":{"TOWNNAME":"Sunderland"}},
{"type":"Feature","geometry":{"type":"Polygon","coordinates":[[[-72.8723159203895,43.0536484940551],[-72.8708714320125,43.0756266858804],[-72.8703705146753,43.0862408282723],[-72.8693315988267,43.1013402246798],[-72.868243663793,43.1139398006616],[-72.8982775556663,43.1146570022033],[-72.9484186621837,43.11749234335],[-72.995969306253,43.118708739566],[-72.9971412201173,43.1174666537411],[-72.9973215226303,43.1154540115264],[-72.9986982347329,43.0974968080592],[-72.9983198002637,43.0966060345673],[-73.0017804008647,43.0751328627797],[-73.0006090994902,43.0391291317556],[-73.0005988754641,43.0235739030793],[-72.9952004062577,43.0233701844162],[-72.9461072808121,43.0218123183566],[-72.9179355787031,43.0208097300786],[-72.9201657940698,42.9927236530152],[-72.8968383761555,42.9916184901172],[-72.8794498661566,42.9909605526699],[-72.878501138233,43.0035907016253],[-72.8777231864852,43.0175444121258],[-72.8752925235293,43.0174731026018],[-72.8739714514163,43.0297882350382],[-72.8732452542857,43.0431429777582],[-72.8723159203895,43.0536484940551]]]},"properties":{"TOWNNAME":"Stratton"}},
{"type":"Feature","geometry":{"type":"Polygon","coordinates":[[[-72.5856452259654,43.0232537152249],[-72.5825482082096,43.0401958649129],[-72.5788447366663,43.0594859484254],[-72.5767147606362,43.0710401883788],[-72.6055251758279,43.0721626241405],[-72.6146623292912,43.0401644147553],[-72.6209208934925,43.0184039498847],[-72.6506980335202,43.0192836468534],[-72.6493668485175,43.0181282130537],[-72.6483443514376,43.015437829715],[-72.6509151148436,43.0147994828513],[-72.6507143243183,43.0139058699935],[-72.646611221426,43.0104321875378],[-72.6413907129094,43.0077149924938],[-72.6399518984738,43.0060754628765],[-72.6393798566353,43.0041300613855],[-72.6421323442881,43.0026800864234],[-72.6388114871613,42.9995504526813],[-72.6384009317702,42.9986973080975],[-72.6394489392918,42.9969309604902],[-72.6388411716432,42.9960667149074],[-72.6363538079995,42.9953027503613],[-72.6335368573288,42.9951544809391],[-72.6327422187421,42.9935683845989],[-72.6346479952202,42.9908693925914],[-72.6317657871509,42.9830939950062],[-72.632123116788,42.9821432591094],[-72.6343066477697,42.9810866924833],[-72.6392302202211,42.9797915657302],[-72.6435563013176,42.9792426005251],[-72.6456330137345,42.9781417522189],[-72.6468977627805,42.9752664766254],[-72.6471193713807,42.9695411934053],[-72.6355455878674,42.9692071119688],[-72.620890563954,42.9687145627791],[-72.6080373364448,42.9683734628343],[-72.607290427708,42.986406213874],[-72.605870663029,42.9907618104748],[-72.5994165424492,42.990341541989],[-72.5944685871133,43.0055533975952],[-72.5932089450987,43.0079911276649],[-72.5919805349656,43.0090664860041],[-72.5883424858132,43.0234791398393],[-72.5856452259654,43.0232537152249]]]},"properties":{"TOWNNAME":"Brookline"}},
{"type":"Feature","geometry":{"type":"Polygon","coordinates":[[[-72.7432865893109,43.0222084724596],[-72.7400487021834,43.0322340018017],[-72.7339200427802,43.0504279591287],[-72.7990403211178,43.0520185208176],[-72.848134294069,43.0532386969002],[-72.8723159203895,43.0536484940551],[-72.8732452542857,43.0431429777582],[-72.8739714514163,43.0297882350382],[-72.8752925235293,43.0174731026018],[-72.8777231864852,43.0175444121258],[-72.878501138233,43.0035907016253],[-72.8794498661566,42.9909605526699],[-72.8477788584136,42.9897552723175],[-72.7987259178391,42.9881608656975],[-72.7542349603344,42.9866584482054],[-72.7497353307648,43.0027378524314],[-72.7494841153495,43.0039420310239],[-72.7450068813945,43.0173914637851],[-72.7432865893109,43.0222084724596]]]},"properties":{"TOWNNAME":"Wardsboro"}},
{"type":"Feature","geometry":{"type":"Polygon","coordinates":[[[-73.1460052245664,42.9309829853025],[-73.1421827673978,43.0000624435459],[-73.1405938201282,43.0258262584948],[-73.1424430775928,43.0260878349688],[-73.1520484758191,43.0263746777245],[-73.1883906886659,43.027153570315],[-73.1945178315251,43.0274558264082],[-73.2327278754476,43.0289944162994],[-73.270070529407,43.0300575460777],[-73.270825,43.015147],[-73.27149913350252,42.99930199249106],[-73.27445371870195,42.94069846521682],[-73.2746281297905,42.9344238293456],[-73.2538316980627,42.9338778109596],[-73.2503757137522,42.9337083282318],[-73.213323526053,42.9328306057716],[-73.1932595004193,42.9322393078306],[-73.1460052245664,42.9309829853025]]]},"properties":{"TOWNNAME":"Shaftsbury"}},
{"type":"Feature","geometry":{"type":"Polygon","coordinates":[[[-73.0081349303325,42.9305655500752],[-73.0076578214369,42.9400566468431],[-73.0051026052145,42.9850932902059],[-73.0032317941001,43.0214732299117],[-73.0262468776563,43.0222726845329],[-73.1000785304478,43.0246207083575],[-73.1245426035877,43.0253033087],[-73.1405938201282,43.0258262584948],[-73.1421827673978,43.0000624435459],[-73.1460052245664,42.9309829853025],[-73.1244386588879,42.9324982225131],[-73.1080694151296,42.932670152911],[-73.0563807948858,42.9313992178099],[-73.046547009459,42.9311057795807],[-73.010424444744,42.9302586618583],[-73.0081349303325,42.9305655500752]]]},"properties":{"TOWNNAME":"Glastenbury"}},
{"type":"Feature","geometry":{"type":"Polygon","coordinates":[[[-72.9201657940698,42.9927236530152],[-72.9179355787031,43.0208097300786],[-72.9461072808121,43.0218123183566],[-72.9952004062577,43.0233701844162],[-73.0005988754641,43.0235739030793],[-73.0031210873999,43.023691298125],[-73.0032317941001,43.0214732299117],[-73.0051026052145,42.9850932902059],[-73.0076578214369,42.9400566468431],[-73.0081349303325,42.9305655500752],[-73.0067155678606,42.9307559303961],[-72.9538394215458,42.9284919876612],[-72.9237915049306,42.9274505147055],[-72.9201657940698,42.9927236530152]]]},"properties":{"TOWNNAME":"Somerset"}},
{"type":"Feature","geometry":{"type":"Polygon","coordinates":[[[-72.45939858368597,43.020441727147634],[-72.4714416800101,43.0203729150316],[-72.5238922169834,43.021978999957],[-72.5711113674929,43.0229834432733],[-72.5761026658839,43.0231720609561],[-72.5856452259654,43.0232537152249],[-72.5883424858132,43.0234791398393],[-72.5919805349656,43.0090664860041],[-72.5932089450987,43.0079911276649],[-72.5944685871133,43.0055533975952],[-72.5994165424492,42.990341541989],[-72.605870663029,42.9907618104748],[-72.607290427708,42.986406213874],[-72.6080373364448,42.9683734628343],[-72.601350286195,42.9680852182508],[-72.5705428706038,42.9670531521327],[-72.5534702617077,42.9667604782023],[-72.5217753078371,42.9658184090338],[-72.5197559461309,42.9636721000952],[-72.5205030313558,42.9618910386389],[-72.5184906093334,42.9631055538084],[-72.514733302578,42.9637901512327],[-72.5066347922614,42.9644412923135],[-72.5049840951363,42.9656253016771],[-72.5021108654349,42.966314123524],[-72.49213796651,42.967731036667],[-72.4872357574499,42.9716226391548],[-72.481636,42.973954],[-72.479332,42.973488],[-72.4759033757509,42.9714786745756],[-72.47319314024445,42.972453170579165],[-72.4704986710786,42.9753956470925],[-72.4659160243945,42.978337134487525],[-72.462150754014,42.9822790627383],[-72.4620139439556,42.9838391260339],[-72.4643084814178,42.9863632579898],[-72.4655797974217,42.9900195615654],[-72.4646855052808,42.993672319586],[-72.4635403711332,42.9961966118202],[-72.4587957877337,43.0009286943354],[-72.4550189582087,43.0011093800033],[-72.451312861886,43.0000593327335],[-72.4499667084508,43.0002499507122],[-72.44636141034721,43.0025441447032],[-72.44412067727781,43.00521710132963],[-72.4432085469479,43.0089722459838],[-72.4437779083004,43.0099425606581],[-72.4523527120586,43.0153385244524],[-72.4565419466396,43.0171303768289],[-72.458059300954,43.0182530161065],[-72.45939858368597,43.020441727147634]]]},"properties":{"TOWNNAME":"Putney"}},
{"type":"Feature","geometry":{"type":"Polygon","coordinates":[[[-72.6761817033662,42.922347239539],[-72.6642549170677,42.9222510992011],[-72.6514215646378,42.9215753745694],[-72.6480732815379,42.9274085933227],[-72.6466083253842,42.9321077709839],[-72.6444908990869,42.9375534696248],[-72.641492291169,42.9479435176408],[-72.6394927376034,42.9568030164393],[-72.6355455878674,42.9692071119688],[-72.6471193713807,42.9695411934053],[-72.6468977627805,42.9752664766254],[-72.6456330137345,42.9781417522189],[-72.6435563013176,42.9792426005251],[-72.6392302202211,42.9797915657302],[-72.6343066477697,42.9810866924833],[-72.632123116788,42.9821432591094],[-72.6317657871509,42.9830939950062],[-72.6346479952202,42.9908693925914],[-72.6327422187421,42.9935683845989],[-72.6335368573288,42.9951544809391],[-72.6363538079995,42.9953027503613],[-72.6388411716432,42.9960667149074],[-72.6394489392918,42.9969309604902],[-72.6384009317702,42.9986973080975],[-72.6388114871613,42.9995504526813],[-72.6421323442881,43.0026800864234],[-72.6393798566353,43.0041300613855],[-72.6399518984738,43.0060754628765],[-72.6413907129094,43.0077149924938],[-72.646611221426,43.0104321875378],[-72.6507143243183,43.0139058699935],[-72.6509151148436,43.0147994828513],[-72.6483443514376,43.015437829715],[-72.6493668485175,43.0181282130537],[-72.6506980335202,43.0192836468534],[-72.6712288422395,43.0198080217805],[-72.700742782324,43.0206988562533],[-72.7432865893109,43.0222084724596],[-72.7450068813945,43.0173914637851],[-72.7494841153495,43.0039420310239],[-72.7497353307648,43.0027378524314],[-72.7542349603344,42.9866584482054],[-72.7561427933185,42.9804703867255],[-72.7594692104642,42.9679188223649],[-72.7658364264045,42.9507537614389],[-72.7721056380796,42.9318832971839],[-72.7765875761012,42.9246338442152],[-72.7494296075804,42.9239846368302],[-72.6761817033662,42.922347239539]]]},"properties":{"TOWNNAME":"Newfane"}},
{"type":"Feature","geometry":{"type":"Polygon","coordinates":[[[-72.7542349603344,42.9866584482054],[-72.7987259178391,42.9881608656975],[-72.8477788584136,42.9897552723175],[-72.8794498661566,42.9909605526699],[-72.8968383761555,42.9916184901172],[-72.9201657940698,42.9927236530152],[-72.9237915049306,42.9274505147055],[-72.8964300901236,42.9268708735188],[-72.8148121236403,42.9233454144254],[-72.7977319673241,42.9222924256486],[-72.7770450789218,42.9223361668873],[-72.7765875761012,42.9246338442152],[-72.7721056380796,42.9318832971839],[-72.7658364264045,42.9507537614389],[-72.7594692104642,42.9679188223649],[-72.7561427933185,42.9804703867255],[-72.7542349603344,42.9866584482054]]]},"properties":{"TOWNNAME":"Dover"}},
{"type":"Feature","geometry":{"type":"Polygon","coordinates":[[[-72.53267631184512,42.89613587166284],[-72.531336,42.898187],[-72.5311537604728,42.9051720594777],[-72.531595,42.907098],[-72.5305163337259,42.9107700090013],[-72.5294605165819,42.9124738139433],[-72.5260469193876,42.9138469886738],[-72.524570529386,42.9153881782832],[-72.524290125535,42.9186611653619],[-72.5270650464828,42.9281727050446],[-72.5263470085853,42.935484859792],[-72.526941,42.941377],[-72.52815935001846,42.945036723045014],[-72.52901293822325,42.94585697889039],[-72.5318389653608,42.9466985769034],[-72.5340243871115,42.9484574593322],[-72.5345641057063,42.9498625829769],[-72.533808,42.952584],[-72.5322729304364,42.9547952957479],[-72.527051037024,42.9574569748742],[-72.5230945381075,42.9598243450311],[-72.5205030313558,42.9618910386389],[-72.5197559461309,42.9636721000952],[-72.5217753078371,42.9658184090338],[-72.5534702617077,42.9667604782023],[-72.5705428706038,42.9670531521327],[-72.601350286195,42.9680852182508],[-72.6080373364448,42.9683734628343],[-72.620890563954,42.9687145627791],[-72.6355455878674,42.9692071119688],[-72.6394927376034,42.9568030164393],[-72.641492291169,42.9479435176408],[-72.6444908990869,42.9375534696248],[-72.6466083253842,42.9321077709839],[-72.6480732815379,42.9274085933227],[-72.6514215646378,42.9215753745694],[-72.6642549170677,42.9222510992011],[-72.6761817033662,42.922347239539],[-72.6773644344528,42.8996640123429],[-72.6614825899322,42.8991008574598],[-72.63787220336,42.8987039523269],[-72.6194663343372,42.8981853307841],[-72.6023570905884,42.8978477686646],[-72.5924417322066,42.8975443760739],[-72.5534151319403,42.8967669812173],[-72.5406434498796,42.8962402571122],[-72.53267631184512,42.89613587166284]]]},"properties":{"TOWNNAME":"Dummerston"}},
{"type":"Feature","geometry":{"type":"Polygon","coordinates":[[[-73.1523130864284,42.8366282815943],[-73.1513743473648,42.8566131349351],[-73.1503029328074,42.8779887486099],[-73.1497884552982,42.883782808051],[-73.1500575341167,42.8873753985036],[-73.1495761251848,42.8943574254135],[-73.1478610674052,42.9152392631233],[-73.1460052245664,42.9309829853025],[-73.1932595004193,42.9322393078306],[-73.213323526053,42.9328306057716],[-73.2503757137522,42.9337083282318],[-73.2538316980627,42.9338778109596],[-73.2746281297905,42.9344238293456],[-73.27487082513254,42.93097144910964],[-73.275701,42.906494],[-73.275961,42.901225],[-73.275804,42.897249],[-73.27771334160876,42.85159082372363],[-73.2782061634115,42.8373995433421],[-73.2602070385465,42.8373520368479],[-73.2493805462666,42.8370263293598],[-73.2484903557132,42.8393405370449],[-73.2403099227636,42.8392421284362],[-73.2326461049392,42.8388866941936],[-73.1872083565681,42.8372063465291],[-73.1704499157295,42.836889809541],[-73.1523130864284,42.8366282815943]]]},"properties":{"TOWNNAME":"Bennington"}},
{"type":"Feature","geometry":{"type":"Polygon","coordinates":[[[-73.0067155678606,42.9307559303961],[-73.0081349303325,42.9305655500752],[-73.010424444744,42.9302586618583],[-73.046547009459,42.9311057795807],[-73.0563807948858,42.9313992178099],[-73.1080694151296,42.932670152911],[-73.1244386588879,42.9324982225131],[-73.1460052245664,42.9309829853025],[-73.1478610674052,42.9152392631233],[-73.1495761251848,42.8943574254135],[-73.1500575341167,42.8873753985036],[-73.1497884552982,42.883782808051],[-73.1503029328074,42.8779887486099],[-73.1513743473648,42.8566131349351],[-73.1523130864284,42.8366282815943],[-73.1371125462249,42.8355960001314],[-73.1077479470284,42.83482643929],[-73.0667497332518,42.8336645304634],[-73.015172104283,42.832089165857],[-73.0135561404054,42.8320431329531],[-73.0120747870324,42.8590950998212],[-73.0112614658293,42.8751276854001],[-73.0101450116501,42.8940725339554],[-73.0085343338872,42.9228418556247],[-73.0067155678606,42.9307559303961]]]},"properties":{"TOWNNAME":"Woodford"}},
{"type":"Feature","geometry":{"type":"Polygon","coordinates":[[[-72.9262713829648,42.8563645930438],[-72.9260192718015,42.8594002013543],[-72.925024240452,42.8798450079425],[-72.9240648639302,42.8954140527625],[-72.923335018245,42.915168996963],[-72.9237915049306,42.9274505147055],[-72.9538394215458,42.9284919876612],[-73.0067155678606,42.9307559303961],[-73.0085343338872,42.9228418556247],[-73.0101450116501,42.8940725339554],[-73.0112614658293,42.8751276854001],[-73.0120747870324,42.8590950998212],[-72.9868191207445,42.8583118207845],[-72.9689618727415,42.8576811377365],[-72.955444603091,42.8573235032057],[-72.9262713829648,42.8563645930438]]]},"properties":{"TOWNNAME":"Searsburg"}},
{"type":"Feature","geometry":{"type":"Polygon","coordinates":[[[-72.8029105121548,42.8291519963901],[-72.8002084229719,42.8784281399369],[-72.7977319673241,42.9222924256486],[-72.8148121236403,42.9233454144254],[-72.8964300901236,42.9268708735188],[-72.9237915049306,42.9274505147055],[-72.923335018245,42.915168996963],[-72.9240648639302,42.8954140527625],[-72.925024240452,42.8798450079425],[-72.9260192718015,42.8594002013543],[-72.9262713829648,42.8563645930438],[-72.9274056237573,42.8298145184716],[-72.9121156707179,42.829537133929],[-72.8468645856507,42.8277242339205],[-72.8322918381479,42.8273379624959],[-72.80305502253,42.826662720688],[-72.8029105121548,42.8291519963901]]]},"properties":{"TOWNNAME":"Wilmington"}},
{"type":"Feature","geometry":{"type":"Polygon","coordinates":[[[-72.6773644344528,42.8996640123429],[-72.6761817033662,42.922347239539],[-72.7494296075804,42.9239846368302],[-72.7765875761012,42.9246338442152],[-72.7770450789218,42.9223361668873],[-72.7977319673241,42.9222924256486],[-72.8002084229719,42.8784281399369],[-72.8029105121548,42.8291519963901],[-72.7490354224369,42.8278583454996],[-72.6806299591484,42.8272877658163],[-72.6790276177539,42.8600493911681],[-72.6773644344528,42.8996640123429]]]},"properties":{"TOWNNAME":"Marlboro"}},
{"type":"Feature","geometry":{"type":"Polygon","coordinates":[[[-72.53267631184512,42.89613587166284],[-72.5406434498796,42.8962402571122],[-72.5534151319403,42.8967669812173],[-72.5924417322066,42.8975443760739],[-72.6023570905884,42.8978477686646],[-72.6194663343372,42.8981853307841],[-72.63787220336,42.8987039523269],[-72.6614825899322,42.8991008574598],[-72.6773644344528,42.8996640123429],[-72.6790276177539,42.8600493911681],[-72.6806299591484,42.8272877658163],[-72.6511891153509,42.8269256900398],[-72.6022635018927,42.8252337935201],[-72.5614549484041,42.8241872183087],[-72.5533493947361,42.8240134905264],[-72.54627500922415,42.82415976614223],[-72.5466736636339,42.8260136995455],[-72.546717,42.83106659308361],[-72.5471784769119,42.8332102959345],[-72.5469920691216,42.836305785564996],[-72.547358,42.839549],[-72.54870145376157,42.84230794030458],[-72.5525408054628,42.845833086684],[-72.553904,42.848415],[-72.55694,42.852374],[-72.5571959052264,42.8541241719696],[-72.55492847648807,42.85844877503506],[-72.55427,42.860614],[-72.554514,42.863269],[-72.555582,42.867747],[-72.555216,42.870898],[-72.55543,42.874003],[-72.553102049895,42.8809150788123],[-72.55236313857809,42.88372729146353],[-72.552637062359,42.8849853652193],[-72.5506038939864,42.8862486610257],[-72.54733281260852,42.88674519686035],[-72.540563962878,42.8894498652577],[-72.5390606887505,42.8909330149677],[-72.5352313297535,42.8935110747942],[-72.53267631184512,42.89613587166284]]]},"properties":{"TOWNNAME":"Brattleboro"}},
{"type":"Feature","geometry":{"type":"Polygon","coordinates":[[[-72.9274056237573,42.8298145184716],[-72.9262713829648,42.8563645930438],[-72.955444603091,42.8573235032057],[-72.9689618727415,42.8576811377365],[-72.9868191207445,42.8583118207845],[-73.0120747870324,42.8590950998212],[-73.0135561404054,42.8320431329531],[-73.015172104283,42.832089165857],[-73.0153714880729,42.8240242278196],[-73.0171193081196,42.7773005923749],[-73.0180959551836,42.750104447691],[-73.01865428980454,42.741059161561815],[-72.97593929566592,42.7401567859957],[-72.93010283928663,42.739290016140124],[-72.9298137166614,42.7513534487588],[-72.9282950345815,42.7873739727445],[-72.9265992515957,42.8233738466569],[-72.9274056237573,42.8298145184716]]]},"properties":{"TOWNNAME":"Readsboro"}},
{"type":"Feature","geometry":{"type":"Polygon","coordinates":[[[-73.1523130864284,42.8366282815943],[-73.1704499157295,42.836889809541],[-73.1872083565681,42.8372063465291],[-73.2326461049392,42.8388866941936],[-73.2403099227636,42.8392421284362],[-73.2484903557132,42.8393405370449],[-73.2493805462666,42.8370263293598],[-73.2602070385465,42.8373520368479],[-73.2782061634115,42.8373995433421],[-73.278673,42.83341],[-73.28421993192451,42.83492906046319],[-73.2853094280175,42.8340722431735],[-73.2869702173146,42.8202499431501],[-73.28446568725244,42.815178448108064],[-73.2835196571861,42.8140586922105],[-73.28652533048167,42.80933305693354],[-73.2863151774951,42.8080931389785],[-73.2908895086431,42.8019640951329],[-73.29042026110818,42.79992407219589],[-73.281557,42.76614],[-73.2776442889029,42.7508811224379],[-73.27620116804275,42.74601582497217],[-73.2644380814627,42.7458527135906],[-73.1426696851271,42.7435446229668],[-73.1421845083782,42.75007612752],[-73.1371125462249,42.8355960001314],[-73.1523130864284,42.8366282815943]]]},"properties":{"TOWNNAME":"Pownal"}},
{"type":"Feature","geometry":{"type":"Polygon","coordinates":[[[-73.01865428980454,42.741059161561815],[-73.0180959551836,42.750104447691],[-73.0171193081196,42.7773005923749],[-73.0153714880729,42.8240242278196],[-73.015172104283,42.832089165857],[-73.0667497332518,42.8336645304634],[-73.1077479470284,42.83482643929],[-73.1371125462249,42.8355960001314],[-73.1421845083782,42.75007612752],[-73.1426696851271,42.7435446229668],[-73.07561586190165,42.742204232750375],[-73.01865428980454,42.741059161561815]]]},"properties":{"TOWNNAME":"Stamford"}},
{"type":"Feature","geometry":{"type":"Polygon","coordinates":[[[-72.8069665579788,42.73651426607173],[-72.8061792595499,42.7624898665141],[-72.8048971218532,42.7877605402131],[-72.80305502253,42.826662720688],[-72.8322918381479,42.8273379624959],[-72.8468645856507,42.8277242339205],[-72.9121156707179,42.829537133929],[-72.9274056237573,42.8298145184716],[-72.9265992515957,42.8233738466569],[-72.9282950345815,42.7873739727445],[-72.9298137166614,42.7513534487588],[-72.93010283928663,42.739290016140124],[-72.897653,42.738604],[-72.854874,42.737645],[-72.8069665579788,42.73651426607173]]]},"properties":{"TOWNNAME":"Whitingham"}},
{"type":"Feature","geometry":{"type":"Polygon","coordinates":[[[-72.6857593093929,42.7332668975921],[-72.6845590732028,42.7504310296806],[-72.6843561727855,42.7593702659309],[-72.6838267288602,42.7609906103467],[-72.6835588774249,42.7790130264644],[-72.6827961844422,42.7971610356238],[-72.682968666901,42.8050025087691],[-72.6806299591484,42.8272877658163],[-72.7490354224369,42.8278583454996],[-72.8029105121548,42.8291519963901],[-72.80305502253,42.826662720688],[-72.8048971218532,42.7877605402131],[-72.8061792595499,42.7624898665141],[-72.8069665579788,42.73651426607173],[-72.79514599742367,42.736149523849974],[-72.7712941710158,42.7355861928449],[-72.6857593093929,42.7332668975921]]]},"properties":{"TOWNNAME":"Halifax"}},
{"type":"Feature","geometry":{"type":"Polygon","coordinates":[[[-72.56535283837515,42.72997702469632],[-72.5648593830076,42.7521472432347],[-72.5635112213644,42.7896108405311],[-72.5630023398937,42.7959072856952],[-72.5620059006855,42.8029675341747],[-72.5614549484041,42.8241872183087],[-72.6022635018927,42.8252337935201],[-72.6511891153509,42.8269256900398],[-72.6806299591484,42.8272877658163],[-72.682968666901,42.8050025087691],[-72.6827961844422,42.7971610356238],[-72.6835588774249,42.7790130264644],[-72.6838267288602,42.7609906103467],[-72.6843561727855,42.7593702659309],[-72.6845590732028,42.7504310296806],[-72.6857593093929,42.7332668975921],[-72.63987982485912,42.731997642459525],[-72.56535283837515,42.72997702469632]]]},"properties":{"TOWNNAME":"Guilford"}},
{"type":"Feature","geometry":{"type":"Polygon","coordinates":[[[-72.54627500922415,42.82415976614223],[-72.5533493947361,42.8240134905264],[-72.5614549484041,42.8241872183087],[-72.5620059006855,42.8029675341747],[-72.5630023398937,42.7959072856952],[-72.5635112213644,42.7896108405311],[-72.5648593830076,42.7521472432347],[-72.56535283837515,42.72997702469632],[-72.5167694591913,42.7286120617691],[-72.4584462339661,42.7269687026272],[-72.459631,42.730786],[-72.463675,42.7366],[-72.4667145464303,42.7394288113133],[-72.4676899978013,42.7415092338918],[-72.473059,42.745679],[-72.4741246595286,42.7484462640675],[-72.475379,42.756588],[-72.47672176819111,42.76027940757706],[-72.4799098433805,42.7634883854389],[-72.4823168390367,42.7642278616656],[-72.4855784429616,42.7663684066184],[-72.4869665298438,42.7687140906182],[-72.4897614815095,42.7718462327813],[-72.4912509879781,42.7727289281845],[-72.4967443638698,42.7735620976174],[-72.4986913236467,42.7718207564941],[-72.4990714910213,42.7697201020904],[-72.5011812454374,42.7673215596328],[-72.5042300916308,42.7660513699462],[-72.50600485790723,42.76587984378508],[-72.5080444460535,42.7643944938283],[-72.5107095040829,42.7638226368656],[-72.513069,42.764073],[-72.514916,42.76508],[-72.516579,42.76865],[-72.5162434544129,42.7699825380666],[-72.5146510604469,42.771337399097],[-72.5138346576709,42.7733025836849],[-72.5103336522502,42.7746000756574],[-72.5087944490977,42.776207090918],[-72.5083842352935,42.777959411983566],[-72.5092843792591,42.78053590621172],[-72.512231,42.784329],[-72.51797289663972,42.789300850312934],[-72.541513,42.807094],[-72.54263144799,42.8117248062333],[-72.54240620707428,42.81543965790144],[-72.544398,42.81921],[-72.54627500922415,42.82415976614223]]]},"properties":{"TOWNNAME":"Vernon"}},
{"type":"Feature","geometry":{"type":"Polygon","coordinates":[[[-72.5790759157181,44.7809047847707],[-72.5515063100401,44.8129224161711],[-72.5383404054426,44.8280872884154],[-72.5332817340282,44.8340899822701],[-72.5362152866125,44.867992118981],[-72.5369892828554,44.8750039568626],[-72.5386324807881,44.8936821990631],[-72.5413846217426,44.9259866281311],[-72.6271654279425,44.9231390174997],[-72.6479984632907,44.9223720610457],[-72.6604578278427,44.922016161366],[-72.6723925851998,44.9215488306179],[-72.670468554932,44.906405323382],[-72.6675577283083,44.8851544324549],[-72.6667524884455,44.8786474728943],[-72.6650009703542,44.8665215458976],[-72.6627884669447,44.849111899758],[-72.6615535533126,44.8401024299068],[-72.6784346848921,44.8393761976461],[-72.6783804859472,44.802491638469],[-72.651704651282,44.8017056141331],[-72.6135984750735,44.8004263079989],[-72.6167309213949,44.7958532929712],[-72.5978997756706,44.7870637773518],[-72.594396767384,44.7903023110966],[-72.5790759157181,44.7809047847707]]]},"properties":{"TOWNNAME":"Montgomery"}},
{"type":"Feature","geometry":{"type":"Polygon","coordinates":[[[-72.4176732677628,44.7226889490266],[-72.4224471271231,44.7244713197923],[-72.4847002503709,44.7468615571612],[-72.4995907798965,44.7522843258512],[-72.5008730048087,44.7526270966883],[-72.5201932561068,44.7597461608404],[-72.5611689005878,44.7744293000326],[-72.5790759157181,44.7809047847707],[-72.594396767384,44.7903023110966],[-72.5978997756706,44.7870637773518],[-72.6116909340177,44.7690416028689],[-72.6368133870745,44.7350844644015],[-72.6402375924563,44.7305357797399],[-72.6613868641139,44.7019326557568],[-72.6485591512346,44.6975000854941],[-72.6389172615819,44.6939926606835],[-72.6204182634763,44.6877351453263],[-72.5969298346848,44.6793137735847],[-72.5932009347288,44.6846102689798],[-72.55697628883,44.6713362093123],[-72.5336445885987,44.6628137073768],[-72.5040989253703,44.65193622787],[-72.4996348591229,44.6504522426715],[-72.476924504874,44.6421476024433],[-72.4542035836334,44.6731327064221],[-72.4406602809298,44.6914467667752],[-72.4236454990775,44.7146226199194],[-72.4176732677628,44.7226889490266]]]},"properties":{"TOWNNAME":"Eden"}},
{"type":"Feature","geometry":{"type":"Polygon","coordinates":[[[-71.55677372855921,44.57049463026832],[-71.551931,44.569105],[-71.549695,44.569464],[-71.5479077310447,44.57108137822455],[-71.5483557756933,44.5725994852345],[-71.5529421475752,44.5761234906331],[-71.5547603449466,44.5789673833046],[-71.5550765251154,44.5802984846839],[-71.5532101479091,44.5838308182115],[-71.5513372467316,44.5846843360155],[-71.550244,44.583639],[-71.55142714678695,44.5804138381938],[-71.549664,44.578321],[-71.54720870338686,44.57779427346771],[-71.54478705869,44.5784799823062],[-71.5382436324255,44.5823443456228],[-71.5365072080136,44.5868251225573],[-71.53549598643026,44.58790913527021],[-71.538067,44.587426],[-71.539593,44.587934],[-71.5403582276423,44.5898981343782],[-71.537869,44.59226],[-71.537914,44.59387],[-71.53918374146981,44.59414679137191],[-71.5447138449532,44.5902317194302],[-71.5468985752663,44.5904193389408],[-71.5476883419953,44.5918764307472],[-71.5455483895321,44.5954127396876],[-71.5464992643688,44.59711941580987],[-71.549283,44.5949],[-71.5522668902214,44.5933909403429],[-71.555009,44.593225],[-71.5543520258076,44.595200789274],[-71.5549073745461,44.5971173711575],[-71.553235,44.598913],[-71.55061,44.599691],[-71.550427,44.600652],[-71.5519725537107,44.6009432014422],[-71.5532468527885,44.6000465579309],[-71.5560455343105,44.5992768881403],[-71.5611396604978,44.5997760450267],[-71.5627601165084,44.6022204150199],[-71.5618789526896,44.6033346677411],[-71.55635935704403,44.60356390002767],[-71.5541228780791,44.6052022021558],[-71.55359873801,44.6070704244749],[-71.55401276742704,44.60977650816921],[-71.5547722612954,44.6109884274646],[-71.5567913875657,44.6177674212456],[-71.5564783695796,44.6216129975349],[-71.5553456147483,44.6253867282585],[-71.552991,44.625181],[-71.550152,44.622998],[-71.547237,44.622106],[-71.5463699318689,44.6230596249243],[-71.54849662665164,44.625219851282765],[-71.5514964160518,44.6246654828797],[-71.55295754725529,44.62680146264881],[-71.5565344256089,44.6271912076999],[-71.5570997193085,44.6294399452343],[-71.5542436832434,44.6295345280523],[-71.5521507096573,44.6273591586559],[-71.5470120220328,44.6289234780077],[-71.5472598367375,44.6300756447974],[-71.5489271803133,44.6306824128544],[-71.5515958674413,44.6295854631587],[-71.5545852029154,44.6303031892054],[-71.5584678919104,44.6341305943945],[-71.5637992185511,44.636669814723],[-71.5639447455886,44.639228221743],[-71.5604738660745,44.6393925726638],[-71.5583324864775,44.6408583639381],[-71.5583515860175,44.6427632927658],[-71.5594606789726,44.6444738195813],[-71.5618889609847,44.6463616652899],[-71.5627425875987,44.6482120684861],[-71.5625486862585,44.6511319739048],[-71.5632605201402,44.6524997496507],[-71.5658446286355,44.653811490306],[-71.5684015676871,44.6501655690702],[-71.5712179999405,44.6494575073491],[-71.575865994151,44.6499856691242],[-71.5806357419661,44.6518932979688],[-71.5790792302004,44.6526522568167],[-71.5769535329009,44.6527065488399],[-71.5748854855473,44.6539636489773],[-71.5748670751078,44.6553277745825],[-71.5763961972542,44.6560878042793],[-71.5803962355838,44.6550105759815],[-71.5825192620325,44.6553466719334],[-71.5854274527554,44.6569473758324],[-71.5883782875101,44.6605842275901],[-71.5879372221335,44.6612596932967],[-71.6001160017408,44.6678523774683],[-71.6243633508501,44.6808307400768],[-71.6351004285379,44.6867905692729],[-71.6403570244734,44.6895055482923],[-71.6949441268276,44.7184569046576],[-71.6997622010654,44.721129323077],[-71.6845662509232,44.683861628518],[-71.6718756752488,44.6529750880893],[-71.6620832014222,44.6266822242885],[-71.6592161673783,44.6251125657625],[-71.6324205775143,44.6117582328539],[-71.6245356129957,44.6069340365717],[-71.581307060938,44.5843300047109],[-71.5577985426249,44.5711637368991],[-71.55677372855921,44.57049463026832]]]},"properties":{"TOWNNAME":"Maidstone"}},
{"type":"Feature","geometry":{"type":"MultiPolygon","coordinates":[[[[-73.097918498503,44.5705142393856],[-73.1035554229674,44.5727123706923],[-73.1550222466616,44.5919788698898],[-73.1595287316634,44.5935627265486],[-73.1873992441518,44.6038018988341],[-73.1987135821001,44.6078414997642],[-73.2000540856646,44.6054608972945],[-73.202546443333,44.6033827811068],[-73.2039996604194,44.6033674428237],[-73.2070597881729,44.6042727628871],[-73.211476134698,44.6051100747851],[-73.2171506447654,44.6051654754953],[-73.225007110112,44.6087963883282],[-73.2297681638913,44.6125554706323],[-73.2326317168333,44.6135080658602],[-73.2355094085478,44.6133175934191],[-73.23760337985755,44.612534596966995],[-73.23929050051633,44.611482509958776],[-73.23964968578461,44.61125853401253],[-73.238089,44.610297],[-73.235015,44.610245],[-73.232294,44.611004],[-73.227943,44.607529],[-73.229314,44.603846],[-73.227935,44.5971],[-73.228561,44.594233],[-73.229671,44.593022],[-73.231562,44.592624],[-73.228743,44.59019],[-73.227501,44.589702],[-73.226693,44.58829],[-73.2263,44.585525],[-73.226528,44.582769],[-73.227465,44.581942],[-73.226759,44.580221],[-73.224455,44.579195],[-73.221751,44.579827],[-73.219685,44.581105],[-73.217579,44.580136],[-73.220843,44.577438],[-73.216863,44.576966],[-73.215121,44.578959],[-73.213755,44.578343],[-73.215562,44.576288],[-73.214672,44.575562],[-73.213553,44.576765],[-73.213438,44.575332],[-73.211561,44.575239],[-73.210732,44.572579],[-73.209019,44.573574],[-73.208749,44.57461],[-73.209831,44.57577],[-73.208868,44.57679],[-73.207681,44.576533],[-73.206991,44.578179],[-73.203861,44.577977],[-73.202398,44.576792],[-73.202497,44.574368],[-73.200991,44.574691],[-73.199837,44.576991],[-73.197155,44.578654],[-73.196512,44.580319],[-73.19542,44.579181],[-73.194068,44.579843],[-73.19419,44.581475],[-73.193047,44.582105],[-73.189437,44.582241],[-73.186587,44.58171],[-73.184213,44.580705],[-73.183153,44.579468],[-73.184335,44.57743],[-73.186683,44.575558],[-73.186393,44.57356],[-73.184417,44.572489],[-73.18378,44.570709],[-73.182032,44.570191],[-73.180027,44.570686],[-73.180214,44.569939],[-73.184412,44.570482],[-73.185189,44.569242],[-73.188184,44.56802],[-73.190663,44.565849],[-73.191287,44.564635],[-73.18947,44.562527],[-73.190965,44.560106],[-73.191384,44.557849],[-73.192907,44.55776],[-73.193397,44.556647],[-73.191277,44.555816],[-73.191571,44.554822],[-73.195017,44.551444],[-73.200218,44.548443],[-73.205673,44.546243],[-73.215095,44.544743],[-73.215544,44.545517],[-73.218635,44.546164],[-73.220523,44.54789],[-73.222715,44.548752],[-73.226139,44.550836],[-73.227439,44.552116],[-73.224849,44.553624],[-73.2227,44.555509],[-73.221479,44.55413],[-73.220136,44.554339],[-73.219365,44.555695],[-73.217757,44.556629],[-73.21771,44.55778],[-73.221779,44.558235],[-73.223006,44.556134],[-73.224299,44.558221],[-73.226063,44.557433],[-73.225867,44.55644],[-73.228027,44.555794],[-73.228881,44.553961],[-73.230466,44.553833],[-73.23105,44.55291],[-73.233051,44.55377],[-73.23396,44.555899],[-73.229871,44.559927],[-73.229716,44.560951],[-73.228063,44.562825],[-73.23059,44.56376],[-73.231279,44.565126],[-73.230068,44.566799],[-73.230325,44.56986],[-73.232903,44.570939],[-73.23209,44.572007],[-73.232773,44.57312],[-73.235916,44.572152],[-73.238732,44.573091],[-73.24062,44.572544],[-73.24149,44.569672],[-73.240685,44.568089],[-73.237827,44.566955],[-73.237817,44.56551],[-73.239583,44.562693],[-73.23961,44.56078],[-73.238693,44.559785],[-73.240855,44.557536],[-73.245447,44.555],[-73.247495,44.554843],[-73.248191,44.556145],[-73.253351,44.553757],[-73.262515,44.551183],[-73.26982,44.550583],[-73.274094,44.55087],[-73.275106,44.551414],[-73.275297,44.552925],[-73.277184,44.554137],[-73.279739,44.554788],[-73.280489,44.558931],[-73.282761,44.556877],[-73.283208,44.554764],[-73.28446,44.553486],[-73.288196,44.552548],[-73.291289,44.55222],[-73.29244,44.551274],[-73.293967,44.551657],[-73.294304,44.553216],[-73.295562,44.554859],[-73.296582,44.558263],[-73.298331,44.557133],[-73.299483,44.555484],[-73.301309,44.555674],[-73.301731,44.554717],[-73.305001,44.553527],[-73.308899,44.553707],[-73.311546,44.55299],[-73.311017,44.552023],[-73.307726,44.550637],[-73.307103,44.551033],[-73.302393,44.550288],[-73.296232,44.547716],[-73.294652,44.544884],[-73.293247,44.545133],[-73.286681,44.542865],[-73.279963,44.539127],[-73.277593,44.537052],[-73.276958,44.535508],[-73.279373,44.53342],[-73.277016,44.531964],[-73.27313981476034,44.53069227630213],[-73.2702420313203,44.5319007890177],[-73.2704817280455,44.5331430657359],[-73.2730971892814,44.535284070423],[-73.2742312196534,44.5371274684328],[-73.27353511387,44.5385206974879],[-73.2716234456694,44.539541198108],[-73.2671098582075,44.5398683130741],[-73.2656426810759,44.5395702901295],[-73.2641524098313,44.5374670401174],[-73.2648967514902,44.5343408061268],[-73.2645243658817,44.5330164320002],[-73.2670268990802,44.528641973924],[-73.2663218157422,44.5259021653568],[-73.2636531158231,44.5239964218635],[-73.260255082751,44.5231801691049],[-73.2574224265075,44.5236724479702],[-73.2557150409775,44.5247835735962],[-73.2533198155971,44.5245454348509],[-73.2508276076768,44.5226609952509],[-73.2499258493435,44.5227823821575],[-73.2498891956545,44.5249750538797],[-73.248620427512,44.526617215944],[-73.2469217054089,44.5275400657045],[-73.2426170628322,44.528982209638],[-73.2404742942291,44.5279464344874],[-73.2400689531341,44.5252738147014],[-73.2373086813826,44.5227698589968],[-73.2369455678191,44.5219057411822],[-73.2376912462572,44.5196621479848],[-73.2394974574792,44.5182938081584],[-73.238309099559,44.5164443804806],[-73.2355739981976,44.5155917866844],[-73.2330828570288,44.5134552364409],[-73.2319767355147,44.5131677804283],[-73.2296122421237,44.513985927027],[-73.228273089444,44.5158105537369],[-73.2259446131509,44.5166348739562],[-73.2234662462402,44.5167257451297],[-73.2189625351874,44.5158528051478],[-73.2189842814419,44.5149107007421],[-73.2243959021891,44.5133668547327],[-73.226573304074,44.5131667357537],[-73.2278179658138,44.5123701927644],[-73.2287077288198,44.5104173170876],[-73.2270316404379,44.5072910735837],[-73.224426709543,44.5059548338629],[-73.2229273734199,44.5064174548211],[-73.2206090889767,44.508616443561],[-73.2180073145268,44.5099886812599],[-73.2165187950388,44.5101354504539],[-73.2144691025116,44.5092014630182],[-73.2134981783455,44.5068899134802],[-73.2123098904782,44.5054859521318],[-73.2081018861532,44.5033171604437],[-73.2054778026303,44.5026152455363],[-73.2032543595484,44.5010405595751],[-73.2021489844828,44.4989500439723],[-73.2017129325085,44.4968339878974],[-73.2031426466288,44.4943614196576],[-73.2023761210694,44.4923762704862],[-73.1964588569171,44.5002430041075],[-73.1945862329417,44.5001231063398],[-73.1932723701535,44.5016010554822],[-73.1948890798752,44.5023296332722],[-73.1920942451422,44.5060436558318],[-73.1726022270847,44.4988278284795],[-73.1705667067765,44.5013491083436],[-73.1674890377768,44.5001792122388],[-73.1660618383602,44.4991849178962],[-73.1679165640716,44.4975685878759],[-73.171151337256,44.4932956816411],[-73.1721145999253,44.4880894188838],[-73.1700863610482,44.4896791194922],[-73.1683694998623,44.4903279600138],[-73.1688016557087,44.4869655768765],[-73.1667650022899,44.4867507887546],[-73.1642356930374,44.4882977727624],[-73.1629170206769,44.4897064680422],[-73.1602530462841,44.4901358737956],[-73.1584046754397,44.4897673075202],[-73.1255774190573,44.5329928691026],[-73.097918498503,44.5705142393856]]],[[[-73.311719,44.560977],[-73.313123,44.56107],[-73.312746,44.559201],[-73.309933,44.560312],[-73.311719,44.560977]]],[[[-73.323723,44.564278],[-73.322894,44.564086],[-73.323938,44.566604],[-73.323723,44.564278]]]]},"properties":{"TOWNNAME":"Colchester"}},
{"type":"Feature","geometry":{"type":"Polygon","coordinates":[[[-72.0450982308979,44.3990072051255],[-72.0477348588646,44.4047803239108],[-72.0546854189284,44.4254045865426],[-72.0670498371238,44.4628490124773],[-72.0755842030451,44.4888232866411],[-72.0801861055738,44.5000318233952],[-72.0835452410178,44.5103805935798],[-72.1126848656677,44.5147134814111],[-72.137759377648,44.5185859505312],[-72.1412658399955,44.5136679498312],[-72.1512561715588,44.500099947616],[-72.1758924354546,44.4666371812225],[-72.1921382973267,44.4447388048899],[-72.2105647296102,44.4197046212044],[-72.2238069297116,44.4248973971307],[-72.2231429581659,44.4238097230508],[-72.2262049593883,44.4223356862472],[-72.2289264388255,44.4217175177216],[-72.2290149969705,44.4202435993824],[-72.2272043976642,44.4193988201318],[-72.2252004254671,44.4207359416039],[-72.2252198120013,44.4216908418652],[-72.2219329186583,44.4228446407915],[-72.2201165017005,44.4211707857334],[-72.2205835615143,44.4206599440763],[-72.2194626462942,44.4181481176404],[-72.2211188457834,44.4184221603722],[-72.2201635637801,44.4164904964586],[-72.2226503756501,44.4160652124458],[-72.222042708673,44.4142496015238],[-72.2188749177789,44.4128946125477],[-72.2170795103801,44.411319753385],[-72.2277851540289,44.3969060165751],[-72.2167981531494,44.3940914072456],[-72.1676765472157,44.3853209580065],[-72.1709453408854,44.3713946751733],[-72.1367507841243,44.3650053390672],[-72.0942458510082,44.3571887946403],[-72.073064115493,44.3751027816904],[-72.0514488970779,44.3934339720989],[-72.0450982308979,44.3990072051255]]]},"properties":{"TOWNNAME":"Danville"}},
{"type":"Feature","geometry":{"type":"Polygon","coordinates":[[[-73.1761263519777,44.4846796971736],[-73.1735750808995,44.4858512014658],[-73.1721145999253,44.4880894188838],[-73.171151337256,44.4932956816411],[-73.1679165640716,44.4975685878759],[-73.1660618383602,44.4991849178962],[-73.1674890377768,44.5001792122388],[-73.1705667067765,44.5013491083436],[-73.1726022270847,44.4988278284795],[-73.1920942451422,44.5060436558318],[-73.1948890798752,44.5023296332722],[-73.1932723701535,44.5016010554822],[-73.1945862329417,44.5001231063398],[-73.1964588569171,44.5002430041075],[-73.2023761210694,44.4923762704862],[-73.2011165038716,44.4901763569863],[-73.1963454686355,44.4891208424961],[-73.1924020128958,44.4898765623104],[-73.189199713609,44.4885712128515],[-73.1888128252403,44.4873598814334],[-73.1862692457157,44.4891541139965],[-73.1823265701612,44.4888990235747],[-73.1815568408038,44.4854274025959],[-73.1789572775375,44.4841198763181],[-73.1761263519777,44.4846796971736]]]},"properties":{"TOWNNAME":"Winooski"}},
{"type":"Feature","geometry":{"type":"Polygon","coordinates":[[[-72.2277851540289,44.3969060165751],[-72.2170795103801,44.411319753385],[-72.2188749177789,44.4128946125477],[-72.222042708673,44.4142496015238],[-72.2226503756501,44.4160652124458],[-72.2201635637801,44.4164904964586],[-72.2211188457834,44.4184221603722],[-72.2194626462942,44.4181481176404],[-72.2205835615143,44.4206599440763],[-72.2201165017005,44.4211707857334],[-72.2219329186583,44.4228446407915],[-72.2252198120013,44.4216908418652],[-72.2252004254671,44.4207359416039],[-72.2272043976642,44.4193988201318],[-72.2290149969705,44.4202435993824],[-72.2289264388255,44.4217175177216],[-72.2262049593883,44.4223356862472],[-72.2231429581659,44.4238097230508],[-72.2238069297116,44.4248973971307],[-72.2448832041186,44.4331051384747],[-72.2631608432166,44.4403141621695],[-72.3020904266904,44.4552756176693],[-72.317433104129,44.4611021626064],[-72.3213952644,44.463175341907],[-72.3247415872254,44.4585567615442],[-72.3354872996863,44.4442060956377],[-72.3527882013502,44.4208634607778],[-72.3799056842565,44.3843554886056],[-72.3743999739888,44.3813949904339],[-72.3585145236927,44.3750688463625],[-72.3237122275021,44.3614567080398],[-72.3125491503063,44.3569814019931],[-72.2700973280778,44.340381969882],[-72.2440684791746,44.3750460592038],[-72.2277851540289,44.3969060165751]]]},"properties":{"TOWNNAME":"Cabot"}},
{"type":"Feature","geometry":{"type":"MultiPolygon","coordinates":[[[[-73.1416613143224,44.4017055108626],[-73.1546137188041,44.4052313991907],[-73.21831744401622,44.42253727574273],[-73.218165,44.418977],[-73.218493,44.41535],[-73.221174,44.413325],[-73.222968,44.409518],[-73.222739,44.405373],[-73.22399,44.401841],[-73.227024,44.400664],[-73.232306,44.39998],[-73.233264,44.400299],[-73.234368,44.398499],[-73.234517,44.400597],[-73.237095,44.401264],[-73.237133,44.402032],[-73.23962,44.40632],[-73.239437,44.40727],[-73.236993,44.409632],[-73.239067,44.410373],[-73.24115,44.411811],[-73.242,44.411219],[-73.24474,44.412235],[-73.24546,44.413766],[-73.244199,44.415673],[-73.245605,44.417507],[-73.246142,44.41985],[-73.248226,44.4183],[-73.250808,44.419121],[-73.250671,44.420602],[-73.252526,44.422405],[-73.251155,44.426463],[-73.246016,44.431384],[-73.248569,44.432987],[-73.248429,44.434245],[-73.245956,44.435908],[-73.245836,44.438702],[-73.247097,44.439783],[-73.247548,44.441511],[-73.250759,44.442663],[-73.253202,44.441642],[-73.254611,44.439063],[-73.253741,44.436639],[-73.251421,44.435007],[-73.252174,44.432963],[-73.257713,44.428738],[-73.256569,44.427684],[-73.25607,44.425258],[-73.257854,44.424604],[-73.258578,44.421834],[-73.257904,44.420917],[-73.258522,44.417534],[-73.255982,44.416909],[-73.25546,44.415739],[-73.25608,44.413948],[-73.259619,44.410489],[-73.260224,44.409061],[-73.2619,44.407598],[-73.263722,44.406915],[-73.265597,44.404333],[-73.268436,44.403951],[-73.270171,44.405504],[-73.272119,44.402558],[-73.271833,44.399537],[-73.276083,44.397449],[-73.278655,44.397543],[-73.27889,44.394721],[-73.277369,44.394591],[-73.276958,44.392919],[-73.27786,44.391907],[-73.278147,44.39009],[-73.276953,44.388143],[-73.275349,44.387624],[-73.273332,44.383755],[-73.273786,44.382775],[-73.275831,44.381365],[-73.278642,44.381848],[-73.279324,44.383407],[-73.282078,44.382607],[-73.282396,44.380147],[-73.279346,44.379162],[-73.281188,44.377139],[-73.28012,44.377342],[-73.278975,44.379081],[-73.279391,44.381145],[-73.276434,44.381333],[-73.274479,44.380676],[-73.272586,44.378845],[-73.270402,44.378464],[-73.268746,44.377028],[-73.26997,44.375048],[-73.269853,44.373434],[-73.268354,44.372813],[-73.26798,44.371682],[-73.270301,44.369489],[-73.27032,44.366721],[-73.272049,44.365946],[-73.271595,44.36512],[-73.268942,44.365867],[-73.266369,44.364473],[-73.267081,44.361176],[-73.271696,44.358963],[-73.270939,44.358245],[-73.270137,44.355523],[-73.271245,44.353146],[-73.273397,44.351508],[-73.277333,44.350496],[-73.28016822930427,44.34873873892237],[-73.2611906280349,44.3509589733564],[-73.2387119415211,44.3534674443073],[-73.207025755344,44.3573311954655],[-73.1792055563309,44.3605548548636],[-73.165315649593,44.3622175732362],[-73.1582986492185,44.3630886275343],[-73.1580293625818,44.3620065321155],[-73.1334697997269,44.3646491047791],[-73.1367132335774,44.3783145474606],[-73.1401075895444,44.3937959652643],[-73.1416613143224,44.4017055108626]]],[[[-73.25985,44.429195],[-73.258575,44.429336],[-73.259983,44.430472],[-73.25985,44.429195]]],[[[-73.273981,44.360195],[-73.274651,44.359179],[-73.273209,44.359099],[-73.273981,44.360195]]]]},"properties":{"TOWNNAME":"Shelburne"}},
{"type":"Feature","geometry":{"type":"Polygon","coordinates":[[[-72.952122959109,44.3454438636214],[-72.9426593083486,44.363340674355],[-72.9361783308576,44.3753034505984],[-72.9285400377267,44.3954087067548],[-72.9260242515767,44.403107281206],[-72.9187385328958,44.4290797076947],[-72.9412295051491,44.4299053647422],[-72.960730590447,44.4309306993818],[-73.0010465045205,44.4326880252789],[-73.0206616169429,44.4336160153632],[-73.0215351678326,44.4331749385837],[-73.0333212373897,44.4264710669502],[-73.0423007639428,44.4220519167078],[-73.0517836704998,44.4248184359928],[-73.0595834217699,44.4106467683603],[-73.081434995662,44.3702988033115],[-73.0353896872175,44.374970656355],[-73.0327852961161,44.3624561836283],[-72.9806316822063,44.3514260910564],[-72.952122959109,44.3454438636214]]]},"properties":{"TOWNNAME":"Richmond"}},
{"type":"Feature","geometry":{"type":"Polygon","coordinates":[[[-73.0327852961161,44.3624561836283],[-73.0353896872175,44.374970656355],[-73.081434995662,44.3702988033115],[-73.089244529099,44.3695080959461],[-73.1050499600585,44.3677602626231],[-73.114494167162,44.3668043009578],[-73.1334697997269,44.3646491047791],[-73.1580293625818,44.3620065321155],[-73.1582986492185,44.3630886275343],[-73.165315649593,44.3622175732362],[-73.1605515368605,44.3420336977981],[-73.1590299672646,44.3360648992306],[-73.1558031295159,44.3224636918398],[-73.1489794308539,44.2918193437511],[-73.1452512034297,44.2733841882397],[-73.1355699680045,44.2747389337628],[-73.1047313643251,44.2788423212691],[-73.0803409178583,44.2823260275254],[-73.0705880222907,44.2838702930658],[-73.0700123840122,44.2799348660782],[-73.0165193343451,44.2853658555747],[-73.0203728420129,44.3037537663308],[-73.0279781248994,44.33949362588],[-73.0327852961161,44.3624561836283]]]},"properties":{"TOWNNAME":"Hinesburg"}},
{"type":"Feature","geometry":{"type":"Polygon","coordinates":[[[-72.4263870034767,43.7220640932788],[-72.4302443073484,43.7230366044578],[-72.4331376019207,43.725507756506],[-72.4356083224822,43.7293166351547],[-72.4548377499474,43.7354586259455],[-72.4583202797398,43.7367389409852],[-72.5045089793624,43.7495527373533],[-72.5283455525254,43.7565392839155],[-72.5339316272715,43.758089630904],[-72.538401715886,43.7500993729264],[-72.5426615597753,43.7412601401794],[-72.5592999588853,43.7124539267113],[-72.5678671298826,43.6998965232244],[-72.5765807663639,43.686958156062],[-72.5738818624089,43.6862921684747],[-72.5807263045873,43.6745551697475],[-72.5844668348491,43.6687898266176],[-72.58687102092,43.6646898896968],[-72.5881612376922,43.66249271575],[-72.5768288309492,43.6591578291271],[-72.5682794980985,43.657101178735],[-72.5653471309155,43.661263948703],[-72.5595284147497,43.6594165690526],[-72.5299846581741,43.6514561493515],[-72.504451914379,43.6446535999028],[-72.4830865834409,43.6386579044249],[-72.4785898374233,43.6392000791967],[-72.4702169868338,43.652407136162],[-72.4545229151586,43.676745610564],[-72.4475736480668,43.6883023666164],[-72.4281385543772,43.7190080392301],[-72.4263870034767,43.7220640932788]]]},"properties":{"TOWNNAME":"Pomfret"}},
{"type":"Feature","geometry":{"type":"Polygon","coordinates":[[[-72.4785898374233,43.6392000791967],[-72.4830865834409,43.6386579044249],[-72.504451914379,43.6446535999028],[-72.5299846581741,43.6514561493515],[-72.5595284147497,43.6594165690526],[-72.5653471309155,43.661263948703],[-72.5682794980985,43.657101178735],[-72.5768288309492,43.6591578291271],[-72.6028958038498,43.6162287960568],[-72.6036110413416,43.6149508410485],[-72.6377311796078,43.5589275308802],[-72.6381437628932,43.5580304335431],[-72.6340352943491,43.5573117563359],[-72.5829913137328,43.5454699616769],[-72.5521090626526,43.5384413600135],[-72.532833725754,43.5338828711848],[-72.5292758278177,43.5329984744066],[-72.5280465191306,43.5348703818321],[-72.5174223595569,43.5528642287636],[-72.5100807071811,43.5648237462054],[-72.4998165299086,43.5819826177781],[-72.4791299340815,43.6163055132154],[-72.4720671060732,43.626474943834],[-72.4662386093321,43.6310682890438],[-72.4689716790711,43.6319124397323],[-72.4714510128625,43.6380381359669],[-72.4738732924825,43.6391242119975],[-72.4785898374233,43.6392000791967]]]},"properties":{"TOWNNAME":"Woodstock"}},
{"type":"Feature","geometry":{"type":"Polygon","coordinates":[[[-72.9776841946002,43.6305441852344],[-72.9778627333831,43.631276104128],[-72.9825987698959,43.6305652170421],[-72.9847839058601,43.6298702903529],[-72.9944412353976,43.6299913025634],[-73.0068910731514,43.629732638054],[-73.0057130593932,43.6086592944046],[-73.0064451688126,43.6083526353629],[-73.0072903987098,43.6103639939201],[-73.0085106245345,43.6098560563108],[-73.0071272421672,43.6080772464687],[-73.0097541861463,43.6069507197021],[-73.0114566870414,43.6072937880399],[-73.0109243693753,43.6056630567328],[-73.009118952535,43.6059328556807],[-73.0087631326624,43.6045421001699],[-73.004239363856,43.6040778978146],[-73.0026204678996,43.6021418352529],[-73.004510717555,43.6010212747067],[-73.0076478498174,43.6025514817821],[-73.0092858630942,43.602445997145],[-73.0112245471483,43.5997892057425],[-73.009001347219,43.5981399996915],[-73.004594593498,43.5961633266328],[-73.0007604635763,43.5949855922182],[-72.9975486298239,43.5919701973742],[-72.9920840003509,43.5874792867085],[-72.9903227960778,43.5867475226768],[-72.9690680908767,43.5902900687661],[-72.9464031142188,43.593973510756],[-72.9472745988418,43.6082695721131],[-72.9455754631075,43.6083703560781],[-72.9462514786813,43.6179936562105],[-72.9474183408261,43.6179681233877],[-72.9476779583458,43.6218509602811],[-72.9537569224252,43.6215704696141],[-72.9545525240589,43.6200808239835],[-72.9563929414852,43.6214344147721],[-72.9569886834651,43.6211126858702],[-72.9573313883442,43.625460958176],[-72.9623814261508,43.6244096008557],[-72.9626185861509,43.6262040327946],[-72.9594768780356,43.6271274052382],[-72.9595897894102,43.627765558549],[-72.9754730850608,43.6270461503846],[-72.9760701092475,43.6305821513001],[-72.9776841946002,43.6305441852344]]]},"properties":{"TOWNNAME":"Rutland City"}},
{"type":"Feature","geometry":{"type":"Polygon","coordinates":[[[-73.1761263519777,44.4846796971736],[-73.1789572775375,44.4841198763181],[-73.1815568408038,44.4854274025959],[-73.1823265701612,44.4888990235747],[-73.1862692457157,44.4891541139965],[-73.1888128252403,44.4873598814334],[-73.189199713609,44.4885712128515],[-73.1924020128958,44.4898765623104],[-73.1963454686355,44.4891208424961],[-73.2011165038716,44.4901763569863],[-73.2023761210694,44.4923762704862],[-73.2031426466288,44.4943614196576],[-73.2017129325085,44.4968339878974],[-73.2021489844828,44.4989500439723],[-73.2032543595484,44.5010405595751],[-73.2054778026303,44.5026152455363],[-73.2081018861532,44.5033171604437],[-73.2123098904782,44.5054859521318],[-73.2134981783455,44.5068899134802],[-73.2144691025116,44.5092014630182],[-73.2165187950388,44.5101354504539],[-73.2180073145268,44.5099886812599],[-73.2206090889767,44.508616443561],[-73.2229273734199,44.5064174548211],[-73.224426709543,44.5059548338629],[-73.2270316404379,44.5072910735837],[-73.2287077288198,44.5104173170876],[-73.2278179658138,44.5123701927644],[-73.226573304074,44.5131667357537],[-73.2243959021891,44.5133668547327],[-73.2189842814419,44.5149107007421],[-73.2189625351874,44.5158528051478],[-73.2234662462402,44.5167257451297],[-73.2259446131509,44.5166348739562],[-73.228273089444,44.5158105537369],[-73.2296122421237,44.513985927027],[-73.2319767355147,44.5131677804283],[-73.2330828570288,44.5134552364409],[-73.2355739981976,44.5155917866844],[-73.238309099559,44.5164443804806],[-73.2394974574792,44.5182938081584],[-73.2376912462572,44.5196621479848],[-73.2369455678191,44.5219057411822],[-73.2373086813826,44.5227698589968],[-73.2400689531341,44.5252738147014],[-73.2404742942291,44.5279464344874],[-73.2426170628322,44.528982209638],[-73.2469217054089,44.5275400657045],[-73.248620427512,44.526617215944],[-73.2498891956545,44.5249750538797],[-73.2499258493435,44.5227823821575],[-73.2508276076768,44.5226609952509],[-73.2533198155971,44.5245454348509],[-73.2557150409775,44.5247835735962],[-73.2574224265075,44.5236724479702],[-73.260255082751,44.5231801691049],[-73.2636531158231,44.5239964218635],[-73.2663218157422,44.5259021653568],[-73.2670268990802,44.528641973924],[-73.2645243658817,44.5330164320002],[-73.2648967514902,44.5343408061268],[-73.2641524098313,44.5374670401174],[-73.2656426810759,44.5395702901295],[-73.2671098582075,44.5398683130741],[-73.2716234456694,44.539541198108],[-73.27353511387,44.5385206974879],[-73.2742312196534,44.5371274684328],[-73.2730971892814,44.535284070423],[-73.2704817280455,44.5331430657359],[-73.2702420313203,44.5319007890177],[-73.27313981476034,44.53069227630213],[-73.27364645859232,44.52842067716518],[-73.27341348102725,44.52798940190159],[-73.27339159645874,44.52794555604551],[-73.27336214276205,44.5278824208488],[-73.27333073908713,44.52781510579442],[-73.27327371350809,44.52769286914653],[-73.27324773000437,44.52744550652049],[-73.27273881575658,44.526176298162575],[-73.27253403484605,44.52595726919414],[-73.27226090822093,44.525665139215846],[-73.27199137914302,44.52532280274842],[-73.27193428403278,44.5252007673983],[-73.27191455964548,44.525158608402556],[-73.2706467031148,44.5240343096077],[-73.2690969211544,44.5195707092769],[-73.2687986330695,44.5155686155824],[-73.26944198514059,44.514967022057036],[-73.269584855784,44.514880925657394],[-73.27024687108519,44.514634709638266],[-73.27051499675783,44.51454533441406],[-73.2712937771642,44.512361651053205],[-73.27215658702895,44.51202562706522],[-73.27270401312654,44.51206033063417],[-73.27344748966307,44.51162888648787],[-73.27422296499998,44.50993521176926],[-73.27424207534327,44.50991198535204],[-73.27427163326678,44.509828801101456],[-73.27428469312568,44.509787872436505],[-73.27429092046441,44.50976835640174],[-73.274345768422,44.50959646682037],[-73.27432198406873,44.50936128329305],[-73.27430814261717,44.50928884636319],[-73.27430487340938,44.50910199597804],[-73.27432807857114,44.50902575062202],[-73.27435760838685,44.508932025554756],[-73.27441963745413,44.5088067171211],[-73.27448737654935,44.508711577496015],[-73.27468359397669,44.50843368722797],[-73.2747671712259,44.508245768852326],[-73.27479046319888,44.50819003448839],[-73.27490942684244,44.5078528474534],[-73.27606982690816,44.50676474852674],[-73.27629207125224,44.50661638860554],[-73.2765410910497,44.506486792895444],[-73.27672755393047,44.50649548991941],[-73.27673560185855,44.50537713768259],[-73.27662242104596,44.50520710827136],[-73.27662143845097,44.50520580023091],[-73.27639508796064,44.504916155574215],[-73.27603812201873,44.50474053596644],[-73.2751846768691,44.5045298811664],[-73.27504652723115,44.50437616746604],[-73.2749135974727,44.504202414667105],[-73.27504106126135,44.50316184246883],[-73.2741991288444,44.50261686634603],[-73.27416516516993,44.50260389590942],[-73.2739641486873,44.502460163712385],[-73.27394895668652,44.50244764595894],[-73.27242388058455,44.50107023686499],[-73.27289116943386,44.50031249451449],[-73.27303773820728,44.49990394551319],[-73.27364697333357,44.498920395032194],[-73.27388888417609,44.49718328992966],[-73.271554,44.500605],[-73.271995,44.50292],[-73.270958,44.503922],[-73.267101,44.504255],[-73.261041,44.503606],[-73.254737,44.502095],[-73.249571,44.5004],[-73.246449,44.498241],[-73.247751,44.495993],[-73.246249,44.495596],[-73.248932,44.492711],[-73.248889,44.49037],[-73.249472,44.489231],[-73.248615,44.487982],[-73.245465,44.490196],[-73.245551,44.492029],[-73.24425,44.49245],[-73.239683,44.491813],[-73.235447,44.4906],[-73.231664,44.488966],[-73.227423,44.485547],[-73.227843,44.484698],[-73.224883,44.483076],[-73.224836,44.481226],[-73.222607,44.48016],[-73.221726,44.479026],[-73.221703,44.475348],[-73.22006,44.474418],[-73.220595,44.471482],[-73.219049,44.469473],[-73.219118,44.465531],[-73.222241,44.459606],[-73.224035,44.458793],[-73.223972,44.457621],[-73.225146,44.45646],[-73.227477,44.455907],[-73.228924,44.454255],[-73.231268,44.454043],[-73.232564,44.450773],[-73.230561,44.450035],[-73.23149899415839,44.44700298690186],[-73.2196038834241,44.4463474045937],[-73.2195915265823,44.4464869748575],[-73.2092544029531,44.4459156392858],[-73.2083804075737,44.4552280807227],[-73.1899787590302,44.4541458660538],[-73.1937618005979,44.4740070393405],[-73.1901386011107,44.4723865869874],[-73.1833914569442,44.4781887962761],[-73.1761263519777,44.4846796971736]]]},"properties":{"TOWNNAME":"Burlington"}},
{"type":"Feature","geometry":{"type":"Polygon","coordinates":[[[-72.7028393722211,43.9094110677673],[-72.6812070789087,43.9401791988509],[-72.6723860225991,43.9521685759687],[-72.6545130052513,43.9762223876548],[-72.6372955261266,44.0006639378106],[-72.6541769968532,44.0052587233356],[-72.6828725805231,44.0128178105899],[-72.7040941246714,44.0189561740865],[-72.742244320539,44.0296419267322],[-72.7539591425916,44.012227211655],[-72.780715244428,43.9759897773571],[-72.7910445278771,43.9622527338807],[-72.7870505249837,43.9608670724883],[-72.7917776944291,43.953977074501],[-72.7852210366351,43.9521998686038],[-72.7899604524742,43.9453235997332],[-72.7710801796823,43.9390735316287],[-72.7751453190682,43.9336668795571],[-72.7689126614902,43.93162574004],[-72.7735032097375,43.9245474196205],[-72.7122859037255,43.9079726810348],[-72.7093074281679,43.9112523099863],[-72.7028393722211,43.9094110677673]]]},"properties":{"TOWNNAME":"Braintree"}},
{"type":"Feature","geometry":{"type":"Polygon","coordinates":[[[-72.5735965775345,43.8731261116217],[-72.5692711054048,43.8809060833258],[-72.567558495057,43.8848537912561],[-72.5609682610643,43.8946165472126],[-72.5370233278134,43.9283738865208],[-72.5102851790929,43.9661963147988],[-72.5471150250136,43.9763210151404],[-72.579566710466,43.9849789177595],[-72.591569891098,43.9877987081439],[-72.6120100183129,43.9936446989588],[-72.6372955261266,44.0006639378106],[-72.6545130052513,43.9762223876548],[-72.6723860225991,43.9521685759687],[-72.6812070789087,43.9401791988509],[-72.7028393722211,43.9094110677673],[-72.6538860372195,43.8956416455055],[-72.6289784410237,43.8888935505839],[-72.6025599648893,43.8817887479339],[-72.5791788459742,43.8747179764684],[-72.5735965775345,43.8731261116217]]]},"properties":{"TOWNNAME":"Randolph"}},
{"type":"Feature","geometry":{"type":"Polygon","coordinates":[[[-73.091590308381,44.4810705699634],[-73.0889591125467,44.4806229459848],[-73.0886784373474,44.4796371519414],[-73.0862211795122,44.4786255616167],[-73.083682142578,44.4789467970513],[-73.0817020077574,44.481008326787],[-73.0798940837187,44.4819790227666],[-73.0769585652271,44.482547536179],[-73.0736745810499,44.4825185409351],[-73.0679323349563,44.4784514933322],[-73.0665185728672,44.4782003198519],[-73.0634564298811,44.4791627511825],[-73.0612036022617,44.4784101482522],[-73.0589728444478,44.4749074248809],[-73.0574513420984,44.4734392175055],[-73.0559798623593,44.4736706568073],[-73.0545326039961,44.4749214197949],[-73.0517047495884,44.4761532828898],[-73.0504751628196,44.4761734348524],[-73.0493229080688,44.4750715976275],[-73.0494321191322,44.4723508913725],[-73.047952543974,44.4710460555464],[-73.04568198183,44.4707900015905],[-73.0404627826847,44.4715617746234],[-73.0360467226359,44.4708811666057],[-73.0319561436609,44.4683734174983],[-73.0112069420941,44.4963440029492],[-73.0018029537173,44.5092505712213],[-72.9949948409385,44.5182075173287],[-72.9791170495422,44.539743719578],[-72.9736082249338,44.5469743787178],[-72.9713716606786,44.5504095681602],[-72.9763590509443,44.5512614816205],[-73.0101514702003,44.5563263422484],[-73.0545425327836,44.5635709734034],[-73.0793314675463,44.5674908698784],[-73.097918498503,44.5705142393856],[-73.1255774190573,44.5329928691026],[-73.1584046754397,44.4897673075202],[-73.155156166075,44.4882076652032],[-73.1535261620323,44.4879992171014],[-73.1511469866295,44.4888048473613],[-73.146328449708,44.4893100876769],[-73.1436456656655,44.4902220327691],[-73.1430050386632,44.4916002162787],[-73.1440549349603,44.492327755182],[-73.1475508421775,44.4929239996723],[-73.1479475812231,44.4938269132474],[-73.1440426054966,44.4964850252572],[-73.1425937750992,44.4989031442449],[-73.1412031105793,44.500260154693],[-73.1375575133614,44.5009623601366],[-73.1356428012976,44.50282736435],[-73.1381542517423,44.5038624222792],[-73.1378402606126,44.5043017282263],[-73.1344679748179,44.5033772820444],[-73.1309540314694,44.5012361662609],[-73.1300128120563,44.5001262428074],[-73.1277248530102,44.5033328274194],[-73.123570774877,44.5017500855737],[-73.1221276785146,44.50155924804],[-73.1197928266148,44.5046469560954],[-73.1156261593198,44.5030513947259],[-73.1159365680045,44.5048003791698],[-73.1112150618404,44.5064184619281],[-73.0966420868611,44.5010742667459],[-73.0889472228256,44.4981432226739],[-73.0881644079167,44.4991979404919],[-73.0817874221606,44.4974679729614],[-73.084853474248,44.4934600727411],[-73.084083638862,44.4910801496279],[-73.0860157748442,44.4882426259451],[-73.085129535406,44.487935878712],[-73.088170263946,44.4835938628476],[-73.0919653201042,44.4838092320943],[-73.091590308381,44.4810705699634]]]},"properties":{"TOWNNAME":"Essex"}},
{"type":"Feature","geometry":{"type":"MultiPolygon","coordinates":[[[[-72.0436399344574,44.1570992864654],[-72.0439627204204,44.1584787412894],[-72.042151809732,44.16141151907],[-72.044964,44.161745],[-72.0465144814813,44.1613607892992],[-72.0478285748043,44.1620178647319],[-72.0485689153802,44.1646966629185],[-72.051583868458,44.1662653500607],[-72.053324072415,44.1685521258559],[-72.0546463892661,44.1725340086314],[-72.0565156601169,44.1758601011086],[-72.0580235394335,44.1805153144971],[-72.0607128814017,44.1843059300568],[-72.0655971915352,44.1889323014578],[-72.0661201158591,44.1909493697242],[-72.0643915344475,44.1954555358846],[-72.0644497404914,44.1975718128346],[-72.0606097095056,44.19986090453],[-72.0589697119268,44.2022775404109],[-72.057751,44.205835],[-72.058605,44.206911],[-72.05833569848991,44.208222235887675],[-72.059856,44.209779],[-72.0587455149523,44.2116967760267],[-72.0553638369624,44.2130368861355],[-72.05284402196452,44.21715709271466],[-72.052639,44.219514],[-72.0539115815302,44.2226970944168],[-72.0536365777532,44.2256845167058],[-72.0497330242868,44.2354020947865],[-72.0483989357056,44.2372752772282],[-72.0480140241272,44.239839250185],[-72.0502003004448,44.2442938026765],[-72.0534876116555,44.2463971792117],[-72.0548544823069,44.2479860352551],[-72.05585554896139,44.250621484773404],[-72.05923887823135,44.255834979982694],[-72.0819563354947,44.2596678598695],[-72.1199185913897,44.2659419559494],[-72.1591132458153,44.2723609654104],[-72.1881252026862,44.2766044583612],[-72.1850744397139,44.2658190527224],[-72.1824504046964,44.2555456092026],[-72.1780247808313,44.2368454174235],[-72.1711780557778,44.2105864240907],[-72.1674081080276,44.1958005455906],[-72.166334073243,44.1907843675843],[-72.1552820169273,44.1877083176483],[-72.102638691783,44.1732832466637],[-72.0594271216287,44.1614672959038],[-72.0436399344574,44.1570992864654]]],[[[-72.0396008737496,44.1560067725961],[-72.0398995206626,44.157140170627244],[-72.04189514413895,44.15664310566316],[-72.0396008737496,44.1560067725961]]]]},"properties":{"TOWNNAME":"Ryegate"}},
{"type":"Feature","geometry":{"type":"Polygon","coordinates":[[[-72.0396008737496,44.1560067725961],[-72.04189514413895,44.15664310566316],[-72.0436399344574,44.1570992864654],[-72.0594271216287,44.1614672959038],[-72.102638691783,44.1732832466637],[-72.1552820169273,44.1877083176483],[-72.166334073243,44.1907843675843],[-72.170691985222,44.1919812227194],[-72.180718529761,44.1554891381913],[-72.1947332913138,44.1088596509206],[-72.2075683640878,44.0660223792831],[-72.1915689773903,44.0614321854203],[-72.1539678129251,44.0507087423865],[-72.1326898195707,44.0445148373739],[-72.084924644117,44.03154532551],[-72.0792341673303,44.0298415697714],[-72.07687172357348,44.030420638213265],[-72.07528395545636,44.03163182879148],[-72.0749143614216,44.0328771795959],[-72.0794434650453,44.0393353577121],[-72.0790879323298,44.0424653835631],[-72.0762833852526,44.0450801813055],[-72.0664907726728,44.0490765922494],[-72.0620172166435,44.0496161008847],[-72.06197927548487,44.05093197969422],[-72.0629977025133,44.0519874325884],[-72.0674729006705,44.0530629680505],[-72.0690784769222,44.054185322873],[-72.0682710292234,44.0573820915402],[-72.0654754171853,44.058391298512],[-72.06022193706428,44.057744761019954],[-72.0585594693016,44.0579685120923],[-72.0566856468178,44.0590566626789],[-72.0541524297475,44.0638481003532],[-72.0523224551102,44.0659394142935],[-72.0488024944918,44.0690123364551],[-72.0487593356778,44.0714232057064],[-72.0500845109687,44.0730774315331],[-72.0524853820658,44.0744501957791],[-72.0531750672795,44.0760661645064],[-72.0516918803534,44.0772807671089],[-72.0471561614206,44.0781117698248],[-72.0443472367601,44.0793145350899],[-72.0415030242232,44.0792198147536],[-72.0384374192742,44.0768023749818],[-72.034175,44.077113],[-72.032085,44.078227],[-72.031627,44.079158],[-72.0323155950197,44.0808078129053],[-72.03385807518232,44.081790957776455],[-72.0374376320444,44.0827039241949],[-72.0421749272991,44.0847292164051],[-72.044383,44.085994],[-72.0452466273185,44.0877934129659],[-72.0441769326248,44.0887796101961],[-72.041881,44.089],[-72.0393625486877,44.0886568890862],[-72.0366971285365,44.0888604925421],[-72.0338504963556,44.0900663552817],[-72.0322955802974,44.09190546643],[-72.0307016570395,44.0979385181142],[-72.0310549358597,44.0999490541203],[-72.0326454661177,44.1015004312886],[-72.0380580816288,44.1034423360961],[-72.0399002883453,44.1031453878477],[-72.0416438303882,44.1018107580567],[-72.0425406697444,44.0998893292095],[-72.0428611631377,44.0974230630582],[-72.0447204699546,44.0962695685597],[-72.0474000039292,44.0964171960017],[-72.0500698686714,44.0978252730134],[-72.052189711118,44.1000772279715],[-72.0529913032317,44.1018637303883],[-72.0528497037134,44.1040962701518],[-72.0541483513433,44.1071810753017],[-72.0554014421568,44.1114617003641],[-72.0534028994899,44.1144966412468],[-72.053143,44.119509],[-72.050533,44.12031],[-72.048809,44.122309],[-72.046398,44.123545],[-72.0460929951497,44.1243050494027],[-72.0406204600126,44.1261405997849],[-72.0374226270765,44.1257932567476],[-72.0364700301404,44.1269275385616],[-72.0357978936475,44.1291812044036],[-72.033412,44.131098],[-72.0345132793695,44.1325965232338],[-72.038306813146,44.1338057682746],[-72.041934227296,44.1367541026202],[-72.0415985429032,44.1398896183297],[-72.0422504487911,44.1484425868436],[-72.0430823359954,44.1509968729291],[-72.0421064133604,44.15316880029],[-72.0396008737496,44.1560067725961]]]},"properties":{"TOWNNAME":"Newbury"}},
{"type":"Feature","geometry":{"type":"MultiPolygon","coordinates":[[[[-73.26944198514059,44.514967022057036],[-73.2687986330695,44.5155686155824],[-73.2690969211544,44.5195707092769],[-73.2706467031148,44.5240343096077],[-73.27191455964548,44.525158608402556],[-73.269842,44.521383],[-73.268986,44.516232],[-73.26944198514059,44.514967022057036]]],[[[-73.1761263519777,44.4846796971736],[-73.1833914569442,44.4781887962761],[-73.1901386011107,44.4723865869874],[-73.1937618005979,44.4740070393405],[-73.1899787590302,44.4541458660538],[-73.2083804075737,44.4552280807227],[-73.2092544029531,44.4459156392858],[-73.2195915265823,44.4464869748575],[-73.2196038834241,44.4463474045937],[-73.23149899415839,44.44700298690186],[-73.233383,44.443971],[-73.231565,44.442975],[-73.226285,44.442529],[-73.223758,44.442773],[-73.22167,44.442292],[-73.220116,44.438783],[-73.218959,44.434325],[-73.219871,44.430995],[-73.218988,44.427448],[-73.217211,44.426277],[-73.21831744401622,44.42253727574273],[-73.1546137188041,44.4052313991907],[-73.1523104461237,44.4100229920323],[-73.1481265530657,44.4123727485031],[-73.1446064889737,44.4120316062226],[-73.1452792795125,44.4155657159225],[-73.1448418770318,44.4169648279997],[-73.1465415461376,44.4199057241905],[-73.145121913761,44.4219802287724],[-73.1460125129482,44.4233154080441],[-73.1447195818368,44.4254321175614],[-73.14619251208,44.4273889343407],[-73.1453883088434,44.4297570308672],[-73.1432612549766,44.4304202367704],[-73.142644939767,44.4333406358001],[-73.137611914857,44.4358284156522],[-73.1381894511589,44.4375824380688],[-73.1361811722301,44.4400222537577],[-73.1368787052396,44.4404840917014],[-73.1354062923295,44.44286528624],[-73.1363430812381,44.4434468394591],[-73.1357135448918,44.444578074658],[-73.1364345458624,44.4457619054126],[-73.1389544933933,44.4471783085506],[-73.1399264862414,44.4496627613247],[-73.1384861592687,44.4502934080887],[-73.1381981059127,44.4516000364339],[-73.1389986119561,44.4526765811395],[-73.136854462736,44.4557918549373],[-73.1347919080185,44.4572736749414],[-73.1371453502149,44.4590627194614],[-73.1362436720882,44.4596322841271],[-73.1355696331718,44.461901118879],[-73.1366663852575,44.4634134041642],[-73.1365364375693,44.4649736493559],[-73.1380043485679,44.4644984757199],[-73.1373947891831,44.4659700549554],[-73.1376047668322,44.4685889018312],[-73.1382417450221,44.4699543446626],[-73.1348484738273,44.4724995888608],[-73.1366515645787,44.47480169639],[-73.1359275561657,44.4750066880188],[-73.1363058334925,44.4775003133732],[-73.1369932449339,44.4782612560863],[-73.1413245023504,44.4782830948445],[-73.1448981086561,44.4806599792374],[-73.1442565493979,44.4845798935551],[-73.1430454531397,44.487841010268],[-73.1397241592497,44.4903175005684],[-73.1394546656239,44.4918989520563],[-73.1405909073113,44.4951195139575],[-73.140084819214,44.4975780273156],[-73.1372035302245,44.4997147648415],[-73.1375575133614,44.5009623601366],[-73.1412031105793,44.500260154693],[-73.1425937750992,44.4989031442449],[-73.1440426054966,44.4964850252572],[-73.1479475812231,44.4938269132474],[-73.1475508421775,44.4929239996723],[-73.1440549349603,44.492327755182],[-73.1430050386632,44.4916002162787],[-73.1436456656655,44.4902220327691],[-73.146328449708,44.4893100876769],[-73.1511469866295,44.4888048473613],[-73.1535261620323,44.4879992171014],[-73.155156166075,44.4882076652032],[-73.1584046754397,44.4897673075202],[-73.1602530462841,44.4901358737956],[-73.1629170206769,44.4897064680422],[-73.1642356930374,44.4882977727624],[-73.1667650022899,44.4867507887546],[-73.1688016557087,44.4869655768765],[-73.1683694998623,44.4903279600138],[-73.1700863610482,44.4896791194922],[-73.1721145999253,44.4880894188838],[-73.1735750808995,44.4858512014658],[-73.1761263519777,44.4846796971736]]],[[[-73.276946,44.449249],[-73.274466,44.449615],[-73.275335,44.450468],[-73.278634,44.451549],[-73.278188,44.449569],[-73.276946,44.449249]]]]},"properties":{"TOWNNAME":"South Burlington"}},
{"type":"Feature","geometry":{"type":"Polygon","coordinates":[[[-73.091590308381,44.4810705699634],[-73.0935421287123,44.4798087083479],[-73.0953727219387,44.4756449370019],[-73.0983050044242,44.4724738592824],[-73.100881485759,44.4719296344614],[-73.1017791271441,44.4724442681171],[-73.1026365578764,44.4762311344032],[-73.1039621503821,44.4776238194882],[-73.1072793198202,44.4791443286584],[-73.1099794640878,44.4809905787172],[-73.1117677080088,44.4829506358355],[-73.1135717982032,44.4830289729376],[-73.1159023515218,44.4809084858586],[-73.1190851325466,44.4796591619626],[-73.1243089258677,44.4766132069331],[-73.1289079642177,44.4765230891608],[-73.1321781279225,44.4748700121134],[-73.1346159528709,44.4744127287787],[-73.1359275561657,44.4750066880188],[-73.1366515645787,44.47480169639],[-73.1348484738273,44.4724995888608],[-73.1382417450221,44.4699543446626],[-73.1376047668322,44.4685889018312],[-73.1373947891831,44.4659700549554],[-73.1380043485679,44.4644984757199],[-73.1365364375693,44.4649736493559],[-73.1366663852575,44.4634134041642],[-73.1355696331718,44.461901118879],[-73.1362436720882,44.4596322841271],[-73.1371453502149,44.4590627194614],[-73.1347919080185,44.4572736749414],[-73.136854462736,44.4557918549373],[-73.1389986119561,44.4526765811395],[-73.1381981059127,44.4516000364339],[-73.1384861592687,44.4502934080887],[-73.1399264862414,44.4496627613247],[-73.1389544933933,44.4471783085506],[-73.1364345458624,44.4457619054126],[-73.1357135448918,44.444578074658],[-73.1363430812381,44.4434468394591],[-73.1354062923295,44.44286528624],[-73.1368787052396,44.4404840917014],[-73.1361811722301,44.4400222537577],[-73.1381894511589,44.4375824380688],[-73.137611914857,44.4358284156522],[-73.142644939767,44.4333406358001],[-73.1432612549766,44.4304202367704],[-73.1453883088434,44.4297570308672],[-73.14619251208,44.4273889343407],[-73.1447195818368,44.4254321175614],[-73.1460125129482,44.4233154080441],[-73.145121913761,44.4219802287724],[-73.1465415461376,44.4199057241905],[-73.1448418770318,44.4169648279997],[-73.1452792795125,44.4155657159225],[-73.1446064889737,44.4120316062226],[-73.1481265530657,44.4123727485031],[-73.1523104461237,44.4100229920323],[-73.1546137188041,44.4052313991907],[-73.1416613143224,44.4017055108626],[-73.1267301728445,44.3976727318524],[-73.1164880910842,44.3950863715703],[-73.089244529099,44.3695080959461],[-73.081434995662,44.3702988033115],[-73.0595834217699,44.4106467683603],[-73.0517836704998,44.4248184359928],[-73.0423007639428,44.4220519167078],[-73.0333212373897,44.4264710669502],[-73.0215351678326,44.4331749385837],[-73.0249949534924,44.4358649346749],[-73.0325537842743,44.4380887332796],[-73.0331593464131,44.4391928502585],[-73.032333875094,44.4402784437439],[-73.0283583946716,44.4422579897048],[-73.0250895105803,44.4427905371028],[-73.0217489926852,44.4420138875108],[-73.0196180615321,44.4431278433563],[-73.0196402679275,44.4471632168608],[-73.0189750848916,44.4510540309753],[-73.0196107036267,44.4529966548837],[-73.0207355946925,44.453874383403],[-73.0236031664631,44.454069072148],[-73.024843690359,44.4557976728758],[-73.0241620285377,44.4568492451583],[-73.0217557395696,44.4581255024871],[-73.0213893520582,44.4601467528395],[-73.0243216292468,44.4610780965175],[-73.0263036597938,44.4631891710442],[-73.0266215654915,44.4665409150539],[-73.0274089844352,44.4675830218739],[-73.0319561436609,44.4683734174983],[-73.0360467226359,44.4708811666057],[-73.0404627826847,44.4715617746234],[-73.04568198183,44.4707900015905],[-73.047952543974,44.4710460555464],[-73.0494321191322,44.4723508913725],[-73.0493229080688,44.4750715976275],[-73.0504751628196,44.4761734348524],[-73.0517047495884,44.4761532828898],[-73.0545326039961,44.4749214197949],[-73.0559798623593,44.4736706568073],[-73.0574513420984,44.4734392175055],[-73.0589728444478,44.4749074248809],[-73.0612036022617,44.4784101482522],[-73.0634564298811,44.4791627511825],[-73.0665185728672,44.4782003198519],[-73.0679323349563,44.4784514933322],[-73.0736745810499,44.4825185409351],[-73.0769585652271,44.482547536179],[-73.0798940837187,44.4819790227666],[-73.0817020077574,44.481008326787],[-73.083682142578,44.4789467970513],[-73.0862211795122,44.4786255616167],[-73.0886784373474,44.4796371519414],[-73.0889591125467,44.4806229459848],[-73.091590308381,44.4810705699634]]]},"properties":{"TOWNNAME":"Williston"}},
{"type":"Feature","geometry":{"type":"Polygon","coordinates":[[[-72.4555395907496,44.1333530048738],[-72.4744730883505,44.1387505334084],[-72.4787479972122,44.1400806201075],[-72.4925391771038,44.1437929656538],[-72.5045532880208,44.1472560487278],[-72.5219266767639,44.1520644420716],[-72.5319799950633,44.1550093862513],[-72.5545562146272,44.161342852107],[-72.5597092306956,44.1629214805815],[-72.5639860762914,44.1547913731754],[-72.5706740865108,44.1563002389618],[-72.586559258585,44.1602688288265],[-72.6035442892933,44.1311209749367],[-72.6068668627322,44.1256728983673],[-72.611561465845,44.1174208650555],[-72.6260017293747,44.0933155599373],[-72.6291141674127,44.0878424959882],[-72.5857342438846,44.0758709217293],[-72.559237701725,44.0684546987297],[-72.5382154138017,44.0624906398596],[-72.5024251940843,44.0503670643732],[-72.49392749645,44.0658453689861],[-72.4758081806456,44.0980530741305],[-72.4581304820293,44.1290708723445],[-72.4555395907496,44.1333530048738]]]},"properties":{"TOWNNAME":"Williamstown"}},
{"type":"Feature","geometry":{"type":"Polygon","coordinates":[[[-72.5102851790929,43.9661963147988],[-72.513179548564,43.9763257392124],[-72.5268672607592,44.0234661034212],[-72.5322452200716,44.0421038140254],[-72.5382154138017,44.0624906398596],[-72.559237701725,44.0684546987297],[-72.5857342438846,44.0758709217293],[-72.6291141674127,44.0878424959882],[-72.6344767704248,44.0893211510693],[-72.6828725805231,44.0128178105899],[-72.6541769968532,44.0052587233356],[-72.6372955261266,44.0006639378106],[-72.6120100183129,43.9936446989588],[-72.591569891098,43.9877987081439],[-72.579566710466,43.9849789177595],[-72.5471150250136,43.9763210151404],[-72.5102851790929,43.9661963147988]]]},"properties":{"TOWNNAME":"Brookfield"}},
{"type":"Feature","geometry":{"type":"Polygon","coordinates":[[[-72.0994251762099,43.9574192412427],[-72.09926700291818,43.95921746173302],[-72.1010584383603,43.9605163740566],[-72.1009557452671,43.9629211612938],[-72.0981865141214,43.9641229856711],[-72.09122493926326,43.96556971887152],[-72.0923271703958,43.9668721359746],[-72.0989391520222,43.9686411575292],[-72.102978,43.969074],[-72.105145,43.969883],[-72.10725588201618,43.969596768834855],[-72.110852,43.966992],[-72.1141132071722,43.9675562992925],[-72.114814887822,43.969300055032],[-72.1134984343296,43.9727366837209],[-72.112698,43.977909],[-72.113171,43.981014],[-72.111997,43.984623],[-72.11212859215063,43.986514429127816],[-72.113842,43.989368],[-72.1168416120328,43.9919101093973],[-72.116986,43.994205],[-72.115903,43.995266],[-72.11271524246067,43.996687433959835],[-72.109808718707,43.9999743664507],[-72.1082186417508,44.0009780295661],[-72.104117837656,44.0024459615084],[-72.1036573715539,44.0035311416329],[-72.10447898950366,44.00715423201786],[-72.1060206903527,44.0115851442178],[-72.1042980345995,44.014203109751],[-72.1004617351438,44.0154862393298],[-72.0981375233794,44.0154516279249],[-72.0954596854969,44.0145637597666],[-72.0937156425943,44.0134566661302],[-72.0929628725024,44.0113643151886],[-72.0933495383691,44.009689947114],[-72.09193,44.009143],[-72.090374,44.010807],[-72.092068,44.013141],[-72.094891,44.015468],[-72.095944,44.018756],[-72.09539654941,44.0220327975823],[-72.0943598722965,44.0234311701951],[-72.092423176021,44.0243202475271],[-72.090679,44.024227],[-72.08736798571192,44.02205784498603],[-72.08510531215016,44.02116972439219],[-72.0826671396097,44.0219156408184],[-72.08190870921567,44.02322363812491],[-72.0825610331709,44.0264605255683],[-72.0818759255152,44.0282588664428],[-72.0792341673303,44.0298415697714],[-72.084924644117,44.03154532551],[-72.1326898195707,44.0445148373739],[-72.1539678129251,44.0507087423865],[-72.1915689773903,44.0614321854203],[-72.2012329162186,44.0454460705617],[-72.2159383315886,44.0213059574213],[-72.2328264018167,43.992510359463],[-72.1678167543965,43.9746666049217],[-72.1556736159199,43.9717067799678],[-72.0994251762099,43.9574192412427]]]},"properties":{"TOWNNAME":"Bradford"}},
{"type":"Feature","geometry":{"type":"Polygon","coordinates":[[[-73.1170764140962,43.5852324505833],[-73.1200194475034,43.5848582928525],[-73.1449115452048,43.5851280508639],[-73.1711967070004,43.5858729643743],[-73.1745955597426,43.5860715894487],[-73.197668864892,43.5865746887947],[-73.201457510219,43.5867720257723],[-73.2433214202844,43.5876109917974],[-73.243805782015,43.5781332744222],[-73.2450506166087,43.550841069193],[-73.2457267849512,43.5416956077484],[-73.2465064709904,43.5400540627146],[-73.2447709022348,43.5392400876138],[-73.2434711795252,43.5355789607721],[-73.241453,43.532048],[-73.242677,43.530104],[-73.241891,43.529418],[-73.243366,43.527726],[-73.24682,43.52578],[-73.247549595682,43.5230835514371],[-73.246501,43.521459],[-73.247510860889,43.5194455317238],[-73.246719,43.518875],[-73.246843,43.517251],[-73.24806600812802,43.51600471048853],[-73.2467811085683,43.5155853811796],[-73.24706685609542,43.513955581473006],[-73.247143338606,43.5063499163165],[-73.2478811627058,43.4836036456083],[-73.24875660727778,43.46185969403773],[-73.2467727817641,43.4618296746042],[-73.1988769086436,43.4644936906573],[-73.1955509023894,43.4645094704516],[-73.1813026205005,43.4652118256572],[-73.1795197587894,43.465873659996],[-73.178490490734,43.4962401134258],[-73.1684132790986,43.4959870435963],[-73.1334507979792,43.5253413249382],[-73.1352676671091,43.5336226457603],[-73.1201204173008,43.53344252833],[-73.1197830025103,43.5386572506686],[-73.1201502955506,43.5435286321133],[-73.1179902247616,43.5680783294897],[-73.1164463171762,43.5836589889337],[-73.1170764140962,43.5852324505833]]]},"properties":{"TOWNNAME":"Poultney"}},
{"type":"Feature","geometry":{"type":"Polygon","coordinates":[[[-73.0053071423988,43.4926797789261],[-73.0261742949798,43.493438772625],[-73.0507695002357,43.4941832613111],[-73.0855294177131,43.4951853525563],[-73.078746157542,43.4794368749927],[-73.1076597403297,43.4354385636874],[-73.1190584012437,43.4358110061452],[-73.1208355330871,43.4040464158932],[-73.1208709505134,43.4030175728726],[-73.0970402543293,43.4021669463791],[-73.0771607852631,43.4015868074838],[-73.0520780736342,43.4009600409774],[-73.0346505818936,43.4001986270569],[-73.0217358454046,43.399299742938],[-73.014415520638,43.4451446673958],[-73.0071368520978,43.4481060429691],[-73.0053071423988,43.4926797789261]]]},"properties":{"TOWNNAME":"Tinmouth"}},
{"type":"Feature","geometry":{"type":"Polygon","coordinates":[[[-73.1190584012437,43.4358110061452],[-73.1795197587894,43.465873659996],[-73.1813026205005,43.4652118256572],[-73.1955509023894,43.4645094704516],[-73.1988769086436,43.4644936906573],[-73.2467727817641,43.4618296746042],[-73.24875660727778,43.46185969403773],[-73.249551,43.441325927653374],[-73.2505132317823,43.4142371061781],[-73.25078022321,43.4086132554576],[-73.2452469689108,43.4085108320698],[-73.214023647078,43.4074185685741],[-73.1958409860222,43.4069097553546],[-73.1754313454562,43.4059150830328],[-73.1464477131245,43.4050080416905],[-73.1208355330871,43.4040464158932],[-73.1190584012437,43.4358110061452]]]},"properties":{"TOWNNAME":"Wells"}},
{"type":"Feature","geometry":{"type":"Polygon","coordinates":[[[-73.1190584012437,43.4358110061452],[-73.1076597403297,43.4354385636874],[-73.078746157542,43.4794368749927],[-73.0855294177131,43.4951853525563],[-73.1040515463921,43.5381440558247],[-73.1197830025103,43.5386572506686],[-73.1201204173008,43.53344252833],[-73.1352676671091,43.5336226457603],[-73.1334507979792,43.5253413249382],[-73.1684132790986,43.4959870435963],[-73.178490490734,43.4962401134258],[-73.1795197587894,43.465873659996],[-73.1190584012437,43.4358110061452]]]},"properties":{"TOWNNAME":"Middletown Springs"}},
{"type":"Feature","geometry":{"type":"Polygon","coordinates":[[[-72.4548948900567,43.4351949989599],[-72.45352621715,43.4526147276],[-72.4531144629069,43.4554641071072],[-72.4523100185037,43.4832262633172],[-72.4518364039682,43.4920238464708],[-72.4516128452037,43.500982559208],[-72.4507074820337,43.5208792791727],[-72.4503123226133,43.5250215849092],[-72.491608826334,43.5294527356406],[-72.5292758278177,43.5329984744066],[-72.532833725754,43.5338828711848],[-72.5324721097297,43.5279135291241],[-72.5324131154853,43.5225426958887],[-72.5311107412093,43.4972291721838],[-72.5307200239732,43.4844774538044],[-72.5307263814983,43.4792774146767],[-72.5302088291527,43.4676901500968],[-72.5304008253858,43.4436058611343],[-72.5302775474776,43.4435507674393],[-72.5099335028455,43.4400696958431],[-72.5002964789645,43.4386841773271],[-72.4591172158825,43.4355796435313],[-72.4548948900567,43.4351949989599]]]},"properties":{"TOWNNAME":"West Windsor"}},
{"type":"Feature","geometry":{"type":"Polygon","coordinates":[[[-72.6854418470829,43.2225889815398],[-72.676317502515,43.2226735294289],[-72.6762442897072,43.2240920017144],[-72.6644784111865,43.2251306480897],[-72.6029220846203,43.2307680966485],[-72.5554846892913,43.2353045424112],[-72.5491533490645,43.2359055837614],[-72.5488294246267,43.2553152224099],[-72.5488855669778,43.2562194798455],[-72.548083039152,43.2846353006549],[-72.548014144169,43.292286482229],[-72.5477057242258,43.2932571367549],[-72.5469524901535,43.3037580518314],[-72.5465643197506,43.3135378791799],[-72.5463615672976,43.3239514850026],[-72.5464908298555,43.3348514563117],[-72.545438475771,43.3452783255804],[-72.5454816440793,43.3452797486241],[-72.5494491899833,43.3454102405922],[-72.5703400632496,43.3464593791783],[-72.5842841358684,43.3470248640009],[-72.6070801858412,43.3481524637743],[-72.6249086892615,43.3491779208803],[-72.6365104640062,43.3497350553551],[-72.6624684709217,43.3511368219866],[-72.6792177320649,43.3519828036865],[-72.6809413739115,43.327381498363],[-72.6814428566756,43.3224380554319],[-72.6826300907383,43.2921247483778],[-72.6854418470829,43.2225889815398]]]},"properties":{"TOWNNAME":"Chester"}},
{"type":"Feature","geometry":{"type":"Polygon","coordinates":[[[-72.5304008253858,43.4436058611343],[-72.5803390241884,43.4491135394447],[-72.6008620485755,43.4512669732755],[-72.6273189022983,43.4538601977742],[-72.636081444995,43.4545881944098],[-72.6428946918929,43.4553846673609],[-72.6605888422222,43.4571059863224],[-72.6608036270819,43.4536104683099],[-72.6609479716837,43.4429798345074],[-72.6609759242272,43.4298526843978],[-72.6608932242501,43.3994462300796],[-72.6619569149232,43.3856457212042],[-72.6622924011109,43.3674433469759],[-72.6624684709217,43.3511368219866],[-72.6365104640062,43.3497350553551],[-72.6249086892615,43.3491779208803],[-72.6070801858412,43.3481524637743],[-72.5799831112145,43.3681834922891],[-72.5428590156468,43.3804563415168],[-72.5386818819686,43.3814979205183],[-72.5379212287842,43.3936318822744],[-72.5310702890629,43.4385519610482],[-72.5302775474776,43.4435507674393],[-72.5304008253858,43.4436058611343]]]},"properties":{"TOWNNAME":"Cavendish"}},
{"type":"Feature","geometry":{"type":"Polygon","coordinates":[[[-72.6070801858412,43.3481524637743],[-72.5842841358684,43.3470248640009],[-72.5703400632496,43.3464593791783],[-72.5494491899833,43.3454102405922],[-72.5454816440793,43.3452797486241],[-72.5433139051368,43.3591502644731],[-72.5391476588615,43.3740699594122],[-72.5386818819686,43.3814979205183],[-72.5428590156468,43.3804563415168],[-72.5799831112145,43.3681834922891],[-72.6070801858412,43.3481524637743]]]},"properties":{"TOWNNAME":"Baltimore"}},
{"type":"Feature","geometry":{"type":"Polygon","coordinates":[[[-72.4061749148889,43.3382192392898],[-72.405045918191,43.3395619271544],[-72.4007367972893,43.3460441334999],[-72.3982933718493,43.348485289565],[-72.39472459204632,43.35068071367765],[-72.3899529232191,43.3560494242372],[-72.390501505906,43.3570701521533],[-72.3927880205636,43.3579479595431],[-72.394231,43.357631],[-72.4011388564532,43.357378502609],[-72.4037953210092,43.3578988796117],[-72.4056916784568,43.3593740527284],[-72.41043265785555,43.361768481569754],[-72.41239,43.362162],[-72.414695,43.364237],[-72.415274,43.365924],[-72.41466502240034,43.36814058118814],[-72.41474,43.370082],[-72.4161729686744,43.3767889731448],[-72.4148024362334,43.3814195342914],[-72.4118978595184,43.3852820914073],[-72.4091371195887,43.3876259134776],[-72.4049433021937,43.3903772318683],[-72.4037975793155,43.392066067862],[-72.4035686809547,43.396307415117],[-72.4021792966762,43.3991227044091],[-72.4002717215425,43.4083755232265],[-72.3998263071246,43.4160676161207],[-72.3991456293571,43.4177430315684],[-72.397760265502,43.4231122466497],[-72.3971517676163,43.4241622242962],[-72.3960860067767,43.428637255587],[-72.4057316647714,43.4301581645994],[-72.4503153041858,43.4345244993237],[-72.4548948900567,43.4351949989599],[-72.4591172158825,43.4355796435313],[-72.5002964789645,43.4386841773271],[-72.5099335028455,43.4400696958431],[-72.5302775474776,43.4435507674393],[-72.5310702890629,43.4385519610482],[-72.5379212287842,43.3936318822744],[-72.5386818819686,43.3814979205183],[-72.5391476588615,43.3740699594122],[-72.5433139051368,43.3591502644731],[-72.5454816440793,43.3452797486241],[-72.545438475771,43.3452783255804],[-72.5213950911818,43.343963424745],[-72.5042926627858,43.3431437998619],[-72.5015508906409,43.342828555479],[-72.4685936417941,43.3411757620251],[-72.4439900411445,43.3402917067937],[-72.4079967216107,43.3383891321807],[-72.4061749148889,43.3382192392898]]]},"properties":{"TOWNNAME":"Weathersfield"}},
{"type":"Feature","geometry":{"type":"Polygon","coordinates":[[[-72.2432498710242,44.9306246389053],[-72.2392749549227,44.9344123778677],[-72.2436689650411,44.9367108715643],[-72.2395936267239,44.9406804375992],[-72.2383826057289,44.9438637989829],[-72.2419369627358,44.9445291085445],[-72.2397511482771,44.9466500466028],[-72.24219421338,44.9479468535178],[-72.2412050160175,44.9517788340245],[-72.2371641544072,44.9507049980595],[-72.23391747171877,44.950509949722246],[-72.232747,44.952913],[-72.234418,44.955434],[-72.23406,44.958229],[-72.234326,44.962426],[-72.240923,44.963549],[-72.24207,44.962897],[-72.245594,44.96521],[-72.246345,44.96742],[-72.246385,44.969784],[-72.243439,44.972319],[-72.241397,44.974831],[-72.241824,44.9758],[-72.239763,44.977406],[-72.239334,44.978652],[-72.240136,44.98143],[-72.240169,44.985874],[-72.243553,44.987454],[-72.241953,44.988882],[-72.243601,44.990219],[-72.243995,44.991763],[-72.245765,44.992877],[-72.246687,44.99542],[-72.24916,44.996636],[-72.251022,44.998171],[-72.25545,45.004436],[-72.2702138621127,45.0042085581002],[-72.293367,45.004362],[-72.311948,45.003796],[-72.32923897160481,45.00479845667695],[-72.3315764394975,44.995955502729],[-72.3368293638429,44.9753910846315],[-72.34576793179,44.9410233736073],[-72.3555229269191,44.9044769119352],[-72.3634451876404,44.8750525869232],[-72.370342864156,44.8455047364546],[-72.371325589626,44.8415841286846],[-72.3668240990818,44.8417059427962],[-72.341763363004,44.8420377770834],[-72.3318341514836,44.8421981859586],[-72.3087847677807,44.8750635993089],[-72.2918147511354,44.8989230295918],[-72.2776687338336,44.9186254089497],[-72.261809790735,44.9405441982462],[-72.2432498710242,44.9306246389053]]]},"properties":{"TOWNNAME":"Newport Town"}},
{"type":"Feature","geometry":{"type":"MultiPolygon","coordinates":[[[[-72.0657822513673,44.9310012186567],[-72.0604527902502,44.9598763982611],[-72.0537027979419,44.9945221519731],[-72.05123930607269,45.00628099447341],[-72.1061912208309,45.0056511800844],[-72.1269833345014,45.0057316720337],[-72.151069,45.006024],[-72.17303,45.005849],[-72.21090379727423,45.00529579413117],[-72.208915,45.002217],[-72.204691,45.001938],[-72.200449,45.002415],[-72.199003,45.00143],[-72.198636,45.000062],[-72.200458,44.99876],[-72.198342,44.999357],[-72.197296,44.998985],[-72.19763,44.99766],[-72.198953,44.997058],[-72.198127,44.995408],[-72.196207,44.995204],[-72.197462,44.994114],[-72.195732,44.99318],[-72.191794,44.99411],[-72.190095,44.995247],[-72.183355,44.994806],[-72.1869,44.988255],[-72.18631,44.985846],[-72.186457,44.983036],[-72.187543,44.982113],[-72.186301,44.97977],[-72.187074,44.974392],[-72.190165,44.969537],[-72.19141,44.968535],[-72.192088,44.966639],[-72.194054,44.965058],[-72.19745640085281,44.96324824879686],[-72.1948321205048,44.9646165441463],[-72.1925694512995,44.9631400862345],[-72.1926778696215,44.9600448218957],[-72.1939610228777,44.9537045328341],[-72.1937433268814,44.9525077481048],[-72.1912148541475,44.9517232330559],[-72.1915667761437,44.9509584455437],[-72.1800228673715,44.9510463526833],[-72.1802217409338,44.9462006435942],[-72.1767873043485,44.9464217930124],[-72.1695785119796,44.9483868233131],[-72.1708170797097,44.9426859237599],[-72.1749810331074,44.94250644488],[-72.1770314767013,44.9378128498328],[-72.1753818174106,44.9372875043333],[-72.175010053177,44.9359473431821],[-72.1810532917689,44.9320018692212],[-72.1904532989272,44.932307864439],[-72.1919171197987,44.9331148724493],[-72.1941110893784,44.9325363915798],[-72.1955928743372,44.9266920556363],[-72.1985947429971,44.9236372870039],[-72.1977834963292,44.9234366302736],[-72.1974664200137,44.9216575435721],[-72.19806515029,44.9184056640316],[-72.1956662503032,44.9171607515687],[-72.197896788172,44.9150392708361],[-72.1947967963471,44.9134522826847],[-72.1966607218432,44.9117178730618],[-72.1926273299576,44.9090966306424],[-72.1924011483893,44.9093132516241],[-72.1840550854989,44.9046536590069],[-72.1880236252815,44.9008747222408],[-72.1832501590394,44.8989074369721],[-72.161208002684,44.8869100884418],[-72.1385904269263,44.874931063101],[-72.1295608954933,44.8698248004742],[-72.1194316611827,44.864420347292],[-72.1081459535812,44.8750818196899],[-72.0820802918432,44.9001366290542],[-72.0674043172985,44.9143703574461],[-72.0852708502913,44.923920266645],[-72.0975480381747,44.9303549326358],[-72.0657822513673,44.9310012186567]]],[[[-72.20869272037247,44.960183677998806],[-72.207504109419,44.9603136730909],[-72.20300599189751,44.96262943801908],[-72.207577,44.960353],[-72.20869272037247,44.960183677998806]]],[[[-72.211335,44.997073],[-72.21117,44.996088],[-72.208451,44.995063],[-72.209563,44.996715],[-72.211335,44.997073]]],[[[-72.21018,44.991122],[-72.210671,44.989793],[-72.208947,44.98989],[-72.20919,44.991872],[-72.21018,44.991122]]]]},"properties":{"TOWNNAME":"Derby"}},
{"type":"Feature","geometry":{"type":"Polygon","coordinates":[[[-72.1995448966312,44.8348616479591],[-72.1842385490283,44.8555053004672],[-72.1698494294396,44.875061431245],[-72.1678659009449,44.8770830296439],[-72.1645200345322,44.881689564724],[-72.161208002684,44.8869100884418],[-72.1832501590394,44.8989074369721],[-72.1880236252815,44.9008747222408],[-72.2181683951459,44.9171973894421],[-72.2260262291778,44.9213339274291],[-72.2432498710242,44.9306246389053],[-72.261809790735,44.9405441982462],[-72.2776687338336,44.9186254089497],[-72.2918147511354,44.8989230295918],[-72.3087847677807,44.8750635993089],[-72.2976328211618,44.8705961616899],[-72.2699701697258,44.860486127506],[-72.2406006427861,44.8495627204366],[-72.2203285279528,44.842247551332],[-72.1995448966312,44.8348616479591]]]},"properties":{"TOWNNAME":"Coventry"}},
{"type":"Feature","geometry":{"type":"Polygon","coordinates":[[[-72.19904572655462,44.96290873256754],[-72.19920432396263,44.96291385317103],[-72.201951,44.963244],[-72.20300599189751,44.96262943801908],[-72.207504109419,44.9603136730909],[-72.20869272037247,44.960183677998806],[-72.2129544118106,44.958916336424515],[-72.21405385428935,44.958569995401675],[-72.21517415753856,44.9582008177526],[-72.21949729878041,44.9568258809282],[-72.22051555477864,44.95644576488184],[-72.22125804320038,44.9557906202335],[-72.219701,44.954595],[-72.218634,44.950828],[-72.217131,44.949397],[-72.209848,44.94948],[-72.210604,44.951267],[-72.208598,44.95269],[-72.20795,44.953894],[-72.205715,44.953808],[-72.206448,44.952489],[-72.207613,44.952765],[-72.208311,44.951661],[-72.207665,44.949341],[-72.210835,44.948577],[-72.209768,44.946714],[-72.208067,44.946475],[-72.207446,44.944988],[-72.207214,44.942074],[-72.206326,44.940432],[-72.206829,44.938523],[-72.206424,44.937119],[-72.208474,44.937424],[-72.216192,44.936523],[-72.214426,44.936138],[-72.214439,44.934397],[-72.216362,44.932967],[-72.217922,44.936525],[-72.218398,44.938558],[-72.217182,44.941913],[-72.218977,44.941813],[-72.224036,44.942903],[-72.229895,44.943172],[-72.231454,44.944776],[-72.231003,44.947033],[-72.232254,44.948891],[-72.233816,44.949402],[-72.23391747171877,44.950509949722246],[-72.2371641544072,44.9507049980595],[-72.2412050160175,44.9517788340245],[-72.24219421338,44.9479468535178],[-72.2397511482771,44.9466500466028],[-72.2419369627358,44.9445291085445],[-72.2383826057289,44.9438637989829],[-72.2395936267239,44.9406804375992],[-72.2436689650411,44.9367108715643],[-72.2392749549227,44.9344123778677],[-72.2432498710242,44.9306246389053],[-72.2260262291778,44.9213339274291],[-72.2181683951459,44.9171973894421],[-72.1880236252815,44.9008747222408],[-72.1840550854989,44.9046536590069],[-72.1924011483893,44.9093132516241],[-72.1926273299576,44.9090966306424],[-72.1966607218432,44.9117178730618],[-72.1947967963471,44.9134522826847],[-72.197896788172,44.9150392708361],[-72.1956662503032,44.9171607515687],[-72.19806515029,44.9184056640316],[-72.1974664200137,44.9216575435721],[-72.1977834963292,44.9234366302736],[-72.1985947429971,44.9236372870039],[-72.1955928743372,44.9266920556363],[-72.1941110893784,44.9325363915798],[-72.1919171197987,44.9331148724493],[-72.1904532989272,44.932307864439],[-72.1810532917689,44.9320018692212],[-72.175010053177,44.9359473431821],[-72.1753818174106,44.9372875043333],[-72.1770314767013,44.9378128498328],[-72.1749810331074,44.94250644488],[-72.1708170797097,44.9426859237599],[-72.1695785119796,44.9483868233131],[-72.1767873043485,44.9464217930124],[-72.1802217409338,44.9462006435942],[-72.1800228673715,44.9510463526833],[-72.1915667761437,44.9509584455437],[-72.1912148541475,44.9517232330559],[-72.1937433268814,44.9525077481048],[-72.1939610228777,44.9537045328341],[-72.1926778696215,44.9600448218957],[-72.1925694512995,44.9631400862345],[-72.1948321205048,44.9646165441463],[-72.19745640085281,44.96324824879686],[-72.19904572655462,44.96290873256754]]]},"properties":{"TOWNNAME":"Newport City"}},
{"type":"Feature","geometry":{"type":"Polygon","coordinates":[[[-72.6291141674127,44.0878424959882],[-72.6260017293747,44.0933155599373],[-72.611561465845,44.1174208650555],[-72.6068668627322,44.1256728983673],[-72.6035442892933,44.1311209749367],[-72.586559258585,44.1602688288265],[-72.6102664010063,44.1664824173409],[-72.6809877611459,44.1845271710679],[-72.6836853757458,44.1852762502247],[-72.7047032506537,44.1960777858392],[-72.7332709588245,44.2106501236543],[-72.7377901943613,44.2130536776766],[-72.7403916540867,44.2106163716146],[-72.7483785582752,44.201195376491],[-72.7407751219042,44.1970591845609],[-72.7546875271717,44.1803908438066],[-72.7511466177527,44.1777366791168],[-72.7492743548404,44.1767489854262],[-72.7662828964658,44.1588384797856],[-72.7709952764445,44.1537820993229],[-72.7639057759062,44.1498243014333],[-72.7689276966235,44.1447860928756],[-72.7830659250991,44.130273170176],[-72.7704676373381,44.1267046855684],[-72.6344767704248,44.0893211510693],[-72.6291141674127,44.0878424959882]]]},"properties":{"TOWNNAME":"Northfield"}},
{"type":"Feature","geometry":{"type":"Polygon","coordinates":[[[-72.7830659250991,44.130273170176],[-72.7689276966235,44.1447860928756],[-72.7639057759062,44.1498243014333],[-72.7709952764445,44.1537820993229],[-72.7662828964658,44.1588384797856],[-72.7492743548404,44.1767489854262],[-72.7511466177527,44.1777366791168],[-72.7546875271717,44.1803908438066],[-72.7407751219042,44.1970591845609],[-72.7483785582752,44.201195376491],[-72.7403916540867,44.2106163716146],[-72.7377901943613,44.2130536776766],[-72.7805385770059,44.2352439842431],[-72.7894736707,44.2395766307278],[-72.8042989522153,44.2235489469533],[-72.808940429697,44.2182634601447],[-72.8191271444646,44.2072051007927],[-72.8312677547276,44.1937697645484],[-72.8418213411189,44.1829775492096],[-72.8475542506539,44.1768105014126],[-72.8597376769935,44.1642727467594],[-72.868713223089,44.1548373587995],[-72.8544545941668,44.1505314455517],[-72.8043714499563,44.1362123160647],[-72.7830659250991,44.130273170176]]]},"properties":{"TOWNNAME":"Waitsfield"}},
{"type":"Feature","geometry":{"type":"Polygon","coordinates":[[[-72.4347723765022,43.2332648093677],[-72.4380027732648,43.233246172273],[-72.4588539788752,43.2337682936334],[-72.4873383441494,43.2346570429503],[-72.5491533490645,43.2359055837614],[-72.5554846892913,43.2353045424112],[-72.5567433325664,43.2202407155015],[-72.5577032884139,43.1478059291573],[-72.5579859235038,43.1277650552367],[-72.5567554931967,43.1277816050281],[-72.5536075459578,43.1277123705407],[-72.5470765810984,43.1269456063223],[-72.5456853096189,43.1271481664391],[-72.5408341981452,43.1263437262215],[-72.5304485538222,43.1263943998864],[-72.5264912683939,43.1261914980616],[-72.5159324714154,43.1266817931287],[-72.5085648626965,43.1262641870434],[-72.4836582493777,43.1259453143142],[-72.4522914337583,43.125609057614],[-72.43806834441966,43.12504222061668],[-72.440162,43.126677],[-72.442298,43.129302],[-72.442542,43.131591],[-72.440696,43.133666],[-72.4410490841123,43.1367377235676],[-72.4439837243277,43.1376328752237],[-72.4472047570413,43.1369222013921],[-72.4510855774025,43.137990074055],[-72.453056,43.139411],[-72.457222,43.146498],[-72.4566205932384,43.1494085660007],[-72.45224342187079,43.152912118218666],[-72.45211161753099,43.15534826420321],[-72.4524783733152,43.1585981530772],[-72.45188775734543,43.16560828074874],[-72.452949,43.171637],[-72.451515,43.17449],[-72.44825605034059,43.176121166573395],[-72.44433281196436,43.17869881150569],[-72.4438854944588,43.1805205811969],[-72.44477302207216,43.183571538568124],[-72.447502,43.186163],[-72.449882,43.189787],[-72.4504278331102,43.1929086995616],[-72.448742485711,43.1942206465604],[-72.4456003306573,43.1956990429553],[-72.444282,43.197126],[-72.43906379229419,43.20101500426103],[-72.4387072302983,43.2036016620462],[-72.4388472713891,43.2083951183797],[-72.4407485629057,43.2135728689912],[-72.4412549406361,43.2161930085868],[-72.4406311135742,43.2202139118869],[-72.4390211568596,43.2237986647461],[-72.438361,43.224392],[-72.4348131034541,43.2300511355746],[-72.4342672968169,43.2317432762062],[-72.4347723765022,43.2332648093677]]]},"properties":{"TOWNNAME":"Rockingham"}},
{"type":"Feature","geometry":{"type":"Polygon","coordinates":[[[-72.5567554931967,43.1277816050281],[-72.5579859235038,43.1277650552367],[-72.5577032884139,43.1478059291573],[-72.5592168615791,43.1476067880236],[-72.6278725036255,43.1403393034142],[-72.6282082928843,43.1378855180234],[-72.627661646399,43.1370241087594],[-72.6251887893966,43.1372451297029],[-72.6266218116524,43.1348589698901],[-72.629493503514,43.1346260901057],[-72.629988053188,43.1310151494054],[-72.6319282666336,43.1308938609941],[-72.6331728376858,43.1292115783841],[-72.6343850391569,43.1290818180235],[-72.6347895102986,43.1268327684819],[-72.6395888326799,43.1264163545402],[-72.6419595220443,43.1065006006794],[-72.6027317292874,43.1048990224717],[-72.5961832471706,43.1045755240307],[-72.602695239465,43.0817418258989],[-72.6055251758279,43.0721626241405],[-72.5767147606362,43.0710401883788],[-72.5728569641296,43.0708893205629],[-72.5714522495618,43.0762169593915],[-72.5592920082645,43.1190446098865],[-72.5567554931967,43.1277816050281]]]},"properties":{"TOWNNAME":"Athens"}},
{"type":"Feature","geometry":{"type":"Polygon","coordinates":[[[-72.8189404611644,44.0518854009865],[-72.8486512049291,44.0604867027291],[-72.8540314407997,44.0618991983541],[-72.8969021652816,44.0736675380307],[-72.9102329135833,44.0724880565289],[-72.905201696004,44.0544106329147],[-72.9059125205139,44.0365187783482],[-72.9067019161361,44.011584917855],[-72.9077037240673,43.9718005736128],[-72.9122460450908,43.9656243996394],[-72.8614888058219,43.9507825041988],[-72.8239098911712,43.9398720750376],[-72.8163292634637,43.9378152273715],[-72.8099970254052,43.9360965084961],[-72.8035046477135,43.9456724569249],[-72.7910445278771,43.9622527338807],[-72.780715244428,43.9759897773571],[-72.7539591425916,44.012227211655],[-72.742244320539,44.0296419267322],[-72.7539779158026,44.0331323668871],[-72.8040376893436,44.0475672581983],[-72.8189404611644,44.0518854009865]]]},"properties":{"TOWNNAME":"Granville"}},
{"type":"Feature","geometry":{"type":"Polygon","coordinates":[[[-72.6828725805231,44.0128178105899],[-72.6344767704248,44.0893211510693],[-72.7704676373381,44.1267046855684],[-72.7746524380281,44.1199947018807],[-72.7982827581076,44.0836699525113],[-72.8038401988993,44.0750544509756],[-72.8189404611644,44.0518854009865],[-72.8040376893436,44.0475672581983],[-72.7539779158026,44.0331323668871],[-72.742244320539,44.0296419267322],[-72.7040941246714,44.0189561740865],[-72.6828725805231,44.0128178105899]]]},"properties":{"TOWNNAME":"Roxbury"}},
{"type":"Feature","geometry":{"type":"Polygon","coordinates":[[[-72.8189404611644,44.0518854009865],[-72.8038401988993,44.0750544509756],[-72.7982827581076,44.0836699525113],[-72.7746524380281,44.1199947018807],[-72.7704676373381,44.1267046855684],[-72.7830659250991,44.130273170176],[-72.8043714499563,44.1362123160647],[-72.8544545941668,44.1505314455517],[-72.868713223089,44.1548373587995],[-72.8716477241512,44.1557215481458],[-72.8884563015392,44.1599204592259],[-72.8918540340087,44.1609717520064],[-72.893279280611,44.1650933393518],[-72.9046500121949,44.164797850439],[-72.9340780757321,44.1628326813965],[-72.9321480945318,44.1555070013863],[-72.9254993239462,44.1195378743699],[-72.9243172654203,44.1124072190283],[-72.9217614619574,44.0947226556272],[-72.91678219841,44.0718919459079],[-72.9102329135833,44.0724880565289],[-72.8969021652816,44.0736675380307],[-72.8540314407997,44.0618991983541],[-72.8486512049291,44.0604867027291],[-72.8189404611644,44.0518854009865]]]},"properties":{"TOWNNAME":"Warren"}},
{"type":"Feature","geometry":{"type":"Polygon","coordinates":[[[-72.95974533335,43.8260857024989],[-72.9655112741067,43.844602358822],[-72.9702691014489,43.8585920851161],[-72.9728950672181,43.8667768657663],[-72.9802311248499,43.8639751299849],[-72.9801511857074,43.8829328675776],[-73.0016420348302,43.8886202441291],[-72.9923409921091,43.9032585059387],[-72.980330479668,43.9219756424022],[-73.0026232564477,43.9224616326733],[-73.037782491755,43.9228508634909],[-73.0397092037896,43.9006560841433],[-73.0400230242629,43.8935380025655],[-73.0335458771974,43.8670768167441],[-73.0299362701172,43.8467285831328],[-73.0300895474345,43.844938040967],[-73.0330838760934,43.8441980453511],[-73.0308057405658,43.8413905142562],[-73.0268455754272,43.8421481378624],[-73.0222730061055,43.8243889496897],[-73.0170907133682,43.8048683603939],[-72.9957371871008,43.8124576222537],[-72.9894357117126,43.8146197939654],[-72.967515282339,43.8232407160749],[-72.95974533335,43.8260857024989]]]},"properties":{"TOWNNAME":"Goshen"}},
{"type":"Feature","geometry":{"type":"Polygon","coordinates":[[[-73.1561734113753,43.8423242447195],[-73.1613017371326,43.8642350514755],[-73.1653734127673,43.8623410387672],[-73.1707523965487,43.8628622189367],[-73.1726936239773,43.8640917863734],[-73.1730629722356,43.8659608887341],[-73.1762806675002,43.8676122789801],[-73.1769684414938,43.8683975429896],[-73.1761146192203,43.872248473372],[-73.1757385223717,43.8762243766158],[-73.1747560509278,43.8789573031132],[-73.1738421587185,43.8824611491815],[-73.1753751191043,43.8850179305141],[-73.1785327899235,43.8879613411976],[-73.1805806740649,43.8890830309032],[-73.1856117247799,43.8900366977447],[-73.1875923317683,43.8911452543456],[-73.1887978474007,43.8947336437942],[-73.1878189403728,43.896430709823],[-73.1859361885028,43.897703788606],[-73.1836093529474,43.8984100405135],[-73.1828544099448,43.9011083634112],[-73.1806909398317,43.9040733894663],[-73.1794842574889,43.9082909370087],[-73.1985826218724,43.908976356483],[-73.2016959628325,43.9086080671203],[-73.2417252426161,43.9048237785387],[-73.2259878589767,43.8660213206862],[-73.2226722155043,43.8580158524113],[-73.2189588055134,43.837300545584],[-73.1555821076844,43.8396782635444],[-73.1561734113753,43.8423242447195]]]},"properties":{"TOWNNAME":"Whiting"}},
{"type":"Feature","geometry":{"type":"Polygon","coordinates":[[[-73.0299362701172,43.8467285831328],[-73.0335458771974,43.8670768167441],[-73.0400230242629,43.8935380025655],[-73.0397092037896,43.9006560841433],[-73.1070825556254,43.8932506524075],[-73.1516243850402,43.8839817330772],[-73.1747560509278,43.8789573031132],[-73.1757385223717,43.8762243766158],[-73.1761146192203,43.872248473372],[-73.1769684414938,43.8683975429896],[-73.1762806675002,43.8676122789801],[-73.1730629722356,43.8659608887341],[-73.1726936239773,43.8640917863734],[-73.1707523965487,43.8628622189367],[-73.1653734127673,43.8623410387672],[-73.1613017371326,43.8642350514755],[-73.1561734113753,43.8423242447195],[-73.1426570525589,43.8429638015171],[-73.1059831960123,43.8442585967509],[-73.0925653594982,43.8445606595698],[-73.0517089945208,43.8461175592513],[-73.0299362701172,43.8467285831328]]]},"properties":{"TOWNNAME":"Leicester"}},
{"type":"Feature","geometry":{"type":"Polygon","coordinates":[[[-72.8359681301175,43.7194101043463],[-72.8260771153592,43.7377586486446],[-72.844472712461,43.7654105341492],[-72.8479035442302,43.7703194262916],[-72.8627951587679,43.7909353734698],[-72.8724467776512,43.8051478759821],[-72.8743551520179,43.8383377539508],[-72.8738723091256,43.8396370621952],[-72.8744991831489,43.8580692509895],[-72.8914747949878,43.8515726096588],[-72.9008357765013,43.8482143998262],[-72.9103796163261,43.8445630599101],[-72.9272328947147,43.8387327157031],[-72.928472077605,43.8379603357775],[-72.937518353064,43.8345804028816],[-72.95974533335,43.8260857024989],[-72.967515282339,43.8232407160749],[-72.9894357117126,43.8146197939654],[-72.9957371871008,43.8124576222537],[-73.0170907133682,43.8048683603939],[-73.012870379202,43.7893051985365],[-73.0068005119197,43.7656507922095],[-73.0035174449786,43.756947778334],[-73.0028495433579,43.7569978819377],[-72.9995054359932,43.7523385321698],[-72.9991279299917,43.750108030248],[-72.9836686461412,43.7290736020204],[-72.970214028761,43.7108650652682],[-72.9619178548403,43.699741555387],[-72.9471992172149,43.6795712640603],[-72.9399592860399,43.6694834350008],[-72.9396050110602,43.6657093458119],[-72.9013579601116,43.6794321493148],[-72.8786131930601,43.6876933847224],[-72.8578151537498,43.6951456445428],[-72.8539133401706,43.7057614231147],[-72.8455682037347,43.7234102790483],[-72.8359681301175,43.7194101043463]]]},"properties":{"TOWNNAME":"Chittenden"}},
{"type":"Feature","geometry":{"type":"Polygon","coordinates":[[[-73.2319683978265,43.7488834610625],[-73.2008809009948,43.7496801980751],[-73.1789718492423,43.7503004640701],[-73.1314769504937,43.7522738579433],[-73.1463575568667,43.8062525975738],[-73.1529457951981,43.8297688097945],[-73.1555821076844,43.8396782635444],[-73.2189588055134,43.837300545584],[-73.2161635273026,43.8210670257286],[-73.2128114962254,43.8030816753248],[-73.209643448105,43.7851086180601],[-73.2063229260785,43.7667818259814],[-73.230769868091,43.7645341440344],[-73.2319683978265,43.7488834610625]]]},"properties":{"TOWNNAME":"Sudbury"}},
{"type":"Feature","geometry":{"type":"Polygon","coordinates":[[[-73.2372229522713,43.6802055252999],[-73.2083094948724,43.6795696468965],[-73.1986209980465,43.6794925523177],[-73.1425785501923,43.6773307534366],[-73.1082212739379,43.6760230827109],[-73.114254165521,43.6970433757764],[-73.118452019167,43.710536873656],[-73.1227327423932,43.7234464015555],[-73.127278871215,43.7384128151874],[-73.1309494922256,43.7500878250043],[-73.1314769504937,43.7522738579433],[-73.1789718492423,43.7503004640701],[-73.2008809009948,43.7496801980751],[-73.2319683978265,43.7488834610625],[-73.2372229522713,43.6802055252999]]]},"properties":{"TOWNNAME":"Hubbardton"}},
{"type":"Feature","geometry":{"type":"Polygon","coordinates":[[[-73.2433214202844,43.5876109917974],[-73.201457510219,43.5867720257723],[-73.197668864892,43.5865746887947],[-73.1745955597426,43.5860715894487],[-73.1711967070004,43.5858729643743],[-73.1449115452048,43.5851280508639],[-73.1200194475034,43.5848582928525],[-73.1170764140962,43.5852324505833],[-73.112782132027,43.6082039183195],[-73.110990680362,43.632326487149],[-73.0955436792363,43.6327166424328],[-73.1014202408902,43.6537609119294],[-73.1045380047097,43.6633804856282],[-73.1082212739379,43.6760230827109],[-73.1425785501923,43.6773307534366],[-73.1986209980465,43.6794925523177],[-73.2083094948724,43.6795696468965],[-73.2372229522713,43.6802055252999],[-73.2385661168234,43.6671459127223],[-73.2394372998557,43.6498834412271],[-73.241583310104,43.6138731848404],[-73.2433214202844,43.5876109917974]]]},"properties":{"TOWNNAME":"Castleton"}},
{"type":"Feature","geometry":{"type":"Polygon","coordinates":[[[-73.0349663392767,43.570758444268],[-73.0645648401489,43.5702428452374],[-73.0777359635179,43.5701981967251],[-73.0826171575215,43.5870366528454],[-73.0858721123228,43.5986311165687],[-73.0907510408443,43.6154461091913],[-73.0955436792363,43.6327166424328],[-73.110990680362,43.632326487149],[-73.112782132027,43.6082039183195],[-73.1170764140962,43.5852324505833],[-73.1164463171762,43.5836589889337],[-73.1179902247616,43.5680783294897],[-73.1201502955506,43.5435286321133],[-73.1197830025103,43.5386572506686],[-73.1040515463921,43.5381440558247],[-73.0855294177131,43.4951853525563],[-73.0507695002357,43.4941832613111],[-73.0467908920068,43.5130395472115],[-73.0387374867116,43.5520220051457],[-73.0349663392767,43.570758444268]]]},"properties":{"TOWNNAME":"Ira"}},
{"type":"Feature","geometry":{"type":"Polygon","coordinates":[[[-73.0170907133682,43.8048683603939],[-73.0222730061055,43.8243889496897],[-73.0268455754272,43.8421481378624],[-73.0308057405658,43.8413905142562],[-73.0330838760934,43.8441980453511],[-73.0300895474345,43.844938040967],[-73.0299362701172,43.8467285831328],[-73.0517089945208,43.8461175592513],[-73.0925653594982,43.8445606595698],[-73.1059831960123,43.8442585967509],[-73.1426570525589,43.8429638015171],[-73.1561734113753,43.8423242447195],[-73.1555821076844,43.8396782635444],[-73.1529457951981,43.8297688097945],[-73.1463575568667,43.8062525975738],[-73.1314769504937,43.7522738579433],[-73.0802376304968,43.7543891547385],[-73.0803057585176,43.7555797679816],[-73.0780240429575,43.7565457534872],[-73.0776482634218,43.7588668363723],[-73.0749486506763,43.7584864026653],[-73.0696769300195,43.7564030609145],[-73.0681627357732,43.7548420639449],[-73.0675493474847,43.7530972848843],[-73.06594388819,43.7523248935887],[-73.0626210481486,43.7519014393028],[-73.0605122924099,43.7507935651618],[-73.0588719047054,43.7511748531518],[-73.0583301717833,43.7531381023813],[-73.0563808212374,43.7535783772197],[-73.0564341345791,43.7552582597923],[-73.0035174449786,43.756947778334],[-73.0068005119197,43.7656507922095],[-73.012870379202,43.7893051985365],[-73.0170907133682,43.8048683603939]]]},"properties":{"TOWNNAME":"Brandon"}},
{"type":"Feature","geometry":{"type":"Polygon","coordinates":[[[-73.0035174449786,43.756947778334],[-73.0564341345791,43.7552582597923],[-73.0563808212374,43.7535783772197],[-73.0583301717833,43.7531381023813],[-73.0588719047054,43.7511748531518],[-73.0605122924099,43.7507935651618],[-73.0626210481486,43.7519014393028],[-73.06594388819,43.7523248935887],[-73.0675493474847,43.7530972848843],[-73.0681627357732,43.7548420639449],[-73.0696769300195,43.7564030609145],[-73.0749486506763,43.7584864026653],[-73.0776482634218,43.7588668363723],[-73.0780240429575,43.7565457534872],[-73.0803057585176,43.7555797679816],[-73.0802376304968,43.7543891547385],[-73.1314769504937,43.7522738579433],[-73.1309494922256,43.7500878250043],[-73.127278871215,43.7384128151874],[-73.1227327423932,43.7234464015555],[-73.118452019167,43.710536873656],[-73.114254165521,43.6970433757764],[-73.1082212739379,43.6760230827109],[-73.1045380047097,43.6633804856282],[-73.0552219028247,43.6651178551931],[-73.0554815505841,43.6685618061505],[-73.0568514055271,43.6685308391354],[-73.0578721604873,43.673527478236],[-73.0599677149663,43.6802612925531],[-73.0614119905984,43.6867330101549],[-73.0535828892193,43.6891393703221],[-73.047961418596,43.6897812051367],[-73.0477953516197,43.6922364921519],[-73.0395694776196,43.692437810697],[-73.0387096600061,43.681384496936],[-73.0375475579487,43.6801038553606],[-73.0387736651752,43.6784059475005],[-73.0391431885022,43.6764761604455],[-73.0380075095238,43.6753673116451],[-73.0340950241373,43.6760652142735],[-73.0328513280244,43.6737390203123],[-73.0318924621508,43.6731008340347],[-73.0299901834479,43.6735453051298],[-73.0301260996161,43.6748983843727],[-73.0279738031372,43.6742315811524],[-73.028607317214,43.6725041134888],[-73.0315027244993,43.6714015087126],[-73.0328122229427,43.6702721208763],[-73.0346642298769,43.6657568040503],[-73.0136154453257,43.6664198255074],[-72.9399592860399,43.6694834350008],[-72.9471992172149,43.6795712640603],[-72.9619178548403,43.699741555387],[-72.970214028761,43.7108650652682],[-72.9836686461412,43.7290736020204],[-72.9991279299917,43.750108030248],[-72.9995054359932,43.7523385321698],[-73.0028495433579,43.7569978819377],[-73.0035174449786,43.756947778334]]]},"properties":{"TOWNNAME":"Pittsford"}},
{"type":"Feature","geometry":{"type":"Polygon","coordinates":[[[-73.0328410051361,43.6107265936027],[-73.0373076746639,43.610710735681],[-73.0380010014922,43.6126694748229],[-73.0408488881071,43.6125604479594],[-73.0409916505171,43.6143214134363],[-73.043177717692,43.6142277897151],[-73.0432460881239,43.6150658012542],[-73.0474200359214,43.6146587648885],[-73.0478932331108,43.6207669714761],[-73.0435674245436,43.620867099384],[-73.0440059816986,43.627210851286],[-73.0485414640103,43.6270356241518],[-73.0486318887287,43.6301520766333],[-73.0496627375069,43.630178627417],[-73.0501707447723,43.6389482623514],[-73.0471776734612,43.6390770282431],[-73.0475839189328,43.6434152583568],[-73.0515904666718,43.64322210088],[-73.0517236486674,43.6469401271867],[-73.0494810731302,43.6470413866503],[-73.0501682678506,43.6558285858734],[-73.0510363419657,43.6597514328358],[-73.054762586249,43.6596308009965],[-73.0552219028247,43.6651178551931],[-73.1045380047097,43.6633804856282],[-73.1014202408902,43.6537609119294],[-73.0955436792363,43.6327166424328],[-73.0907510408443,43.6154461091913],[-73.0858721123228,43.5986311165687],[-73.0826171575215,43.5870366528454],[-73.0777359635179,43.5701981967251],[-73.0645648401489,43.5702428452374],[-73.0349663392767,43.570758444268],[-73.0105919320377,43.5717363710659],[-73.0108235404615,43.5739352228742],[-73.0095255975381,43.5739810589505],[-73.010748614183,43.5791377500406],[-73.0112844946881,43.5867574537769],[-73.0107001904387,43.5868012894196],[-73.0110211335288,43.5920282005988],[-73.0186287628402,43.5915838820228],[-73.0221394351059,43.5967646142116],[-73.0261249686741,43.5996790085449],[-73.0282588424867,43.6002915801502],[-73.0278051148756,43.6044160564828],[-73.0307184076534,43.6077870079288],[-73.0328410051361,43.6107265936027]]]},"properties":{"TOWNNAME":"West Rutland"}},
{"type":"Feature","geometry":{"type":"Polygon","coordinates":[[[-73.0136154453257,43.6664198255074],[-73.0346642298769,43.6657568040503],[-73.0328122229427,43.6702721208763],[-73.0315027244993,43.6714015087126],[-73.028607317214,43.6725041134888],[-73.0279738031372,43.6742315811524],[-73.0301260996161,43.6748983843727],[-73.0299901834479,43.6735453051298],[-73.0318924621508,43.6731008340347],[-73.0328513280244,43.6737390203123],[-73.0340950241373,43.6760652142735],[-73.0380075095238,43.6753673116451],[-73.0391431885022,43.6764761604455],[-73.0387736651752,43.6784059475005],[-73.0375475579487,43.6801038553606],[-73.0387096600061,43.681384496936],[-73.0395694776196,43.692437810697],[-73.0477953516197,43.6922364921519],[-73.047961418596,43.6897812051367],[-73.0535828892193,43.6891393703221],[-73.0614119905984,43.6867330101549],[-73.0599677149663,43.6802612925531],[-73.0578721604873,43.673527478236],[-73.0568514055271,43.6685308391354],[-73.0554815505841,43.6685618061505],[-73.0552219028247,43.6651178551931],[-73.054762586249,43.6596308009965],[-73.0510363419657,43.6597514328358],[-73.0501682678506,43.6558285858734],[-73.0494810731302,43.6470413866503],[-73.0517236486674,43.6469401271867],[-73.0515904666718,43.64322210088],[-73.0475839189328,43.6434152583568],[-73.0471776734612,43.6390770282431],[-73.0501707447723,43.6389482623514],[-73.0496627375069,43.630178627417],[-73.0486318887287,43.6301520766333],[-73.0485414640103,43.6270356241518],[-73.0440059816986,43.627210851286],[-73.0435674245436,43.620867099384],[-73.0478932331108,43.6207669714761],[-73.0474200359214,43.6146587648885],[-73.0432460881239,43.6150658012542],[-73.043177717692,43.6142277897151],[-73.0409916505171,43.6143214134363],[-73.0408488881071,43.6125604479594],[-73.0380010014922,43.6126694748229],[-73.0373076746639,43.610710735681],[-73.0328410051361,43.6107265936027],[-73.0244553495613,43.6108897208457],[-73.0204415340641,43.6138144760336],[-73.0201295770318,43.6145526104674],[-73.0217385808329,43.6179503181615],[-73.0230885040955,43.618569774354],[-73.0268577201491,43.6149593627948],[-73.0284472306028,43.6161934174682],[-73.0281816578927,43.6192280415691],[-73.025531701764,43.6215012649732],[-73.0261093862717,43.6227136694614],[-73.0283981255972,43.6221729692066],[-73.0289705006633,43.6201414447401],[-73.0302683564615,43.6196616794977],[-73.0303357501941,43.6212404954853],[-73.0319826730527,43.6227504742953],[-73.0317300647302,43.6255211364949],[-73.0243559705206,43.6254827753758],[-73.024430348078,43.632494431339],[-73.0234268035271,43.6324775647981],[-73.0231819631824,43.6376876866596],[-73.0150869267376,43.637748484379],[-73.0152134863719,43.642277179028],[-73.0165564383462,43.6422814378023],[-73.0166997297737,43.6467516365542],[-73.0112098377891,43.646993719554],[-73.0111644708991,43.6493850994423],[-73.0079259425823,43.6495452972091],[-73.0089531689351,43.6566308657669],[-73.0082792813128,43.6566040419651],[-73.0086404121878,43.658799297726],[-73.0188260854814,43.658917875046],[-73.0189561637426,43.6642551713704],[-73.0141160881089,43.6612068102237],[-73.0122393204158,43.6636000261397],[-73.0136154453257,43.6664198255074]]]},"properties":{"TOWNNAME":"Proctor"}},
{"type":"Feature","geometry":{"type":"Polygon","coordinates":[[[-72.9341632956461,43.5748059405706],[-72.9344493975015,43.579471813492],[-72.9363958374989,43.6162115580661],[-72.9384827777582,43.6514662654862],[-72.9396050110602,43.6657093458119],[-72.9399592860399,43.6694834350008],[-73.0136154453257,43.6664198255074],[-73.0122393204158,43.6636000261397],[-73.0141160881089,43.6612068102237],[-73.0189561637426,43.6642551713704],[-73.0188260854814,43.658917875046],[-73.0086404121878,43.658799297726],[-73.0082792813128,43.6566040419651],[-73.0089531689351,43.6566308657669],[-73.0079259425823,43.6495452972091],[-73.0111644708991,43.6493850994423],[-73.0112098377891,43.646993719554],[-73.0166997297737,43.6467516365542],[-73.0165564383462,43.6422814378023],[-73.0152134863719,43.642277179028],[-73.0150869267376,43.637748484379],[-73.0231819631824,43.6376876866596],[-73.0234268035271,43.6324775647981],[-73.024430348078,43.632494431339],[-73.0243559705206,43.6254827753758],[-73.0317300647302,43.6255211364949],[-73.0319826730527,43.6227504742953],[-73.0303357501941,43.6212404954853],[-73.0302683564615,43.6196616794977],[-73.0289705006633,43.6201414447401],[-73.0283981255972,43.6221729692066],[-73.0261093862717,43.6227136694614],[-73.025531701764,43.6215012649732],[-73.0281816578927,43.6192280415691],[-73.0284472306028,43.6161934174682],[-73.0268577201491,43.6149593627948],[-73.0230885040955,43.618569774354],[-73.0217385808329,43.6179503181615],[-73.0201295770318,43.6145526104674],[-73.0204415340641,43.6138144760336],[-73.0244553495613,43.6108897208457],[-73.0328410051361,43.6107265936027],[-73.0307184076534,43.6077870079288],[-73.0278051148756,43.6044160564828],[-73.0282588424867,43.6002915801502],[-73.0261249686741,43.5996790085449],[-73.0221394351059,43.5967646142116],[-73.0186287628402,43.5915838820228],[-73.0110211335288,43.5920282005988],[-73.0107001904387,43.5868012894196],[-73.0112844946881,43.5867574537769],[-73.010748614183,43.5791377500406],[-73.0095255975381,43.5739810589505],[-73.0108235404615,43.5739352228742],[-73.0105919320377,43.5717363710659],[-72.9996906021176,43.5720846733856],[-72.956833661985,43.5737182313422],[-72.9341632956461,43.5748059405706]],[[-72.9776841946002,43.6305441852344],[-72.9760701092475,43.6305821513001],[-72.9754730850608,43.6270461503846],[-72.9595897894102,43.627765558549],[-72.9594768780356,43.6271274052382],[-72.9626185861509,43.6262040327946],[-72.9623814261508,43.6244096008557],[-72.9573313883442,43.625460958176],[-72.9569886834651,43.6211126858702],[-72.9563929414852,43.6214344147721],[-72.9545525240589,43.6200808239835],[-72.9537569224252,43.6215704696141],[-72.9476779583458,43.6218509602811],[-72.9474183408261,43.6179681233877],[-72.9462514786813,43.6179936562105],[-72.9455754631075,43.6083703560781],[-72.9472745988418,43.6082695721131],[-72.9464031142188,43.593973510756],[-72.9690680908767,43.5902900687661],[-72.9903227960778,43.5867475226768],[-72.9920840003509,43.5874792867085],[-72.9975486298239,43.5919701973742],[-73.0007604635763,43.5949855922182],[-73.004594593498,43.5961633266328],[-73.009001347219,43.5981399996915],[-73.0112245471483,43.5997892057425],[-73.0092858630942,43.602445997145],[-73.0076478498174,43.6025514817821],[-73.004510717555,43.6010212747067],[-73.0026204678996,43.6021418352529],[-73.004239363856,43.6040778978146],[-73.0087631326624,43.6045421001699],[-73.009118952535,43.6059328556807],[-73.0109243693753,43.6056630567328],[-73.0114566870414,43.6072937880399],[-73.0097541861463,43.6069507197021],[-73.0071272421672,43.6080772464687],[-73.0085106245345,43.6098560563108],[-73.0072903987098,43.6103639939201],[-73.0064451688126,43.6083526353629],[-73.0057130593932,43.6086592944046],[-73.0068910731514,43.629732638054],[-72.9944412353976,43.6299913025634],[-72.9847839058601,43.6298702903529],[-72.9825987698959,43.6305652170421],[-72.9778627333831,43.631276104128],[-72.9776841946002,43.6305441852344]]]},"properties":{"TOWNNAME":"Rutland Town"}},
{"type":"Feature","geometry":{"type":"Polygon","coordinates":[[[-72.9341632956461,43.5748059405706],[-72.9006687103368,43.5759438030205],[-72.8511559369468,43.5775056127739],[-72.773489875626,43.579825344844],[-72.7715007864779,43.5910987280012],[-72.8017419502584,43.5991868861432],[-72.8134583972457,43.602267767438],[-72.8513665620751,43.612715261782],[-72.8707010205158,43.6182417368271],[-72.867604503617,43.6245901139755],[-72.8537309313676,43.6517586806237],[-72.8516127256587,43.6558002610724],[-72.835360781634,43.6878170338362],[-72.8260917975105,43.7062430003324],[-72.8518558624374,43.6972973106161],[-72.8578151537498,43.6951456445428],[-72.8786131930601,43.6876933847224],[-72.9013579601116,43.6794321493148],[-72.9396050110602,43.6657093458119],[-72.9384827777582,43.6514662654862],[-72.9363958374989,43.6162115580661],[-72.9344493975015,43.579471813492],[-72.9341632956461,43.5748059405706]]]},"properties":{"TOWNNAME":"Mendon"}},
{"type":"Feature","geometry":{"type":"Polygon","coordinates":[[[-72.9287696667417,43.481689154145],[-72.9288288484208,43.4876703261612],[-72.9298943470782,43.5074836734168],[-72.9319888354066,43.543484962206],[-72.9341632956461,43.5748059405706],[-72.956833661985,43.5737182313422],[-72.9996906021176,43.5720846733856],[-73.0105919320377,43.5717363710659],[-73.0349663392767,43.570758444268],[-73.0387374867116,43.5520220051457],[-73.0467908920068,43.5130395472115],[-73.0507695002357,43.4941832613111],[-73.0261742949798,43.493438772625],[-73.0053071423988,43.4926797789261],[-72.9876119226051,43.4915762553693],[-72.9871934952316,43.4960858179287],[-72.9633246164481,43.4950635804353],[-72.9633577266298,43.4933502794541],[-72.9587425824263,43.4932479483728],[-72.9592826827149,43.490266936076],[-72.9553226439933,43.4898785875505],[-72.9557532989949,43.4837711654116],[-72.9287696667417,43.481689154145]]]},"properties":{"TOWNNAME":"Clarendon"}},
{"type":"Feature","geometry":{"type":"Polygon","coordinates":[[[-72.6624684709217,43.3511368219866],[-72.6622924011109,43.3674433469759],[-72.6619569149232,43.3856457212042],[-72.6608932242501,43.3994462300796],[-72.6609759242272,43.4298526843978],[-72.6609479716837,43.4429798345074],[-72.6608036270819,43.4536104683099],[-72.7104323615682,43.4649944084346],[-72.7162753241115,43.4664763640804],[-72.7242243173708,43.4681825375372],[-72.7273682223509,43.4610708924496],[-72.7225641843035,43.4600852625897],[-72.7384041856881,43.4170448480358],[-72.7472299154275,43.4000111051723],[-72.7552226426932,43.3847258633705],[-72.762356028391,43.3714302954182],[-72.7584914379173,43.3533154283674],[-72.7511634266996,43.3503935484316],[-72.6960270185293,43.3281057933933],[-72.6814428566756,43.3224380554319],[-72.6809413739115,43.327381498363],[-72.6792177320649,43.3519828036865],[-72.6624684709217,43.3511368219866]]]},"properties":{"TOWNNAME":"Ludlow"}},
{"type":"Feature","geometry":{"type":"Polygon","coordinates":[[[-73.1359275561657,44.4750066880188],[-73.1346159528709,44.4744127287787],[-73.1321781279225,44.4748700121134],[-73.1289079642177,44.4765230891608],[-73.1243089258677,44.4766132069331],[-73.1190851325466,44.4796591619626],[-73.1159023515218,44.4809084858586],[-73.1135717982032,44.4830289729376],[-73.1117677080088,44.4829506358355],[-73.1099794640878,44.4809905787172],[-73.1072793198202,44.4791443286584],[-73.1039621503821,44.4776238194882],[-73.1026365578764,44.4762311344032],[-73.1017791271441,44.4724442681171],[-73.100881485759,44.4719296344614],[-73.0983050044242,44.4724738592824],[-73.0953727219387,44.4756449370019],[-73.0935421287123,44.4798087083479],[-73.091590308381,44.4810705699634],[-73.0919653201042,44.4838092320943],[-73.088170263946,44.4835938628476],[-73.085129535406,44.487935878712],[-73.0860157748442,44.4882426259451],[-73.084083638862,44.4910801496279],[-73.084853474248,44.4934600727411],[-73.0817874221606,44.4974679729614],[-73.0881644079167,44.4991979404919],[-73.0889472228256,44.4981432226739],[-73.0966420868611,44.5010742667459],[-73.1112150618404,44.5064184619281],[-73.1159365680045,44.5048003791698],[-73.1156261593198,44.5030513947259],[-73.1197928266148,44.5046469560954],[-73.1221276785146,44.50155924804],[-73.123570774877,44.5017500855737],[-73.1277248530102,44.5033328274194],[-73.1300128120563,44.5001262428074],[-73.1309540314694,44.5012361662609],[-73.1344679748179,44.5033772820444],[-73.1378402606126,44.5043017282263],[-73.1381542517423,44.5038624222792],[-73.1356428012976,44.50282736435],[-73.1375575133614,44.5009623601366],[-73.1372035302245,44.4997147648415],[-73.140084819214,44.4975780273156],[-73.1405909073113,44.4951195139575],[-73.1394546656239,44.4918989520563],[-73.1397241592497,44.4903175005684],[-73.1430454531397,44.487841010268],[-73.1442565493979,44.4845798935551],[-73.1448981086561,44.4806599792374],[-73.1413245023504,44.4782830948445],[-73.1369932449339,44.4782612560863],[-73.1363058334925,44.4775003133732],[-73.1359275561657,44.4750066880188]]]},"properties":{"TOWNNAME":"Essex Junction"}}
]}